reviewId,userName,Review Teks,rating,thumbsUpCount,date
0822cef1-24e8-4a69-924e-ac0c75eccb3a,Novi Nurabia,"sial ga becus nih lemot parah, harus daftar pake apk ini tp ga bisa lemot total.",1,0,2026-08-04 05:56:22
b418c357-045d-485a-bd7f-188e56000942,ribcka Imelda,mantap,5,0,2026-07-24 17:49:59
e8be91fc-75f5-4878-acb7-80caa0df6365,Fajar Ardiansyah,"udah masukin semua data ke apkikasi bagian antar kelurahan,eh malah sistem nya silahkan coba lagi nnti,tolong perbaiki lagi",2,0,2026-07-21 01:55:39
d4d7f787-cfc8-419a-ba02-ad69784bca46,Desi Desember09,apk burik. gak bisa di buka ngabisin kuota sama buang waktu!,1,0,2026-07-19 18:51:21
14a48b7c-bb30-4157-8c5d-804481044fe7,Budi Manik,"Setelah memasukkan data/photo lalu tombol kirim aplikasi langsung ngerestart kembali ke beranda. Selanjutnya dicoba lagi, tdk respon sama sekali.",1,0,2026-07-17 03:22:39
8e9c56f4-ebc3-4ce2-84c2-ffcaf37b339c,Adlislamet,sangat membantu terimakasih,5,0,2026-07-16 04:50:18
c7d80112-9065-4c18-93fb-a7db6ded3dc1,ernawati gsm,"untuk SILONDO, untuk pengisian Nama/NIK/NomorAkte sebaiknya dibuat per baris saja. dibuat kolom sempit seperti itu sangat menyusahkan untuk mengecek inputan sudah sesuai atau belum. mohon untuk segera diperbaiki",1,0,2026-07-10 08:21:37
d911b107-6791-468b-a3d5-6867f58d01eb,bendri gunawan,"agak heran sih sama apk ini setiap mau akses silondo bermula dari rumah selalu loading ending nya "" SEDANG DALAM PERBAIKAN "" tapi kalo datang ke kecamatan langsung bisa masuk ke silondo bermula",1,3,2026-07-09 12:48:41
7a34f37f-3185-477d-801b-a1922de8ae3c,Sulis tio,"aplikasi ndak berfungsi, coba lagi terus. udah gitu gak di kasih info CS nya...",1,0,2026-07-08 06:16:50
eb73dbb4-9227-425b-b182-dfb4b3c205fb,Hapid Alulahla,"kalau masih belajar bikin APK kalau belm sempurna jangan di paksa kenapa sihhh, loading nya lama sama ga bisa masukk,berulang2 tetap ga bisa2,anak baru lulus sekolah di suruh bikin APK jadi begini nih..",1,1,2026-06-27 23:56:04
3c8b410d-b030-4499-87f2-14aa63415f15,Degi Kuro,"aplikasi ga guna,,udh di download pas di buka ga bisa.. padahal sinyal bagus.. baru di buka aja ga bisa apa lg siatem di dlm nya..",1,0,2026-06-22 04:50:36
0df3457f-311b-4cb6-a5ea-10f26622ce10,muhammad kaidir,"ribet mau priksa kepuskesmas harus pake ini segala ,daerah bali jawa timur ,jawa tengah aja kagak ada pake apk kek ginian apalagi kadang ngebug mau cek antrian puskesmasnya hadehh",3,0,2026-06-20 05:33:33
1f0d504b-b3bb-4dad-89df-d4626de60421,Heryanti,"kesalahan teknis pada Silondo bermula, saya melakukan update semua data dan dokumen sudah terupload tetapi tidak berhasil terkirim keterangan ada kesalahan teknis. silahkan coba beberapa saat lagi.",1,1,2026-06-19 04:15:50
f0f0f2a9-3dcb-4961-a6a4-1266312889f6,CDX Pure Woke 'O,gak bisa semua fitunya ah. payah!,1,0,2026-06-11 03:29:31
d8c8c52c-9f55-4cd6-ad82-f5e59dc28942,Mega Anggraini Putri,Mao daftar online klik buat bsk kecamatan ga keluar si gmna si solusinya jadi saya g bisa daftar online,2,0,2026-06-07 10:20:52
5e1d92a7-d5f1-4fa8-90c8-321e7d2beba0,Senandikha,aplikasi ga jelas mau daftar online puskes gagal mulu udh 2 hari,2,0,2026-06-06 01:15:53
6fc2fadd-0d40-4892-9d74-d9c8ac9b0e1d,Ari Zon,BUAT APA APLIKASI INI KALAU TIDAK BERFUNGSI. TIDAK MERESPON... LEBIH BAIK MANUAL,1,0,2026-05-26 04:07:22
2c62319f-bb3e-4e55-ab6c-08321fa76d54,Hantu Laut,apk pea,1,0,2026-05-24 14:27:49
e84b84b2-8640-471f-ac2a-13a166bc1044,syis jirjuas,"untuk UPTD Puskesma Depok Jaya kenapa ga bs daftar online ya?? pas mau klik di kolom poli ga keluar pilihan begitu jg dg wkt pendaftara,,, tp di Puskesma yg lain keluar pilihan,,, why?????",3,0,2026-05-22 17:20:05
4134e823-981b-45df-b871-005cf2d00bf8,Salfa Azahra,susah buat daptar online puskesmas,4,0,2026-05-22 00:13:23
57f666ee-b815-40fe-ac2d-fdd25a7c3373,Anggoro Budiono,aplikasi gak bisa masuk ke google dan juga icon menu nya pada gak ada di aplikasi nya,1,1,2026-05-19 10:29:30
843ab5eb-2610-487b-92ee-5d5cc8e6c704,Zainal Alam,"aplikasi yang tidak termanage dengan baik ga bisa dipakai dan tidak akurat dalam sinkronisasi. hanha buang2 anggaran , ternyata depok belum berbenah",3,2,2026-05-11 05:46:58
87b6593c-3299-4266-a5ed-270ea2d912b4,Sutadi,TOP,5,0,2026-05-03 23:56:55
8e7c4e01-49bb-48fd-90e1-dc41f95a9879,Arfa Fuji,tiap mau login lama nya minta ampun sampe ketiduran nunggu nya masih aja loading padahal kuota aman jaringan bagus di pake apk lain lancar,1,0,2026-05-02 01:35:03
3fbff9b2-60d5-4d15-80af-5ec193f9844c,Sapto Nugroho Nur,"sudah download giliran dibuka buffering terus,untuk pendaftaran akun pun ngga bisa-bisa...",3,2,2026-04-14 00:58:05
bdd27a1e-c19a-4db6-9569-41b9fe900a45,Margo Margo,mau daftar online puskesmas,5,0,2026-04-06 23:06:19
7b49ec78-23f8-467e-a491-e6a4e887ed96,Apiss Piss,Coba Pak Sopian suri kaji ulang penggunaan aplikasi ini untuk daftar online calon pasien yg mau ke puskesmas. kenapa jadi sebuah kewajiban?? pernah ada lansia datang yg gak punya hp harus ditolak karena belum daftar antrian online. sukur bapak penjaga mau daftarkan lansia tsb. jadi kemanusiaan dan para Nakes yg disumpah profesi kalah oleh aplikasi. diharapkan seluruh warga kota depok menjadi pengawasan terpadu agar membantu pak wali dalam mengkaji kebijakan yg memudahkan masyarakat.,2,0,2026-03-23 15:31:11
66699c35-95d0-420b-a52a-6de7887b3b46,Abdull Aziss,"sulit untuk mendaftar kan akun kode otp ga masuk""padahal udh bener email-nya bahkan sampe 3 kali ganti akun email ga masuk""juga kode otp nya, tolong di perbaiki ya agar kami yang menggunakan nya merasa puas kalau kek gini sma ajh menyusahkan yang ingin berobat ke puskesmas atau ke rumah sakit, Terimakasih.",1,6,2026-03-17 22:09:29
07339b20-190d-4bae-abdd-4c2293933837,Angga Riansyah,pas pendaftaran verifikasi otp k Gmail sya gak masuk dan mau daftar antrian onlien k puskesmas tidak bisa smuanya..dri hari ini sampai lusa tidak bisa....,1,0,2026-03-15 17:00:15
1c4c2980-da19-471c-ba31-7c5ecf5304bc,Guntur Za,ga bisa unduh form F-1.06,4,0,2026-02-25 22:58:01
c58f8d0f-a427-4a93-884b-d0f603e92824,Wulan Maryanti,"daftar peroses pembuatan akte g jdi jdi pdhal udh ngirim dari 2 minggu lalu, dan katanya di proses 3 hari kerja eh ini sampe udh 2 minggu g jdi jdi, katanya nanti diinfokan trus pdhal klo kita g follow up g akan diinfokan kurangny apa dan hrus nunggu berapa lama lgii",1,2,2026-02-18 02:55:10
0af85659-8edf-4bfc-aa34-5c365dcd09d6,Novi hermansyah Herman,baik,5,0,2026-02-15 17:21:44
d43aed93-cfcb-42a0-9984-58b44da41f64,Yulia anisa Fitri,"buat apa apk di ciptainnnnnn, tp gabisa DAFTAR BUAT KE PUSKESMAS, NYUSAHIN AJAAA SIHHHHHHHHHHH",1,1,2026-02-15 15:29:06
7d7e7742-543b-4069-ba5a-01e5071d9d26,Ade Chintya,"pemdaftaran tdk bisa ... lemot ... padahal sinyal stabil ,sudah coba ajakan 3 akun kawan dgn data berbeda ,perlu di perbaiki sistem / pekerja nya ganti aja pemeliharaan gk beres",1,2,2026-02-12 07:21:48
aab1dda4-bdf3-4b38-b052-fbf881695637,Ciprut Aja,mau daftar online buat lusa kok g bisa2...malahan yg muncul riwayat online 4th lalu g bisa dirubah,1,0,2026-02-06 13:21:28
0da94663-3a80-4c63-b529-8dc2293af78b,Dark Style,kaga bisa di akses CCTV nya,2,0,2026-01-21 22:19:33
8ed76bfc-f79f-4ed6-a6cd-1081dca39600,Paguyuban Trashmouth,Tolong untuk akses CCTV lebih diperhatikan lagi perbaikkannya. Jangan tiap hari lost data terus.,1,0,2026-01-21 05:02:19
32ed8bec-d53d-4da1-a8c3-2f9511e19264,Muhammad rizky Rizky,CCTV rusak mulu gak bisa liat debit air ciliwung,1,0,2026-01-21 04:27:24
8a871567-1ed2-4587-a401-bec3344fda3b,YUYU YIYI,cctv-nya susah diakses,1,0,2026-01-21 03:37:39
3117fb8d-94ee-4003-82c0-fa585df6c24e,Halim Himawan,mati semua cctv nya,1,0,2026-01-16 11:30:58
2293b1d3-942b-4e29-a582-85bacd625d5a,Musa Indra,good,5,0,2026-01-13 02:04:23
31920e58-ba65-4d60-beb3-42e2750d93e7,Uchie Cahysdie,"CCTV tidak bisa dibuka min, tolong perbaiki...",4,0,2026-01-12 09:00:15
82b867db-dc79-4e2c-ade7-e8b018778692,luthfy Daniel,Sangat mudah digunakan,5,0,2025-12-24 06:57:49
cf78a07c-be05-4460-9d52-aaaf4acf6e9d,Acil Leri,"yang buat tolong benerin lagi aplikasi, masa otp ga masuk masuk",1,0,2025-12-23 06:22:03
c4e7ba51-3db8-496a-913f-a23ba3bc7df9,Ubay 064,baru instal. ternyata bener sesuai kebanyakan ulasan. lemot banget ni aplikasi. langsung uninstal,5,0,2025-12-23 03:19:23
e8ec933c-b565-45cc-8cf4-17ead11e3552,Bussan Tri20,optimalkan.,3,0,2025-12-22 01:07:19
09f3d515-ac70-4bdb-be7e-517e3a51cd23,Putri Wijaya,"bikin KK online tapi harus ngeprint ke RT juga minta TTD sama aja ribet, dulu cuma Dateng ke RT RW terus ke kelurahan, kalo online tuh yaudah online aja",3,0,2025-12-21 13:18:59
bf96b8d9-e0e9-41ae-af4e-72240ce4d52e,sayang hp22,gadapet kode otp,1,0,2025-12-18 13:01:24
d5759cae-5705-42da-911e-c333f32b2729,Lev Jean Adilillah,Min segera perbaiki aplikasinya. saya daftar tidak bisa menerima kode otp sama sekali,5,4,2025-12-11 10:32:27
6ff321af-f36b-4fc9-be8e-037968d6af33,Pras Tiyo,payah gak bisa di buka mau daftar aja lama bgt kerjanya!!!!!,1,0,2025-12-06 12:30:10
fb1b866b-6622-4e6f-bd4d-c10a2ce32fd7,Siti Aminah,mosok udh registrasi loding nya lama bgt gk masuk² gimana sih nh kan harusnya punya negara glaksesnya harusnya gk loding lama dong. jd kan sulit yg mau daftar harus registrasi tapi loding bgt bangetnya bnr² lemot,2,4,2025-12-06 10:09:32
ec486672-0c9b-42f1-a7f5-81912272037e,Nataya Puteri Alya,"gabisa daftar kode otp ga masuk² ke email, aneh bgt tolong dibenerin",1,5,2025-12-04 04:08:59
b5880505-de1d-481a-84ff-420b32c713cc,TITIS ANNISA SARI,hanya karna mau ke dokter gigi aja harus online tapi aplikasinya jelek banget ish ga bisa bjsa daftar,1,2,2025-12-02 01:21:50
4c0ae8d7-5e15-455f-80e9-58fff303f4c5,diyoon cahprabu,kenapa pas mau daftar tidak bisa,5,0,2025-11-24 03:38:41
cd337152-2835-4b43-9dee-a8af4088f430,Nadya Firly,"aplikasi suka crash, paling sering pas buka apk nya cm putih aja mau daftar puskesmas gabisa bisa di akses",3,2,2025-11-15 05:25:25
31bb0539-2546-486d-94f6-eaf905137b70,Heri Yuwono,mempermudah pelayanan walaupun kadang suka ngelek,5,0,2025-11-13 01:18:58
ee994ca2-33f3-4d74-85bd-47537c0869d5,Neng Nada,lemot gak bisa dipake,1,0,2025-11-11 00:34:48
979afb82-56ff-4c23-97af-754cadaa3a09,Priana Nana,"masih mentah ni apk, lemot kurang respon",3,0,2025-11-10 13:22:28
05a5691c-944d-48d8-ab19-aad5531ce32e,Agdia Rahmansyah,"Tolong di perbaiki segera untuk akses pendaftaran ke puskesmas atau yang lainnya, sudah 3 hari ini tidak bisa di akses,klo emang niatnya mempermudah masyarakat depok, segera untuk maintenance/perbaikan secara berkala",1,9,2025-11-10 06:44:48
2ae23b49-8d05-4008-9e4c-0c9a6a877d51,Rizky Al Fattah,kok cctv nya pada offline semua sih,2,0,2025-11-09 02:06:30
5613b62c-021a-4812-9bc2-efa4a301e9f0,Dewe Syahril,bad bgt ... susah daftrnya ......aplikasi gak jelas,1,0,2025-11-08 23:58:58
2a6af33b-af30-47d0-98fd-10a09342de0b,R A F A Z do it yourself,"kode otp tidak masuk², APK B U S U K",1,0,2025-10-31 23:49:54
5dc00b5b-684d-40fa-a172-daac50ce5655,Baehaqi,susah untuk diakses,5,0,2025-10-27 00:04:21
e799f9b4-78bc-4d8b-96f6-4086ec6ff2ba,Male Sari,min kok d HP aku gak bisa kebuka ya aplikasinya tolong d bantu dong min,3,1,2025-10-25 06:31:01
ebcbc0bf-0c47-43b3-aec9-2a35ad9f1150,Yoedha 19,kode otp via email sampai nya berapa tahun min? tolong lah di perbaiki yg menjadi kendala untuk masyarakat mengakses aplikasi ini,1,0,2025-10-20 03:54:17
cbe7a1f6-e0e2-4c38-b04b-ce7f4f7e422e,Dj izty Nathalia,"padahal tiap bln bayar 150rb ,tapi bjps gak jelas .bayar doank tapi ga bs di pake",1,0,2025-10-19 12:34:19
6fdf6f20-009b-4702-bd27-c547aae95379,Topan Fseiei,mau daftar aja susah amat ngirim code otp gak ke kirim kirim,1,2,2025-10-14 01:01:03
8e03ab97-6f28-4f79-b6f9-fcb884bf5381,Sri Kuwati,"Ramah, cepat dalam melayani masyarakat Good job",5,0,2025-10-09 13:33:54
cdb18fca-2df3-455e-bdd3-93a0fe34f318,Mr.Sablats 378,Apakah aplikasi inj masih berfungsi ? ga bisa daftar !,2,0,2025-10-09 05:27:13
04ba4bbc-4022-4726-b1f5-959cf0ea3019,NP13 CHANNEL,"ga guna cctv macet"" ga jalan""",1,0,2025-09-28 15:43:26
6fb3b3e3-df34-4531-91e5-3ca5afe00585,Vita Oktaviana,banyak cctv yng tdk bisa di akses,1,0,2025-09-13 21:04:30
657fc22f-deca-4305-a8a6-b819f9ebf442,Abdul Rohim,"gajelas minta kode otp email ga masuk masuk ,hapus aja mending",1,1,2025-09-10 11:08:02
5c5235c1-d3b8-4618-a61b-dfdcfd059c16,Tangz,opsi Pembayaran kenapa gaada ya? gabisa milih,1,0,2025-08-19 11:57:32
9b48dc43-f083-4f8f-8c33-36f0c46959c5,Aisyah Haw,aplikasi tidak berguna!! katanya bisa daftar lewat sini tapi pas sampai puskesmas malah gak bsa katanya krna tidak terlihat!!!! mending apus nih aplikasi mempersulit orang bgt!! tidak berguna..,1,4,2025-08-12 00:21:15
f50534b8-a280-41aa-9766-a3b9806a3c65,RellY Sanjaya,sitem digital yg cacat. ngasih no call center sama no wa dukcapil gaada yg aktif..,1,0,2025-08-04 06:39:48
01730875-0291-40e2-83e6-b706e49208e4,Test 1,"depok bobrok. sering eror, sering perbaikan, sering gak bisa di buka silondo nya.",1,0,2025-07-30 05:43:23
72c081a6-139a-4f47-b23f-c138e5ac6320,Maryetha.,gabisa liat cctv nya selalu bug,1,0,2025-07-16 00:41:36
98e9a80c-945c-4480-9431-2f29d2694765,Aditya R,mau lapor lampu jalanan idup jam 2 malem aja susah bener,1,0,2025-07-10 11:36:29
5b8a5f3e-da17-46f2-b2e8-298fbe04b944,Toro Toro,kenapa ya aplikasinya hilang dari hp ku,4,0,2025-07-09 05:28:17
162f70c7-d0d2-4c8a-8141-fa15b397193d,Edigun Edigun,mantap,4,0,2025-07-03 01:48:32
4dbe55f1-8834-4f8a-af91-30c7a840d6e4,Archi Ismail,POLI GIGI SELALU KUOTA PENUH...PADAHAL DAFTAR DARI HARI SEBELUM NYA....APLIKASI SAMPAH....GA GUNA CUMA BUANG DUIT NEGARA DOANG,1,0,2025-06-30 01:33:59
229fd224-13bf-4190-904f-a17e748e32f8,Febby Agatha,aplikasi gila nge klik apapun gabisa,1,0,2025-06-15 22:25:09
6142f6ec-a160-4557-bcea-a029699a211a,Yunian Edwi Risnawaputra,"Min, adain fitur kyk JAKI dong yang bisa ngirim laporan langsung ke pihak berwenang. Makasiii",3,0,2025-06-15 07:39:44
73de5d36-d230-4c50-be2c-5cca5fe95e0c,Emijar Asrianti,aplikasi sangat membantu masyarakat,5,0,2025-06-12 06:49:12
4f943ab5-86dd-4fe0-bcf5-2c3be5e07b58,Hananti,"aplikasi nya bagus, sangat membantu dan memudahkan mendapatkan informasi.",5,0,2025-06-10 12:15:18
652ed980-0dd0-4224-bb0c-adf45dad8fc9,Alidan Matondang,aplikasi yg sangat membantu masyarakat Depok,5,0,2025-06-10 12:09:34
d96b8ae8-e26c-4a66-ba4c-e2b22d43a49d,Nurlela Hayati76,sangat bermanfaat untuk informasi bagi warga Depok,5,0,2025-06-05 09:20:13
4174cfdd-396a-403b-a19d-2cf6b22534d9,Rezky Nokianti,semoga bermanfaat dan memudahkan bagi pengguna nyaa,5,0,2025-06-05 07:27:20
db8d8e57-6f5d-4487-b452-4b597a1e1c5b,AFTERNOON MAKER,keren banget...,5,0,2025-06-05 05:04:07
6472ba81-1d7d-4dc5-9719-7ff60c0a04f2,Suhandi Susanto,"dsw menurut saya bagus,sebaiknya informasi mengenai kota depok disampaikan sampai kepelosok masyarakat",5,0,2025-06-05 04:13:08
aa2a7215-90fb-42a6-802a-612bef4acee1,Majid Adriansyah,alhamdulilah semenjak menginstal aplikasi DSW karya pemerintah kota Depok. sekarang jadi serba tau dan mudah dalam menjangkau pelayanan di kota depok. Terima kasih pemkot depok semoga semakin berkembang dan maju untuk DSW nya...,5,0,2025-06-04 14:51:05
116eeb4e-a0d2-4a0a-9cc0-6bb33c9fd90e,Augustian Aditya Putra,"Bagus, Sangat Membantu",5,0,2025-06-04 06:26:25
a214a18e-16ba-40d3-8b6d-5b689727ceba,Hapsari Indrawati,"aplikasi dsw sangat membantu masyarakat kota Depok,apalagi titik wifi nya sudah bisa diakses gratis lewat aplikasi dsw.. layanan dsw ramai peminatnya",5,2,2025-06-04 02:23:58
5c24cc3a-e6b8-4348-8e55-cf8794ecf234,DLHK Depok,Nice App,5,0,2025-06-04 01:24:23
2f774b05-7216-4c12-8cab-75036e7385ab,Pratama Medysempurna,Keren bermanfaaf,5,0,2025-06-03 03:34:09
0acbd863-17b6-4577-a959-dd5aed0f8248,yayah daliah,Aplikasinya bagus dan sangat bermanfaat untuk warga depok,5,1,2025-06-02 23:45:00
93033078-d998-48a3-bdfb-257cdba92121,Janet Swastika,memudahkan mengurus dokumen kependudukan dsb,5,0,2025-06-02 10:01:09
43d0912a-57d7-4203-b72a-0a5f24a6d4cf,FARHAN ACHMAD FAHREZI,aplikasi yang sangat membantu,5,0,2025-06-02 08:03:23
040579a3-7912-4717-aa61-441604039ba9,Kasmiyati Kasmiyati,keren,5,0,2025-06-02 07:39:48
7cd3d08c-a616-4fa0-b751-470d480a9489,Miskem Solikhah,aplikasinya bagus. sangat bermanfaat dan membantu mempermudah mendapatkan pelayanan,5,0,2025-05-29 08:36:21
6e281885-c23b-4091-89fd-3a19ba176561,Masitoh Biji,cuma mau tanya ko sy ga bisa daftar online puskesmas pdhl udah di update,2,0,2025-05-29 03:53:29
1e9d7d38-a14c-4cc2-b1cb-fbfbe3812458,Tri Jun,"melalui dsw, mendapatkan sejumlah informasi penting terkait kegiatan pemkot depok",5,0,2025-05-28 13:53:34
6c7e299b-1e38-49f3-ab00-6df57a804a90,Ani Sumirat,Semakin Lengkap 👍,5,0,2025-05-28 08:01:18
11c2c717-8e43-4526-86f7-d13cd89b78c9,Qodariah Ria,aplikasi sangat membantu mendapatkan info tentang kota Depok,5,0,2025-05-28 07:49:02
f7efcba3-7398-4768-a2a2-f6e8b32308b8,Dwi Indrayati,layanan semakin banyak sehingga memudahkan,5,0,2025-05-28 07:31:04
279e3554-899f-4a8e-b238-593345029366,jarot wiyono,aplikasi baik,5,0,2025-05-28 03:32:59
2f535a15-626e-461e-8cf6-155eef86993b,mas freed,mudah dijangkau,5,0,2025-05-28 03:00:51
44e0e743-08ef-421a-be25-61b7fcba1397,Tachori Sanuri muktar Tachori,semoga bisa bermanfaat untuk berbagi informasi.,5,0,2025-05-28 01:49:19
fb8adcbf-34fa-4186-8f9e-4b65306b5854,Ratih Cahyandari,aplikasi yg sangat bermanfaat untuk warga kota Depok,5,0,2025-05-28 01:42:16
9dc8226b-8bca-45c7-80e8-c0183848859e,Budi m Depok,"informative dan mudah diakses bila ingin mengetahui berbagai informasi dan layanan di Pemerintah Kota Depok. Depok bahagia , Depok MAJU.",5,0,2025-05-28 00:56:26
0c883339-9cf1-4d0a-9626-a1b0f4ccdb43,winda tiara,Bermanfaat untuk melayani masyarakat,5,0,2025-05-27 14:57:14
71ced763-2a9d-4240-bf49-bfddfd1bfb80,Iday hidayati,Mempermudah Masyarakat untuk Mengakses Layanan,5,0,2025-05-27 14:24:04
8b50c4b6-6705-43f1-9754-b1d992547790,Khairani Nugrah,"aplikasinya bagus banget, mempermudah warga depok",5,0,2025-05-27 13:58:22
64bc0908-d5b2-49ac-883b-bf22374419e6,Tama Oktavianus,"mantap aplikasi pemkot depok ,satu aplikasi mencakup semua layanan , depok maju berbudaya sejahtera",5,0,2025-05-27 13:20:46
baf855be-f812-46a1-9043-0113958fa5af,AyashAgha orangBetawi,aplikasi sangat bermanfaat...kereennn..banyak informasi informasi terbaru terutama tentang kesehatan,5,1,2025-05-27 12:49:15
e3826fda-3f8b-4ceb-af5b-8eeb82ede331,Nurdyah Anggar Hartati,"easy to use lah, memberi kemudahan seperti untuk update informasi terkini Kota Depok",5,0,2025-05-27 12:14:31
5894540e-af69-496b-a3ca-c65a3275b8fd,intan tri arini,keren aplikasi layanan terintegrasi,5,1,2025-05-27 10:47:58
abae0237-78af-4950-94ff-dcee70725e7e,Sofian,aplikasi mudah di gunakan,5,0,2025-05-27 10:39:41
54fcce42-1553-4727-b58e-340012e855bd,Aulia Noer Octa H. P,"mantapp, memudahkan untuk daftar berobat di puskesmas👍",5,0,2025-05-27 08:57:30
d508423d-4b01-43d7-9380-43531b5c45d5,Ahkamil Ahmad,aplikasi mempermudah akses warga depok dengan layanan satu pintu,5,0,2025-05-27 08:45:53
9fa5a8cb-fbce-4d8a-85e1-45867ee8e4e1,Lina Damayanti,Depok semakin maju,5,0,2025-05-27 08:29:22
deb75fac-a1f5-4549-8fbd-0c7c672efb40,Nancy Olivia,membantu sekali unt liat harga bawang,5,0,2025-05-27 08:28:19
b1a15f9a-ac8a-405d-9abd-61172ae93255,Indah Herlawati,aplikasi sangat membantu,5,0,2025-05-27 08:16:07
f4827395-12de-4a56-bb50-2128ffbbf9cb,Indah Resiana,Aplikasi nya bagus dan memudahkan mendapatkan informasi.,5,2,2025-05-27 07:37:14
945b5331-4021-4df8-960a-f849ac2f541b,Aisyah Nur Hasanah,"Aplikasi yang bermanfaat bagi warga Depok, terimakasih",5,0,2025-05-27 06:57:45
c468fe65-3acf-40cd-a361-24d4430920fc,Biah Bunda na arya,luar biasa membantu,5,0,2025-05-27 06:55:57
d1d33f13-0ca0-4b2c-8d47-79bc12933a12,wiwi,aplikasi yg sangat bermanfaat,5,0,2025-05-27 06:41:14
77dcee7e-69c9-48c3-84cf-0574dd5cf97d,pemuda akhir zaman,sangat membantu pelayanan masyarakat,5,0,2025-05-27 06:37:25
31bd6bdd-ea79-4a90-b991-98b3087c27ac,dian susiyanti,membantu sekali untuk pendaftaran pasien umum berobat ke puskesmas,5,0,2025-05-27 06:31:07
27e899c4-faaa-439d-8fec-e6933338a6dd,Tunjung Nirmala,satu aplikasi untuk semua keperluan,5,0,2025-05-27 06:22:34
f58c5af8-69f9-4461-9684-52873467efe1,Belina Ayani,"memudahkan untuk nomor antrian,,perujukan dan tau jam pelayanan puskesmas,rumah sakit dan dokter yg praktek",5,0,2025-05-27 06:22:31
a7cda8ff-102f-46fb-86dd-e7d6de2857ba,Apriyana Rizki,"Fitur fiturnya mantap seperti cctv online jadi bisa melihat update lalu lintas setempat, daftar online puskesmas mudah dan gampang pokonya tingkatin terus dan lebih baik lg",5,0,2025-05-27 06:14:20
9c5844ad-ab60-43c3-ab79-568329a1a057,Ummi Aisyah,Aplikasi yg memudahkan untuk pendaftaran di puskesmas secara on-line,5,0,2025-05-27 05:56:02
6d390f72-88ed-4c67-bb07-bdd4d7ad23df,Oppie Onez,sangat membantu dalam mengakses pelayanan,5,0,2025-05-27 05:48:33
0bc9e06a-76c6-4688-99d6-52619df58eef,Widi Qori,optimalkan,5,0,2025-05-27 05:43:44
980c0118-98df-44bb-abbf-92465ded6f97,Lenovo Id,KEREN TERUSKAN DAN OPTIMALKAN,5,0,2025-05-27 05:40:57
aeb207d5-07a5-48be-be40-043c9e339f3e,erni kurnia,bisa cek harga komoditas terupdate,5,0,2025-05-27 05:29:57
b422f5c7-cf7d-469e-9858-76cf19a2f2fd,Soraya Evasari Maulana,Depok Single Windows Keren 👍,5,0,2025-05-27 05:23:40
b8efa3a2-0c2e-4975-8032-c018ed931f21,Hani Rosiana,"Aplikasi yang memudahkan warga depok, informasi bahkan daftar berobat ke puskesmas ada.. Tingkatkan lagi ya biar tambah keren DSW👍",5,0,2025-05-26 17:11:49
490fb70a-8fcf-4d24-b4fc-390247129d60,Denny Martin,"sangat bermanfaat, terutama khusus warga kota depok. wajib punya dan donlot.",5,1,2025-05-26 05:24:33
1ac99789-e70a-4644-8609-61fc93a7915d,berlian tambunan,Aplikasi yang membantu,5,0,2025-05-22 12:46:09
2525e3ee-8fd5-4d05-9f51-c4bc18ea4eee,Ria Rosmadina Sari,semakin Maju Kota Depokku,5,0,2025-05-22 00:34:33
d8605682-5833-4e33-9fa4-358337f4c38a,Wildatu salisa,good,5,0,2025-05-21 09:49:51
3439b2bf-cf25-4e24-8670-917ca297646b,EMIL FAUZI,keren banget lengkap,5,0,2025-05-20 08:35:14
a7505d90-05e1-4752-8e22-34f111cf43d0,zulfa yuliza,DSW sangat membantu utk informasi kesehatan,5,0,2025-05-20 05:11:09
538d11a9-48a9-41f3-b2c5-131688b0ed32,Masrina MRP,Sangat membantu dalam menjangkau pelayanan publik,5,0,2025-05-20 05:07:53
c8a19628-2452-41d6-b46c-f876a4c35062,R I R I,"Kenapa untuk daftar online puskesmas susah ya? dan gak ada bacaan BPJS nya malah harus bayar? hmmm, sepertinya makin syuuuulitttt",1,1,2025-05-20 03:14:43
a7a3fa11-bb2e-4fd1-afba-e96aab387b88,Tazkiatun Nisa,bagus dan sangat bermanfaat untuk warga Depok,5,0,2025-05-19 04:18:27
7f5689fe-ceea-42c1-9090-6bd9eb34d5ad,Mamad Suramad,gimana sih mau bikin kia aja d persulit .. udh tinggal ngisi alamat pengiriman padahal malah gak bisa bisa .. kesel,1,0,2025-05-17 12:53:54
17929202-de98-4746-a67e-fcd3575e8568,Hidayat nuh ghazali,sangat bermanfaat... mudah pemakaiannya,5,0,2025-05-16 13:07:29
d703c6d8-688f-437c-994e-cf597a02d3e2,miftah fatmasari,bagus banget aplikasi ini membantu kami,5,0,2025-05-16 12:31:55
077873af-a888-4714-9bdd-cb06672164b0,Indah Listilia,sangat bermanfaat berbagai layanan dalam 1 aplikasi,5,0,2025-05-16 08:52:03
bac921f2-1bde-415f-99c6-b2f764c7e0c4,Heti Diyara,aplikasi sangat membantu dan mudah digunakan,5,0,2025-05-15 04:02:20
5ea00dbc-518f-4d3c-b133-b1c0bab8ef85,Fachri Firmansyah,banyak cctv pada mati tolong diperbaikin lagi aplikasinya...,1,0,2025-05-15 03:51:45
a920b9b9-ddbe-4c04-b77d-05c677b052eb,Ahmad Septian,good aplikasi,5,0,2025-05-15 01:02:09
4128dda0-f44a-487b-bf51-ee3fc47ebcb7,Vivit Nvurwahyuningsih,Memudahkan masyarakat kota depok dalam mengakses layanan publik,5,0,2025-05-14 16:36:53
80369542-93fd-43b4-9e80-738136c03028,erika mariyanti,Keren Banget,5,1,2025-05-14 14:12:48
bfaca15d-49fd-403c-862d-d946303b78f9,Tulus Tampubolon,Aplikasinya Sangat Tepat Dan Cepat,5,0,2025-05-14 09:23:14
3740166c-fddf-4bf0-9fd8-1f7afa8cf72b,Agus Harto Sasongko,media informasi bagi seluruh warga Kota Depok,5,0,2025-05-14 09:08:34
537dbf68-54dd-4d47-9aeb-be0c1667f4fb,AGNES SITANGGANG,"aplikasi yang bagus, sangat berguna sebagai informasi untuk seluruh warga depok.",5,0,2025-05-14 08:47:05
505345d9-469f-4274-9999-c2fb344d42a7,dian Triawan,baik,5,0,2025-05-14 08:41:42
dc52a462-a3b5-4baf-aebb-a7d77025a445,Muhammad Azizy,sukses terus dan semakin bertambah layanan DSW nya,5,0,2025-05-14 08:33:55
d194b107-a819-48e1-a488-6fcea20e5bcc,Sebastiana Andrade,Kren dh Depok😀,5,0,2025-05-14 08:30:56
055301f2-eb90-4bc0-ad97-9142c9410554,wasis dwianto,sangat bermanfaat,5,0,2025-05-14 06:48:54
77d0dbb3-955f-4063-8df8-40347d27a8b5,fajar Haqiqi,sangat mempermudah,5,0,2025-05-14 06:12:31
f663bd95-dd8c-443b-98d9-73de5183b92c,deni wahyudi Bdeniw,memudahkan dalam pengurus pendaftaran puskesmas,5,0,2025-05-14 05:34:11
edeab3cd-33cf-4e93-b18d-0146bb0c1d2e,Akhmad Mundzirul Awwal,"sangat mendukung pelayanan yg dibutuhkan warga Depok, tingkatkan lagi kualitas pelayanannya yaa",5,0,2025-05-14 05:31:48
be0e31b3-8cb0-4a87-9a44-f1df384bc3c1,Rizky Alta,Sangat bermanfaat & informatif,5,0,2025-05-14 05:24:19
ab891ec9-b4d6-48de-8330-d7f7cffa98bc,srisukapriyati mayza,aplikasi sangat membantu,5,0,2025-05-14 04:34:24
4c6c752d-9255-402a-b3e1-127b9058b705,nurul jannah,Mantep bangettttttt bintang 10,5,0,2025-05-14 04:11:35
5b7a1477-a440-40a3-8878-888eed631ab9,denhas ary,aplikasi ini sudah memiliki banyak layanan untuk masyarakat sehingga mempermudah mendapatkan layanan tersebut.. semoga kedepannya dapat berkembang semakin baik..,5,0,2025-05-14 03:51:51
fd2b1433-fdcf-4943-8dff-7bbc6cea5a0c,yuanita wardani,aplikasi yg sangat mudah digunakan di era digital,5,1,2025-05-14 03:47:14
8068ddea-0623-4dba-9285-215f5bd12469,Andoyo Kristanto,Aplikasi DSW sangat membantu informasi Warga Depok,5,0,2025-05-14 03:30:40
57ec99a7-b489-494f-9d77-5b6ae01924ac,Santi Fauziah,"fitur cctv oke banget, sebelum beranfkat kerja bisa pantau lalu linta dahulu.",5,3,2025-05-14 03:02:29
574b3cba-af8a-4ed0-9ff9-07b1ff134c1b,dian fitriyani,sdh keren banged kota Depok ada DSW...,5,0,2025-05-14 02:58:06
ea94477b-4f70-4ea6-86dc-403f4c23c532,veni apriani,Aplikasi sangat membantu,5,0,2025-05-14 02:52:27
66815f6d-5119-4469-9ea4-cf6f92f1eb70,Muhammad Toni,update berita dan pembangunan kota Depok,5,0,2025-05-14 02:03:10
2aacebca-3078-4423-a3c6-ccadd40ad796,Atmi Yanti,skrg susah buat daftar online di puskesmas,1,0,2025-05-13 12:33:02
b9d58f34-4d7c-4c57-b819-a2d3404c7033,Ranni istia,sangat membantu,4,0,2025-05-08 06:40:42
6eb4f212-5f0f-419a-8586-97b4282991bf,Bety Puji Lestari,sangat membantu pendaftaran online,4,0,2025-05-08 04:21:48
14a135a3-bd91-41a8-930b-cf39d8c47ee5,Aji Nugraha,"kenapa harus online kalau memang harus datang ke dukcapil atau kecamatan jg untuk cetak ulang ktp rusak,,",1,1,2025-05-07 15:22:31
b31334be-aeaf-40a7-a9f6-0f323a502173,Rika Natalia,sangat bermanfaat,5,0,2025-05-07 03:16:51
a2f35b53-ea21-416c-9f23-ed81fed5ddd3,oke yudha,aplikasi bagus memudahkan dalam pelayanan masyarakat,5,0,2025-05-06 03:58:00
811416cc-fe6c-4738-9046-24b0887e9d48,Agustina Ika Damayanti,aplikasinya sangat membantu,5,0,2025-05-06 03:41:58
8f0a01ed-a06c-4154-adde-170957924630,Ratih Rahmadhanny,"aplikasinya mudah, banyak fitur untuk membantu warga depok",5,0,2025-05-06 03:27:05
f42aee5b-5c91-4a64-85f4-c8a21c66dc33,Defirna,aplikasi bagus dan membantu warga mendapat informasi,5,0,2025-05-06 02:37:45
fffa1d8a-a259-4b2a-8e65-6cefeb826334,iin Mutmainah,good job,5,0,2025-05-06 02:28:35
bf070887-1291-47f7-a9c7-1f16d736af44,Anwar Hadi,good,5,0,2025-05-06 01:07:11
9da1540f-8b89-421a-8da5-97c6f68db36e,kismantoro kiss,good,5,0,2025-05-06 00:54:21
3372753c-0293-47d4-a6f0-b179cbb70936,Ahmad Soma,Good,5,0,2025-05-06 00:34:50
8afbb7a7-0ec8-4c4c-b130-2f13d2183468,When,good,5,0,2025-05-05 07:50:08
85274b1f-977c-461d-879d-3a63dc623c1b,sriyanto,informasi Kota Depok semakin dekat dengan masyarakat bahkan telah berada di genggaman Kita Depok semakin Maju dan 🔥🔥🔥,5,0,2025-05-05 07:36:19
9bd3ebe7-2fea-4672-af81-482489fae003,Amin,👍👍👍,5,0,2025-05-05 04:31:55
8049cfc9-baac-4050-86fb-63796fb972a9,rita,memudahkan untuk daftar ke puskesmas secara online,5,0,2025-05-05 03:16:46
5100af79-7481-454a-832c-56310afff96f,MUHAMMAD DIANSYAH,aplikasi yang berguna untuk masyarakat Kota Depok semua layanan....top bangett,5,0,2025-05-02 08:42:59
11ca4f2b-4b9f-4b0a-8b7f-83c4f02d837b,Muhammad Yamin,mantap,5,0,2025-04-29 10:05:39
399dff4b-35ed-4adc-b1bf-0551c54c6d49,J. M,"woy satt gua mau daftar poli gigi gak bisa² gmn ini ? katanya daftar harus lewat aplikasi, giliran lewat aplikasi gak bisa². gblk bgt pemeliharaan aplikasinya",1,0,2025-04-29 01:29:16
4e5f2e6c-b23e-49e9-8610-e9b76c9377ac,dinn lovely,"daftar online loadingnya lama,sampai berjam jam",1,0,2025-04-21 14:03:02
68faf100-87e5-47ca-b540-68f6ccc15640,rayray 28,sangat membantu,5,0,2025-04-20 09:24:39
78ead793-7b94-4702-9e1e-059a2040fd60,Heri Aprilianto R,"payah , mau ke poli gigi katanya harus pake aplikasi . daftarnya aja susah bener , gagal trus , datanya hilang terus , harus daftar ulang berkali-kali . saya bukan orang gaptek padahal , tapi jujur Emang susah . udah gitu katanya kalo make kis harus daftar di sini , tapi pilihan yang tersedia waktu bayarnya nggak ada kisnya , harus bayar . Aneh",1,9,2025-04-20 01:45:39
df5c5a71-c4f8-4dd2-b305-f89637c5032f,Wahidin,aplikasi tidak bisa membantu masyarakat untuk daftar online ke puskesmas terutapa poli gigi dan mulut,1,0,2025-04-15 03:30:33
64488c2a-d59d-45be-aab8-8514f6e105cd,Yohanes Noya,sangat berguna bagi kami warga Depok,5,1,2025-03-30 14:45:32
63565409-903f-483a-92e0-fed84f1bf0bb,Sapta Putra Tanjung,"Dasboard Tampilan awal masih foto walikota yang lama, fitur dan menu sudah banyak yang tidak bisa diakses, sepertinya aplikasi ini tidak digunakan oleh pemerintah berikutnya. jadi barang mubazir, bakalan ada bikin aplikasi baru lagi, Dana lagi ..ya dana, ya dana..",1,0,2025-03-28 21:49:18
a936e2f4-13a5-42e4-926a-281f681f646c,Moh Baswan de Gorie,"apknya ga bisa dibuka, stuck di logo DSW",2,0,2025-03-28 02:05:59
3df2c803-c4a5-4eae-89f3-081fa8929cb0,andri ajah,"depok apa sih yang bener nya? katanya kota IT... aplikasi aja gak jelas, disuruh link ke website, eeeh gak jelas juga... wkwkwkwk... dasar IT depok jongkok.",1,0,2025-03-26 20:46:00
6b070ad6-c90e-4cc0-9860-9da8f7ce340a,Emak Sampora,Ok,5,1,2025-03-07 05:02:45
17da636c-9c11-44d5-9792-5cf2dd47fc3e,anggyarani ekasiwi,"Daftar KIA via online, data sdh lengkap dan dokumen sdh diupload tetapi selalu terganjal batas pengiriman perbulan. Klo sdh buat sistem online kenapa mesti dibatasi!!! Kan yg bekerja mengolah data sistem bukan manusia!!!",1,7,2025-03-07 01:52:19
f6a58850-9502-47e2-b1bc-5cf41f27a927,Yayan Sugiyanto,Mantab DSW jadi mudah mencari data kota depok,5,1,2025-02-25 11:39:39
3a9cb2ba-a70b-4aa7-bb2b-583457a529c4,Asti Fajar,Mantaaaappp...,5,1,2025-02-25 11:38:13
ccfedc98-35cd-4ff4-a4f2-6a9e8333a978,Muhammad haikal,Aplikasi nya sangat berguna untuk warga depok melihat sekitar depok dengan layanan cctv di dalam aplikasi,5,1,2025-02-25 07:13:36
1beb60fe-7ac2-42ab-8945-60f50ff923d6,Fathir Gilang ramadhan,aplikasi bagus bgtttt keren layanan untuk cek harga pasar,5,3,2025-02-25 07:13:17
58726eb3-08c9-4916-b86f-46b340b2a69a,Fakhri Kurniawan,aplikasi nya berguna banget untuk para warga Depok dan sekitarnya,5,1,2025-02-25 07:13:12
137253d3-bfc6-4d0b-b95a-b8a4e918621a,Alya Alya syifa lubis,Daftar onlinenya makin dipersulit dan suka ngelek padahal HP stabil!,1,0,2025-02-22 16:36:36
9e04ea62-1e29-4b87-aa64-88b17cf86c16,sami'an,"Suruh upload surat pernyataan perubahan dokumen,, jelas2 diawal daftar utk perubahan,, bikin bingung",1,1,2025-02-18 16:16:08
fcbb6782-52bd-4b47-a1af-6b86c15d5d07,M.Zainal Abidin,Susah masuk daftar puskesmas Nya. Makin ribet aja sih . Katanya penuh. Terus kapan kosong Nya. Dari pagi gelap jam 1 daftar gak pernah ada kosong Nya. Tiap hari makin ribet aja',1,1,2025-02-17 07:48:13
b3294198-b4d2-4a65-bb3b-ed743b02d231,Abdul basith,Kocak di update bukannya bagusin malah error di wifi nya aneh² mending gausah,1,0,2025-02-07 09:31:26
95d1e091-9fa6-4a9f-a86b-a3fbe468653d,RINALDI CIMANGGIS,Untuk link wifi nya tidak bisa terhubung (setelah update aplikasi),3,11,2025-01-28 14:57:04
2df5ce66-8d8d-4cfb-a914-cdfb001d96fe,Nugroho Dianto Ismail,"Tidak bisa connect ke wifi di aplikasi, selalu blank (layar putih). Mohon segera diperbaiki, SANGAT MENGANGGU. Aneh, di versi sebelumnya biasa² saja, di versi ini malah error seperti itu.",1,1,2025-01-27 07:19:22
28b958c4-2512-49f4-b518-cdbc21348f0c,dana jaya (Bang Dana),Gak bisa daftar puskesmas,1,0,2025-01-25 08:23:37
983621bb-ed3c-4b71-9dd1-0c5fb58490b4,Putra Kotto,Stelah di update mlah ga bsa di pke wifinya,2,5,2025-01-21 23:39:38
11f505e9-a57e-4aa3-b0f8-3952c7fc9799,Aan Yanuar,"Secara umum bagus ,info tentang Depok disatu jendela, , tp saya waktu daftar online puskesmas sulit masuk di verifikasi BPJS kesehatan nya",4,0,2025-01-18 01:26:57
6f5e71f2-e7f2-42c8-a257-06fe421b18c7,Jaenudin Adam,"udh update malah gak jelas, saya udh terhubung ke wifi pas mau sambungkan lewat apk, malah gak bisa, pertama ku pikir karena belum login, aku login lah, ternyata pas udh login tetap ajh gak bisa. setressss",1,1,2025-01-17 12:16:05
2d8cf272-504b-44a8-917a-8bb42c60a4a4,Naufal Kholis,setelah update untuk link wifi tidak bisa terhubung,1,3,2025-01-16 23:19:46
0a26025f-22e4-4848-abdd-c1d498a757de,double A kk dd,"di update malah susah ya mau daftar puskesmas, aneh masa d NIK gagal terus padahal udh bener NIK nya, mending g ush d update. jadi ribet",1,10,2025-01-14 01:22:21
7b784c03-996a-4536-8465-269688f8211a,Amsyar Dumi Harraz,ini gimana cara konek Wifi-nya semenjak update gw jadi gabisa sisanya sih bagus² aja,4,0,2025-01-12 06:15:36
8eae8a98-7a0f-47a0-b1bf-a92859cecbfc,Hit Accesories,mau daftar pasien umum baru aja nauzubillah g bisa bisa ... ini sistemnya gmn si... udh bener daftar langsung ditempat pake dipersulit online2 segala... giliran online g bisa2 ...,1,0,2025-01-04 02:30:23
2d47094e-735a-4ee8-9f2c-3e74b8ddd11f,Fitri Nurasia,Parahhhhhhhh. Percuma ada aplikasi,1,0,2025-01-01 00:28:16
c8c4e6d1-f7be-4f6f-932d-f7923e392486,Sinalsali Karina,"user friendly, tapi mau submit antrian puskesmas gak bisa² terus. capek deh",1,0,2024-12-28 18:44:06
24ccc90f-b056-441b-845c-77c45859facc,Lone Ranger,"Ini aplikasi buat apaan ? Mau daftar berobat, cek lokasi puskesmas,cek dokter Dipencet yg keluar malah info cuaca",1,1,2024-12-25 22:43:42
7b88dce8-a60b-4921-9e1a-9c4c5325d0ec,Ade Mulyana,Ok,5,0,2024-12-24 13:34:29
8d05a1c5-5b08-43f3-827f-e1f6b27ae899,adeyasa aulia akbar,"Klo ga bisa bikin aplikasi ga usah maksain bikin lah pen daftar puskesmas aja loadingnya lama, percuma buat aplikasi kalo ga bisa buat apa apa cacat, tampilan doang keren buat daftar puskesmas aja kaga bisa",1,0,2024-12-23 08:59:40
a8b748af-2c53-4199-b701-5f807a71c117,Hendri Wijaya,Cctv ny ga aktif,1,0,2024-12-21 04:50:34
f14f21d7-2021-4e89-ba6b-5422874dbacb,Rohdewi Kurnia Sari sinaga,Mau daftar antrian puskesmas susaaahhh,1,0,2024-12-06 23:25:41
a5c4423b-7ee0-4b87-abe1-6f0b8f2965f7,Farelio Junioza,aplikasi ini sangat membantu saya,5,0,2024-12-05 03:35:35
e6c350e7-7c94-4642-9d54-da8b9e81ed17,Rafieal Cipta M.,"aplikasinya bagus, tampilannya unik, dan aplikasinya mudah digunakan",5,0,2024-12-05 03:30:12
00151a54-90fb-4d6e-a7ef-9dff2d95984d,Ikhsan Fadillah,apk ini sangat membantu dalam penggunaan jasa kesehatan dan juga respon yang begitu cepat,5,0,2024-12-04 05:57:23
9d504bd3-312f-496c-8d02-c863770caf1c,khansa cantik,aplikasinya membantu,5,0,2024-12-04 05:47:48
149ec2d8-81a9-4cb0-96b0-1af26e9b1421,Ana Sagitarius,"Aplikasi lengkap banget sih Kita bisa tahu menganai pendidikan, kesehatan, pajak dan bagi2 ibu2 bisa mengetahui hrga barang sebelum belanja. Membantu bngt pokoknya",5,1,2024-12-04 02:54:28
562b540d-3480-4742-b7da-0b34cddfe047,Wiwin Puji Astuti,"Aplikasi yg sangat membantu dan bermanfaat, mudah digunakan...",5,0,2024-12-04 02:54:00
ab7e1e8e-1a3f-4c64-9510-5294e005cd35,Rina Naera,"Satu aplikasi bisa untuk berbagai layanan lengkap banget dari kesehatan,kependudukan, bahkan pendidikan.",5,0,2024-12-03 07:54:39
beb7d4ea-4134-48fb-a4a2-7b143e078a8a,Maysha Shifari,"Keren banget ni apk, semua tentang Depok ada, wajib d ikuti untuk kota2 di Indonesia",5,0,2024-12-03 07:29:02
c93b491c-54a4-4105-8dfd-a5aa5cff2006,Safinatu rrahmah,Aplikasi yang menarik dan mudah digunakan 👍,5,0,2024-12-03 07:06:51
a91aff1a-05ce-484f-b68e-a2b487e256a9,Yuzuquinz 7980,"Sangat membantu banget aplikasi ini dan juga lengkap sekali fiturnya dengan sistem keamanan yang ketat untuk memperjaga identitas kita, good",5,0,2024-12-03 07:04:35
efa82141-5f4e-4660-b52f-29abf1e1c748,sheilla ristianti,"Ini aplikasi yang rekomendasi banget gays buruan daftar. Gampang bgt kegunaannya., gak ribet dan gak bikin lemot. Syukaa deh",5,0,2024-12-03 07:02:48
43207975-9e15-4f0e-aa81-a8320bad12f6,Polo Star,Aplikasi memudahkan layanan Informasi yang dapat diakses di smartphone hanya dengan satu aplikasi jadi mudah,5,0,2024-12-03 06:58:53
9ff0a699-1806-46a1-9a88-a9ffdc1e4091,Mirae Chan,"aplikasi ya mudah banget di gunakan, simpel dan gk ribet. Mau daftar apapun jadi lebih mudah jadi gk perlu pakai antri2.",5,0,2024-12-03 06:58:47
92e3d87d-de09-417a-878e-d942fc2fa5de,Heri Syaiful Bahri Bahri,Oke,5,0,2024-12-02 17:42:34
3d7e6817-9ab0-4833-b974-2331504400b6,Joni Akbar Santoso,"sangat terbantu dengan aplikasi nya ,bisa di pakai buat daftar online alhasil ga bakalan ribet lagi buat ngantri",5,0,2024-12-01 20:20:14
9e6fb616-96f6-44c6-9f04-ce601d3519cd,Ambar Wati,"Sangat membantu untuk keperluan pendaftaran fasilitas kesehatan, harga bahan makanan dan fasilitas pendidikan",5,0,2024-12-01 10:40:27
9049300a-a524-481d-a48d-384bb33c288a,riyanti lestari,aplikasi yang sangat bagus dan sangat rekomendasi sekali,5,0,2024-12-01 09:26:50
06975bae-8fd3-4e61-a910-819d8b0f5f30,Azka Putra,"Aplikasi yg mudah digunakan n mudah dipahami,untuk ambil no antri jadi gak ribet",5,0,2024-12-01 07:02:27
bfedce8a-762a-4072-9c1e-cfa75be71092,Wiwit Ariansyah,"Aplikasi apaan kocak, daftar antrian puskesamas dah ga bisa dsni klo bpjs harus di mobile jkn, bekuin aja nih aplikasi busuk, ampas bgt ide nya yg nyaranin bkin ini",1,0,2024-11-30 01:12:18
a5a1bace-eb21-41f6-b95c-686d76085457,Muhammad arhiel,Apliksi yang bagus dan juga sngt membntu dgn fitur yg disediakan cukup bnyk jadi berguna bnget untuk akses pelayanan publik,5,0,2024-11-22 14:20:16
a82483e2-521a-4ab8-b1b6-681cb8c9dc65,Azizirrahim Putra Widanih,PRODUK SAMPAH YG DIBUAT OLEH PEKAES,1,0,2024-11-21 17:05:08
3e249833-a27a-43a8-aaa7-d355c7604ccb,Yustinus Sudono Sigit,Ga ditanggepin pas buat laporan. Njop juga salah,1,0,2024-11-21 15:06:31
f6d86d87-2f47-4526-9dfd-b293588db81e,Dwi Astuti,Gimna ini kok udh pilih pembayaran BPJS mau konfirmasi ngga bisaa udah berkali daftar penuh Mulu giliran masih bisa daftar malah susah gini,2,0,2024-11-18 17:45:17
f3e97edb-224c-4858-9854-5fd22c9c38bf,arfan masum,Cari tenaga ahli yang bagusan dikitlah bikin mahal2 aplikasi pemerintah tapi kaya aplikasi orang baru bisa hadehh,1,0,2024-11-18 01:10:19
3114e4e9-fdf0-44c5-ab14-8f69cdf05483,Yomi S.A,"Aplikasi belum siap di pasang nih, daftar aja ribet loading mulu, daftar H2 pun masih aja ga bisa2 penuh terus padahal udah nunggu dari jam 1 malam masih aja penuh, ngebug terus",1,1,2024-11-17 17:09:07
81a98d30-fc30-449f-8a24-edcb6a2fd152,Putri Rosdianti,"woy ini knp mw daftar udh bolak balik ga bisa2 ,ga paham mksd ni aplikasi apaan heran , wktu itu gampang bgt skrg susah bgt smpe cape sndiri car daftar nya gimana weiiiiiiiiii , cape bgt gw aplikasin ga jelas",1,0,2024-11-17 16:12:57
f274dea4-53e1-45c5-a728-b09cfa4baa4e,Misbah Udlin,"Mau daftar ambil nomor antrian aja susah banget, giliran dateng langsung malah di suruh daftar lewat online, giliran daftar aplikasi muter muter terus malah ngebug, aplikasi masih mentah banyak kurang nya . Malah mempersulit warganya.",1,12,2024-11-15 09:41:30
7e47ad22-119d-4bc4-93a5-e67ba1970d7e,Yudistira Alhamid,Kak cctv di tambah dong kk,5,0,2024-11-12 10:33:00
b1e79ce2-da4e-43a7-9579-85247251051f,Dwi Ayuningtyas (Dwi),"Baru masukin nik udah gabisa apa2, payah mempersulit oranglain, giliran sy ots ke puskes malh di omelin gara2 blm daftar online",1,1,2024-11-11 17:25:17
ebdbf8b8-df86-4eb6-8a66-f439224b0f4f,Dedi Permadi,"Mau daftar puskesmas online eror terus. Daftar online harus pakai berbayar dulu dukungan BPJS tidak bisa. Gmn mau menjadi kota depok menjadi maju dan lebih baik, kalo dijaman digital sekarang ini koneksinya eror terus. Mohon selalu diterapkan Continuous improvment agar pelayanan ke masyarakat semakin optimal.",1,3,2024-11-09 00:29:15
c8de6834-f1dc-4e28-95ee-613c5058c30b,p p,"apk maunya apasih? daritadi daftar puskes loading mulu pas mau konfirmasi bpjs, dicoba berkali2 ttp gabisa sampe akhirnya waktu pendaftaran habis, gaje dah jd aplikasi, gmn si tim it nya? jaringan udh dipastiin aman ttp aja loading gajelas, lu kalo ganiat bikin yg digital² mending gausah dah.",1,1,2024-11-08 06:32:17
815bdd6b-f6d3-471b-811e-c48a66f7d382,AzkaFayyadh RailFans,"Aplikasi yang menyengsarakan rakyat. Programer kurang budget, gaji seupret, aplikasi ga di update, loading lelet, kamprett. Rakyat dilarang sakit. Kalo sakit makin terasa pait , pake aplikasi onlen yang makin sulit.",1,1,2024-11-07 09:06:04
9bdd0968-b285-45ef-85a6-752bc22e8cd0,Rizky Maulana sampelan,"Please di sempurnakan lagi aplikasinya,mau daftar dan konsultasi jadi lebih susah ,karena bug hanya muter muter saja,dan tidak bisa dibuka . Terimakasih",1,3,2024-11-06 16:22:48
711fd180-96d0-4c63-a809-9db0092b1af6,Uus Sukandi,Sangat membantu,5,0,2024-11-02 02:52:15
2c4e1446-e7ac-4c67-98f0-9fdd2c367560,Ina wirawan,mau daftar jadi pasien baru aja susah banget malah ngebug kelurahan juga gaada pilihannya giliran ngetik sndri disuruh pilih aneh banget padahal gaada pilihannya malah bikin sulid mau imunisasi anak jadi ketunda terus gara2 aplikasi doang!!!,1,10,2024-10-30 09:01:51
f0b9655f-bb31-4ddb-b4cb-c38f1ff81cfd,Prasetyo ID,Susah buat daftar online sekarang,3,1,2024-10-28 23:20:58
fe7abf68-b982-4d46-97a0-5b217b4726f6,Abriansyah Rian,"Sebenernya udh biasa daftar online dr jaman masih pae web, tp emg aplikasinya harus dikaji ulang, buat apa kita punya bpjs tp gbsa berovat pke bpjs setelah pndaftaran klo di klik metode oembayarannya pake bpjs gbsa aplikasinya muter"" aja tp klo di klik berbayar langsung bisa bukan masalah bayar cm 2rb tp bpjsnya kn ada dan aktif ngurusnya susah loh masa gliran mau dipake gbsa tlg dong adminnya diliat lg aplikasinya",1,0,2024-10-28 18:33:31
93b1aecc-b458-4190-a695-5d1113b07eb7,Siti Utami,Ya elah mau daftar gigi pakai bpjs ajah ribet nya klak-klik gak bisa2 giliran pilih bayar langaung sat set bisa🙃,3,0,2024-10-27 17:36:19
8062671d-71e4-4d30-b7a2-aad9123a9568,Adjie Supriadi,Bagus,5,0,2024-10-23 06:47:31
472f4cc6-b8c0-4012-afff-2f56511c256e,Tia Tia,"waktu daftar dll lancar, waktu mau daftar online buat ke poli umum pas suruh pilih pembayaran mau pake BPJS ga bisa selalu loading muter terus lama banget waktu saya pencet bayar, langsung bisa di konfirmasi, maksudnya gimana ini tidak bisa pake BPJS kah?",1,1,2024-10-23 02:07:55
9ebefcf5-acd7-495e-9339-f7252d22d162,M. Boy,"Aplikasi sampah...kalau belum bisa bikin aplikasi gak usah bikin lah,Depok oh depok",1,1,2024-10-21 23:22:09
7e02115f-269f-40ab-8298-2302967f3dce,Putra Dharma,Tidak Berguna,1,1,2024-10-15 15:30:16
099ba576-1c8e-4681-9c6e-01f0cd0efb4d,agustini agustini,"Di aplikasi dsw sama di web daftarpuskesmasdepok.go.id masalahnya sama pas mau bayar pakai BPJS muter doang loading. Banyak keluhan sama tp ga diperbaiki, apa buta dan tuli jajaran oknum pemerintah depok .",1,0,2024-10-15 03:10:51
15cc9223-be6b-4937-b3a9-fb45e2d930c1,Bernadine Tiara,gak membantu. masa mau daftar pakai pembayaran bpjs tidak bisa. sedangkan kuota ots untuk ke poli gigi hanya sedikit,1,1,2024-10-14 18:32:34
992b2d04-2eb2-4437-a2b1-f1d24880b419,Adipati Langit Kopyor,"Aplikasi apa ini pas make BPJS g bisa bisa loding trus Berjam jam padahal make 3 hp 3 no.hp 3 segala nya, giliran kontan bisa maksud nya apa? Tolong yg di puskesmas lain info nya masa di puskesmas limo make BPJS cek labs bayar si kata nya g tee kaper BPJS padahal punya pemerintah giliran di RS non pemerintah make BPJS sama sekali g bayar aneh bin ajaib",1,0,2024-10-13 15:21:53
77313d47-d457-45c9-8749-a3dd7c9747e9,tuyul ku,"Kenapa sih setiap aplikasi yg dipegang pemerintah gak ada yg beres, gak ada membantunya sama sekali, loading gak selesai"", gimana mau dipake ini aplikasi",1,0,2024-10-07 03:52:31
a07344aa-9a72-41f6-b525-12adc509014f,Tati Mardiana Channel,"Aplikasinya lola, buka menu pelayanan lama bgt ga kebuka.",1,1,2024-10-05 08:01:55
11f9c227-f39b-4e5b-b996-03d3f743744b,muhammad ramdani,Pelayanan online nya tolong di perbaiki,1,0,2024-10-02 08:23:06
617f2377-64de-43f5-8a31-2ab900db95aa,Rian Saputra,"Aplikasi ini masih perlu banyak perbaikan. Saran saya, tolong permudah proses pendaftaran, karena saat ini harus berkali-kali daftar ulang. Idealnya, cukup satu kali daftar dengan NIK, data langsung tersimpan. Selain itu, kuota puskesmas juga sebaiknya ditingkatkan, karena sangat sulit untuk mendapatkan slot, bahkan jika mendaftar jauh-jauh hari. Mohon diperhatikan demi kenyamanan pengguna. Terima kasih.",5,0,2024-10-02 05:39:29
6026c218-28f2-4ffd-a832-c732e39b4236,Amalia Yuliati,"Susah banget daftar dengan menggunakan BPJS ke poli gigi... Sedangkan kalo di klik opsi BAYAR langsung bisa di konfirmasi... Pas di tanya ke puskesmas nya katanya sistem eror ato banyak yg menggunakan... Padahal aku udah mencoba di setiap waktu... Okelah mungkin kalo pagi eror, sudah dicoba siang hari, malam hari, dini hari sampe menjelang subuh tetep juga gak bisa... Kira2 ada yg pernah ngalamin gak yaa... Kira2 solusi nya gimana...",1,26,2024-10-01 21:17:42
2e713852-a45f-4eb0-a7b1-37052fa630b5,Uchi Rusli,"Maaf min, untuk mengecek pembayaran pajak bermotor tidak bisa... Mohon diperbaiki, terima kasih...",3,3,2024-10-01 04:20:25
d69fdd2a-162f-4bc4-845f-29916f9d6b64,Zulfi Nurhaida,"aplikasi ga ada fungsi nya kalau belom ada kesiapan dan memadai ga usah ikut""an dah jadi nya keliatan hebat kaga tolol iya",1,0,2024-10-01 00:40:16
c8146457-ffd8-41a0-9659-d5ba34d91ca6,Relly Wicahyadi,Ngga bisa daftar online ke puskesmas,1,1,2024-09-23 11:34:58
f498659b-d356-4e81-ac70-1b6688eb39d4,Sugeng Mulyana,"Aplikasi ga jelas,, kebanyakan bug sering error",1,0,2024-09-21 06:00:26
fff26632-2629-46ae-93ca-461d01768dd0,halif alghifari,malah ngga bisa diakses,2,0,2024-09-19 06:33:22
c8747f4b-4aaf-4b7d-a5fc-d4856bc5dbbc,Novia Afriyanti Aprizal,Makin lama makin lemot aplikasinya. Gak membantu sama sekali.,1,1,2024-09-16 08:04:04
8b7c772d-aec3-4c76-975d-dae01bbc8304,edward נוצרי,"knp slalu pas cek bpjs loading tanpa akhir??? ya masa loading ga kelar2,gmn jd nya,tolong di perbaiki donk,jgn cm bikin aplikasi nya tp abaikan permslhannya",1,0,2024-09-16 02:48:40
70669a5e-9c03-4100-926c-9a99f3861215,Jamal Udin,Ribet buat akte kelahiran syaratny.gk bisa simple,1,0,2024-09-14 06:04:09
85e70838-ec14-465f-a6f2-2655fc4ac9ea,Ade Suryaman,CCTV nya tolong di aktifkan lagi min.. Dan klo bisa di aktifkan lebih banyak lagii,4,0,2024-09-13 07:06:24
5041f3a9-c8a5-43ce-bcc1-838d6f8cdb6f,Diani Widuri,Membantu masyarakat mengakses informasi dll,4,0,2024-09-13 01:51:42
469e0ece-b5c4-4fb7-8e0e-ba8839daea3a,Keling xriders depok,"Gk bisa login nih ... Mau digital tp masih bgni"" ajaa... Berasa GK ada kuota muter"" terus tau GK...",1,10,2024-09-10 18:54:29
c1badda6-6d4d-4b11-bec7-f4db159107e3,Afifah Afa,Alhamdulillah pakai ini lumayan membantu dan lancar² saja,5,0,2024-09-08 22:28:05
c6b02689-6aef-41eb-9e9f-2b3281b77162,Candra Firmansyah,aplikasi nya jujur sangat membantu buat cari beberapa informasi baik kesehatan maupun harga bahan di pasar,5,0,2024-09-07 04:18:46
90a1ee96-040e-49d1-a01e-621ffed6eacd,Azelia Nathifa,"aplikasi suka eror, ribet makenya, lebih baik diupgrade terlebih dahulu",1,0,2024-09-07 03:46:33
1716657e-ad11-4d0a-8c4e-3c89d09c42d0,061_Hallen Naafi,Bagus banget aplikasinya. Layanan Informasi yang diberikan sangat banyak dan juga bermanfaat,5,0,2024-09-07 03:42:09
be173e2c-28ab-4cec-97d7-52297bc2208e,Haura Insyirah,"tampilan aplikasi nya kurang menarik, kadang buka apk nya lemot, tp oke sih bisa liat jadwal dokter rsud, tp kl bisa perbaiki lagi apk nya, apalagi ini apk buat pelayanan masyarakat",2,2,2024-09-06 15:43:21
f3efcb0c-32a3-4f0b-9a15-c84aa2da70d9,Dika Habib,Baik positif,4,0,2024-09-06 14:16:36
4482a40f-ea0f-4180-8e1e-45584738477d,008_Luri Zahara,Bagus,4,0,2024-09-06 14:14:57
fad8e53a-89ef-4100-9eca-0954943d6a44,Anindya Nitisari,Aplikasinya perlu diperbaiki dan dikembangkan lagi karena setiap masuk sering keluar sendiri dan pas mau daftar juga tulisannya suka penuh. Tolong banget di-update lagi,1,3,2024-09-06 12:02:12
89b52d01-9a84-4c59-95ac-a89d732ba2a8,Ihksa Skripsi,"Sejauh menggunakan aplikasi ini lancar-lancar aja, membantu dalam sehari hari, buat cek wifi dan lain lain. Buat beberapa aspek ada memang yang perlu ditingkatkan kembali.",5,0,2024-09-06 11:42:08
bf84842a-0ec2-4883-a3dc-27e031714f18,007_Soffy Mulyani,"aplikasinya bagus, memberikan informasi yang cukup baik dan luas",5,0,2024-09-06 09:36:55
3e5c0fd5-6594-48e3-af8e-eecca9fe3150,Salma Maulida Herdiyani,"Aplikasi yang baik, fiturnya banyak dan sangat bermanfaat serta memudahkan saya untuk mendapatkan layanan publik",4,0,2024-09-06 09:23:14
0ae9cb9d-5cbc-42b8-a5e9-e32079f3cb53,Lord Hades,"Aplikasi harusnya mengefisienkan proses pendaftaran ke berbagai layanan, namun ini agak dipersulit",2,0,2024-09-06 09:18:24
7f8aa09f-b61b-40da-b3e9-b47bd7ebd498,Octavia Aulia,"Aplikasinya berguna banget untuk masyarakat Depok, semoga kedepannya banyak inovasi lagi",5,0,2024-09-06 09:14:40
a1280be4-e471-4960-9801-fce16731f271,Octavia Aulia,"Aplikasinya sering lemot, tolong diperbaiki",3,0,2024-09-06 09:13:13
b4be4546-3868-41a4-9d31-dfe5edfcca47,Dendra Mulyana,Aplikasinya membagongkan,1,0,2024-08-29 01:46:32
fb7c93d1-9a04-4904-9b1a-47160ad4d16d,Debby Christine,"Heran masuk masa kampanye malah ga bisa digunakan nih aplikasi, layanan publik yang sangat sangat buruk. Heran sama Tim ITnya ngapain aja si? Kalo mau serba digital perbaiki ini aplikasi kalo belum sanggup digitalisasi yauda gausah bikin program digital! Heran banget!!!",1,5,2024-08-28 00:41:00
392c42a9-e3fb-40a0-82ad-c0aff6933881,Listia Nabila I,"Apk yg sangat sangat tidak bermanfaat, boro boro mempermudah, malah jadi ribet. Kalo emang perlu banget pake apk kek begini, ya tolong diperbaiki.",1,2,2024-08-27 14:45:11
6327e54c-abb5-420c-ac90-e74643247902,Galuw Lovesky,Depok cinta damai,5,0,2024-08-25 08:21:39
49f973a5-788a-4103-872a-0456f695e237,Alifia R.,"Aplikasi ini sangat membantu saya. Fitur nya yang menarik dan mudah dipahami, tampilan nya juga rapi ⭐️⭐️⭐️",5,0,2024-08-21 03:42:42
5466e782-9755-41fd-af96-d5a9e959a698,Muhammad Ilham,"Tampilan ui/ux yang menarik, dan sangat mempermudah pengguna untuk mengakses fitur² yang ada",5,0,2024-08-16 15:40:09
862215e3-d595-4ada-9900-634b8dc309b6,Ryan Setiawan Efendi,"Aplikasi ini keren banget si, banyak fitur fitur nya.",5,0,2024-08-16 09:36:48
0e689f9c-9d3c-44fb-bcc8-55721779ff7e,Muhammad Rizky Ramadan Iki,Bagus aplikasi fitur nya berfungsi dengan baik,5,0,2024-08-16 08:57:30
b2a33166-bf12-4f65-a6cd-644c03b391d0,Akbar Ramadhan,Bagus apknya,5,0,2024-08-16 08:57:25
0a7b7ad1-86bd-46cb-afc7-8a274a3007bd,役員 Oshyy 乂 Ren,"aplikasi ini sangat bagus, layanan dan informasi dalam satu aplikasi👍🏼",5,0,2024-08-16 04:00:08
946bff98-bd34-4556-bfa1-6f5a0884bfec,Dicky Saputra,"Mantap, sangat membantu",5,0,2024-08-16 03:24:16
4b26fb22-8ac1-489f-acae-0a4218cf455d,Muham Rafe Ario Nugroho,"Mempermudah para warga untuk melihat berita atau informasi baru sekitar Depok, 👍👍",5,0,2024-08-16 02:54:30
4913363c-7b3d-49bd-9053-be80220a7481,Jerry Debriana,Kaya aplikasi anak magang yg kgk diurus.. Gak ada profesionalitas bahkan di sektor yg sangat sangat penting,1,0,2024-08-15 14:15:12
ef69df4f-f4ea-467f-b572-6e2221895887,carini rosmaya,"Ga bsa daftar online puskes, aplikasinya tlong diperbaiki",2,0,2024-08-15 09:35:43
e4b1ecac-a703-444c-bfe4-a9e221257a05,lingga,"awal coba bisa melakukan pendaftaran, untuk pendaftran berikutnya sudah tidak bisa dilakikan, aplikasi hanya loading dan muter terus aplikasinya, padahal jaringan full",1,3,2024-08-13 01:57:25
e82f26de-8c4b-4e12-b62f-f1a8a991d046,Indri Yulistiani,"Aneh sekali yah mau daftar pakai bpjs loadingnya muter terus giliran umum langsung konfirmasi, lucu sekalii ini 😂😂",1,0,2024-08-11 09:44:50
7cd35e44-b171-4dfe-9b9e-5cd50a23dc6b,Manto Gasan,Cepat & tepat dlm mengakses info ht sembako,5,0,2024-08-07 04:56:44
1e63a45b-64da-44e0-bde7-aafe4aa706fc,Yunan Tian,"Apk tidak membantu daftar pake bpjs aja susahnya , benerin lah ini apk niat bantu orang apa ngga sih ... tim IT nya payah bgt bikin ni apk bisa bikinnya ga sih harusnya sebelum list ke publik harus di uji dulu lah kalau gini bikin repot orang aja",1,3,2024-08-06 18:24:21
57cebde4-eb34-4cba-82c4-424e3fda1257,Sidin Soekamti,"Gimana si,mau daftar puskesmas aja susah banget ga kebuka buka",1,0,2024-07-31 20:55:54
5e973004-13a9-43e1-ae14-6e46f38d9e7b,Gazela Wati,"Udh sebulan ini ga bisa daftar online , selalu loading, bknnya gunanya aplikasi ini untuk membantu masyarakat ? Tolong diperbaiki",1,0,2024-07-31 15:06:37
64bd933f-6802-40dd-8b40-345d8a2a0b7e,Nabil,"Apa bgt dh, ngestuck pas mau daftar puskesmas",1,0,2024-07-30 22:50:24
5e780fd1-a842-45c5-b87f-6c1b17eb29f3,abia abia,"Kenapa skrg jadi ribet dan susah bgt mau daftar online puskesmas udah berulang x masukin ni BPJS pas mau konfirmasi daftar malah gak bisa""",1,0,2024-07-28 18:50:55
63d54c45-a367-423f-9a4a-b2f9964c1d45,Robbi Rizaldi,Apk gk jelas dana pembuatan dikorupsi😂 uinya jelek isinya foto walkot segede gaban buat apa?? Apk pemerintah serasa buatan anak sma baru belajar bikin,1,0,2024-07-28 04:16:51
05923362-68ae-43f2-90f8-9b635fd61cc4,Maryani No last name,"Kenapa pas masuk menu bayar pakai BPJS,terus klik cek BPJS ga bisa bisa ya,,muter aja ga selesai selesai...",1,0,2024-07-23 13:58:47
022045ba-b4a1-4e8a-9824-e16d5b2e917e,0935_Rosyid Widodo,"Aplikasi apaan si ini, kaga ada maintenance sama sekali, loading mulu kg bisa-bisa daftar online. bukannya semakin maju malah semakin mundur",1,4,2024-07-21 02:44:26
14098e2b-6206-4a0b-bbc2-257c74a1af43,richo firmansyah,"mau daftar online puskesmas gak bisa bisa, loading lama banget, sudah nungguin tapi malah periksa koneksi, tolong diperbaiki",1,1,2024-07-20 09:43:31
ff0e7412-3d4e-4940-a728-dad94a72b91f,Rifa R,"Ini aplikasi malah ngeribetin sumpah, masuk gak bisa-bisa",1,0,2024-07-18 03:13:30
a855e6c1-d002-4806-891f-41ce3b9ccffb,Naufal,"Bego, ga bs di andelin, mau daftar online loading mulu, pdhl Jaringan bagus, otak di pake, org lgi butuh malah kek gini aplikasi nya",1,0,2024-07-18 02:30:43
634494b2-3ee9-4bc3-ac36-cc897ff726e6,Muhammad Majali,"Tolong perbaiki aplikasinya agar dipermudah, mau daftar kia memakai bpjs selalu loading giliran metode bayar langsung bisa di konfirmasi. Ini gimana maksudnya? Tolong diperbaiki dan diperbanyak kuota jika bisa online",1,6,2024-07-18 00:20:24
540de4a2-b480-4727-b52f-b2c4f823be4e,Toten Vidio,"SAMPAH, APLIKASI BERAT BGT MO DAFTAR ONLINE LARI KEMANA2..!!!",1,0,2024-07-17 18:39:19
85a7d87a-cb00-432d-a5f5-5c5bec64fa0b,Fatimah Az Zahra,"kalo mau buat aplikasi dipersiapkan sampai mateng dong cuma menang banyak fitur bagus tapi ga bisa digunain buat apa? udah gampang diretas, susah buat daftar online juga disuruh alihkan ke web juga sama errornya jangan cuma bisa minta anggaran gede doang tapi sistem aplikasi asal asalan 🤬",1,9,2024-07-17 03:40:10
d8a2609f-78cb-4ba6-95b0-e7827b76cc2a,bdrh,"Susah bgt mau daftar ke puskesmas aja,servernya eror mulu.ga di web ga di apknya sama aja, mempersulit hidup masyarakat aja",1,0,2024-07-16 18:32:08
193ebe2a-4238-4557-b8ef-698c461e9065,Aldi Bismantoro,Aplikasi ga jelassss udh 2 hari daftar online ga bisa bisaa,1,0,2024-07-11 12:54:51
e6a5c4f0-7b85-46b0-8d71-5b11e80d1239,Debby.aodina 95,Keren,5,0,2024-07-10 06:39:24
74a65308-9c8f-4116-8dad-abcdfa4c70b1,Jihan Maulana,Tolong perbaiki lagi apk nya,1,0,2024-07-10 01:15:35
6469c55c-577d-4ca1-80a8-17ff4f8e8448,Daud Bagus03,setelah update kalo cek no BPJS selalu loading eror,2,0,2024-07-09 21:44:56
bf6c635e-fd00-4ab6-9d8d-3e9e28a2ce3f,Rukman Man,Bagus,5,0,2024-07-09 04:17:52
ff9fe2c9-9b5a-4811-99ad-5c71bce1346f,Latifa Dewi,"Sebenernya kalau mau daftar online harus jam berapa ya? Daftar pagi udh penuh, tapi daftar setelah jam 12 malem keterangan masih tutup. 🙂",4,0,2024-07-06 17:19:32
494215a3-6fe7-4f73-99cd-748fbde3b197,Fikri Inong,Aplikasinya jelek lolaaa,1,0,2024-07-05 12:21:59
77e37b48-7757-4701-8df0-097dfff58f13,Misti Misti,Aplikasinya sering lemotttt Pengin ke puskesmas mesti ribet dulu online,1,5,2024-07-04 01:45:51
99be1d5b-6f0b-4c36-ac83-acb503e2efc1,Siti Suryanti,"Susah bgt mau daftar puskesmas, loading mulu..!!!",1,1,2024-07-03 05:29:49
fa3b10ee-85ad-4164-9bfd-fc4ce609b573,rina putri,Ok,5,0,2024-07-01 17:41:41
96bbf14c-8636-472f-b8f9-b0976ce0fd95,tri,"cctv online nya tolong adain/benerin lagi min. terutama yang gdc sama panus, mau liat kondisi air sebelum berangkat mancing hehe",4,0,2024-06-26 05:35:07
6977ef19-7f0d-4272-be27-b9793c62e98e,Muhammad Sakhrul Fiqri,loadingnya lama banget,1,0,2024-06-06 04:39:29
8f96a7c0-0bb7-4614-a97d-67b085fd3d28,Angie Dv Joshua Dv Joshua,"Aplikasi sering eror tiap daftar harus masukin data Mulu knpa bgtu sih aturan sekali daftar udh ada di save jangan ini harus berkali2 masukin data trs, cape deh udah gtu malah ttup trs lagi sekalinya bisa di buka udh dapet no antrian trakhir payah bgt ini aplikasi tidak membantu sama sekali tolong di perbaiki dong supaya mmpermudah masyarakat utk daftar kesehatan dll",1,9,2024-06-04 22:29:13
cefb8bcc-3a44-4a41-993b-3eb4227254f6,Novia Cahayani,"Setiap mau upload berkasselalu kembali ke menu utama, gak selesai² ngajuin berkas karna gak bisa upload. Yuk lebih di tingkatkan lagi",2,2,2024-05-28 15:02:22
31f9ec28-a0ba-4863-8798-e275cde06794,Rahima Khalya Anugrah,"aplikasi yg kurang membantu menurut saya. harus berkali kali daftar ulang terus. bukan yg sekali daftar NIK bisa langsung ditemukan. terus lagi untuk daftar puskesmas mau daftar pagi pagi, sore sore ataupun malam malam, untuk waktu besok atau lusa selalu tidak kebagian kuota poli.",1,35,2024-05-27 22:49:40
ba1ec2c8-da48-4872-b766-ab498b5cf868,Baydzofi,"Ngebug nih app nya, tolong coba di cek",3,0,2024-05-27 01:23:11
a243361f-7be8-4679-abd4-57a97ae93a65,Jaka Salira Alfarisi,"Ga jelas, pembayaran bpjs ga bisa,giliran berbayar baru bisa. Cek bpjs juga failed terus kocak",1,8,2024-05-20 12:23:15
e0054f03-5e8e-42d9-9a2f-355b7403988d,Andika Ocem,"Kenapa daftar online ke puskesmas cilangkap susah banget ya, udah beberapa kali ngga bisa2 🤦...tolong dong dibikin mudah",2,3,2024-05-19 10:58:20
8065edb9-bd7d-4946-ae3a-3817ada3b5ea,Ricky Argay,"Aplikasinya kaga jelas, gua daftar online di RS susah bener, sekalinya bisa mau liat lagi no onlinenya kaga tau dimana menu nya",1,4,2024-05-13 19:38:36
f2d75560-bd36-436e-a59b-d7a6a7afe655,Pagol Sandoval,Membantu kepengurusan pendudukan,5,0,2024-05-13 06:54:07
07a1ed6d-25ed-4e86-9ad9-6e4427f4369a,Ahmad Erwin,Kaya jelas aplikasinya error trus,1,0,2024-05-10 07:59:12
0510dc94-eac0-4838-8bf6-045e452c458b,Dhara Sapna,Saya mau daftar ko gabisa bisa gimana sih,1,0,2024-05-10 05:03:25
f9770ef4-335e-4a84-bce2-75d0b77dfeea,MS family,"Gimana si,mau daftar antrian kok eror mulu.. Hadeuhh",1,0,2024-05-10 04:07:12
e5bdcaec-c4e4-4695-9645-f3ce8513e955,Teti Rohmatiah,"Ga guna njirr, login ga bisa, Aplikasi narsis untuk walkotnya",1,0,2024-05-10 02:02:22
f1f9b595-961a-4f78-babf-8eea63b0205b,Wibisono Sinaga,APLIKASI PREMATUR !!!,1,0,2024-05-10 01:19:42
d09185a2-c306-45ad-a030-cb596587dd0b,Karina,"Mau daftar online puskesmas aja susah banget ,, connection time out Mulu, sekalinya bisa kuota selalu penuh untuk ke poli gigi , padahal subuh"" udah daftar buat kontrol di hari lusa tapi tetep kuota penuh Mulu. Giliran mau daftar secara offline langsung ditolak mentah"" sama petugasnya. Ampun deh",2,7,2024-05-09 18:53:39
a40a46e0-3497-4f7f-b242-433b6d5eb922,Linggar Jati,"ngurus surat pindah kk, tgl 7/5/24 ngisi di aplikasi, tanggal 8/5/24 surat jadi... hasil di kirim via Wa / email... sangat puas atas pelayannya.. terimakasih",5,0,2024-05-08 23:57:50
7ed94b2c-4337-404d-b3da-b45a40c216a1,Ridwan Gunawan,Ok,5,0,2024-05-02 06:23:13
8be2d61c-020a-4f3f-b8e8-6052abe113b9,Yehuda Shalom,Aplikasi gak jelas,1,0,2024-05-02 05:53:46
6f594568-57d2-4a5d-bddc-410257ac59de,Firmansyah Firman,LEMOT APLIKASI LEMOT PADAHAL PAKE WIFI ATAU DATA BIASA MALAH DI SURUH CEK KONEKSI TERUS! DIPERBAIKIN BUKAN DIBALES PAKE PESAN OTOMATIS!,1,0,2024-04-25 08:56:32
4fa625d0-87ae-4b84-8425-4525c48092af,Awal Juliansyah,Loding parahhhhhhhh,1,0,2024-04-23 09:34:40
798c057e-b8a6-437d-af35-d42881e14157,Alamsyah Putra Bagaskara,"aplikasi ga jelas, mau daftar online kesehatan lemot bgt, nge-hang terus, gak bermutu",1,6,2024-04-11 09:28:17
65b44169-3394-4074-9216-12ce8df71258,Fernandes Yusuf,"Bang ko gw nyambungin gabiss ya, tapi disini tulisannya harus download dlu 🗿",1,0,2024-04-06 13:11:33
ff470e6e-43db-4cb7-8bd7-1e4e85c98416,Melda Widayanti Okta,"Kok setelah di update aplikasi nya makin gak jelas, pendaftaran online jadi ribet gak bisa daftar",1,9,2024-04-03 16:04:13
456553f6-d9e7-4b2b-b67d-2266f10621d8,Dava TheWorst,"jelek banget, mao cek dtks error mulu",1,0,2024-03-31 03:21:57
93119ba8-7789-4cb7-ad3d-65c4c2ad4459,Cumi Cumi,Bagus buat warga depok..memantau..,5,0,2024-03-28 11:40:43
d41312dc-7e36-4d36-b073-f08bca829cc3,Mandala Wangi,"Area Cisalak Pasar belum ada Satu pun Wifi Gratis ?? Payah gak Merata 😏 Pernah Coba di Area Lain , Tapi Lemot sekali 😂 Parah ini sih 😂",1,2,2024-03-15 22:03:19
4c38cc27-37c1-4aad-aec8-795cf93a01c7,Siti Aisyah,Mau daftar online tpi gk bisa²,1,0,2024-03-15 21:07:31
a486bc22-c1d8-4b3f-92aa-8074b2b56aaf,Daffaa Farraas,yg bnr aplikasi kontoll korup trs ngtd ni loading lama bgt,1,0,2024-03-15 06:40:21
69909979-c01a-4a69-aea5-c0dd02c7a5f5,Ramasadhi Rekka,"Servernya down banget mau buka"" halaman apapun ngk bisa kebuka cuma blank hitam doang",1,0,2024-03-15 05:53:28
881818e2-9647-492b-b526-d53431f57715,DECZY Pratama,KORUPSI BERAPA M BUAT APLIKASI INI ??? ABS ASAL BAPAK SENANG,1,0,2024-03-15 05:15:06
99e58dd3-983a-422e-b6d0-b72141e591bf,andra putra,DSW Depok singel windows,5,0,2024-03-07 07:13:37
56199662-c9f8-483b-8edd-3ee57e8617c7,Ahmad Sany Al Asyari,"Daftar online puskesmas tidak bisa, lihat komen yg lain sudah berbulan-bulan tidak bisa daftar. Mending balik ke jaman batu, sebagai simpatisan PKS kecewa saya, ga malu apa dihujat cuma karena developer aplikasinya gak becus. Apa perlu coblos PSI atau PDIP setelah PKS kalah baru sadar.",1,3,2024-03-07 01:02:02
a210639c-c452-4457-9b69-bbd97a99fa8e,Bandito El Clasico (Amry Akip Martha),Untuk daftar online puskesmas sudah tdk bisa lagi????,1,0,2024-03-04 23:47:43
7277f30a-84a9-43dc-a562-a973520482a7,Oom Rahmasari,Error,1,0,2024-03-04 23:34:06
c458a24b-1149-4aea-ad4c-3b37d401e814,silvi novianti sumarsono,"Aplikasi gak jelas! Gak mutu, sama kaya walkotnya",1,1,2024-03-04 13:08:43
b0fb066f-45c5-41c6-aba3-3741c3c4641e,Aditya Muhammad Azis,Ga guna,1,0,2024-03-03 20:27:02
79743f01-2e57-479d-89bd-b99f80744cd7,iroel fajri,Dari thun 2023 smpe skrng cek kndraan g bisa,1,0,2024-03-02 08:56:10
c60f2fc9-7179-4eac-bbf4-fc8d0d112510,yoga pratama,"aplikasi gaguna, pgn pantau cctv aja loading trs pdhl udh pake wifi+jaringan kenceng. apus aja dari pkaystore anjg",1,5,2024-02-27 11:27:46
894cc7c3-cc03-43cf-b70d-5acdbe1dc32a,Del Ipino,"Aplikasi sampah yg tidak berfungsi dan tidak bergun,tidak bisa berjalan dengan normal",1,0,2024-02-25 13:29:58
8eb4466f-977e-40d0-abd4-e94d2f6dafb4,MOHAMMAD RIZKY,Semakin sekarang CCTV Erorr Enga Bisa Di buka Semenjak Di Update 🙏 😭😭 Tolong Di Perbaiki Kaya Dulu CCTV nya Ada Bug erorr,1,0,2024-02-14 22:23:16
893877e3-4b96-4252-9529-88accaf21eaf,Feri FY,Kenapa video CCTV Nya banyak tidak bisa dilihat?,4,0,2024-02-08 12:58:53
47a7595a-3ab7-4100-a80b-5228d1b44026,properti depok 78,Kenapa ini aplikasi keluar terus 😭,5,0,2024-01-23 05:30:33
559c9846-0a38-4157-9a1d-2245b9582470,Radith Ramadhan,"Aplikasi sampah buang buang duit pajak doang, connect wifi aja gabisa terus, developer makan gaji buta!!!",1,0,2024-01-14 01:19:22
f5587bdd-0d8a-4c7b-b9fe-27e44700efab,Julio Akbar,Gigi gua sakit banget. Udah 8 tahun ga ke puskesmas sekalinya ke puskesmas disuruh daftar online lewat aplikasi yg isi fiturnya cuma muter2 doang dan loading ga jelas. Udah nunggu lama2 akhirnya bisa eh kuota pendaftaran habis. Untung sakit gigi kalo sakit keras gua udah mati mungkin stres make aplikasinya doang,1,1,2024-01-11 03:28:04
505ca58d-bc11-4cff-9e4d-c8c14d53296e,Deva Nia Aprilia,"aplikasinya down bgt, mau daftar online poli gigi, tp gbs dan keluar terus dr aplikasi, udh pake internet & wifi pun tetep gbs, mana antriannya penuh terus. gimana nih solusinya? tolong dong diperbaiki lagi untuk pendaftaran onlinenya, kalo gini terus, smp kapan pun mo daftar ga bakal bisa",1,14,2024-01-10 04:22:16
12e8f7e6-e429-4357-9b60-d2204cbb18b2,Devianti M.,"Katanya free wifi tp pas di konek malah disuruh isi nama pengguna dan password. Mana free nya ? Passwod nya aja ga tau. Download DWS biar bisa koneksi wifi ternyata ga bisa² terus percuma free wifi, ngeribetin aja.",1,3,2023-12-29 00:36:50
733e4fa0-eba8-416c-bc93-02a0609d32b6,Fitriyani Maulidi,Mau daftar online aja gk bsa2,1,0,2023-12-17 15:52:47
68ac313b-21e0-4aee-9839-3db97ee7c9fd,DNS Production,Eror. Sebernya ada tenaga ahli nya gak sih yg bikin aplikasi ini? Apakah menggunakan pihak ke 3? Bagaimana cara dapatin job nya? Apakah karena pertemanan atau saudara ?,1,0,2023-11-28 21:51:34
e9b4bc96-be56-4a18-a371-303e935f8a33,Yoyok Rizky,Tolong Admin Tambahkan CCTV Taman Bakti jaya Pelni Saya Pingin Melihat kondisi Di taman itu biasa nya Ramai Pengunjung Bermain kesana Pelis Update dan perbaikan,1,0,2023-11-23 09:35:47
d4d7ec9c-1b5f-4e73-9042-a41f1ad20571,aby imal,"Kenapa terkadang susah untuk di buka??? Dan harus minta di uninstal, setalah di download lagi baru bisa di buka.",3,0,2023-11-22 13:11:13
4c5e6361-5f7e-4554-b6e3-a3f6052bed75,Wolter Rasyid,Oke banget,5,0,2023-11-14 17:37:39
6fc2faca-c2f5-445b-89b2-a36390dfb316,Dwi Puji Rahayu,"Connecting time out terus Datang lgs ke puskesmas ga dtrima, katanya harus daftar online Trus saya harus gmna",1,0,2023-10-30 05:08:59
6ab32df6-fa78-49a7-9ad8-f34ca8d1d928,Muchtar Jamil58,aplikasi time out mulu ini yg bener aja,1,0,2023-10-30 03:23:31
0517abe0-5bb5-45f2-adfe-2131b98a0d9a,Ardiyan Saputra,"Coba di perbaiki deh, aplikasi nya belum layak",1,1,2023-10-29 15:17:33
ae6b157e-e085-47db-9331-2c3593161762,Dila Apriani,Depokk bangett ngga tuh wkwk,5,0,2023-10-28 13:29:03
b5979f72-3bf1-468f-844c-f1a17d3c1aa6,Aisyah Mayzahra rifai,aplikasi sering mengalami conection time out cepet diperbaiki,2,1,2023-10-28 03:13:34
82a7266d-e28b-4832-b52e-21895dfbe78c,Riyana Safitri,Kenapa setiap pengisian kelurahan tidak bisa udah berulang kali di uninstal sama aja,3,1,2023-10-24 01:30:19
cc64c19f-23e1-464a-8b9e-79af6abf34de,Satiie Iimah,"Mau daftar ke faskes pertama ga bisa2 dari kemaren,",1,0,2023-10-24 01:20:10
4bc313c9-b369-4a23-8e7e-984ed43e3540,hasanbadri hasan,"di menu ekonomi terdapat fitur katalog usaha saya kira barangnya dijual, dan untuk tampilan harga komoditasnya membingungkan",3,1,2023-10-22 09:55:52
5e73de81-75d1-4940-80b9-d3e9cfb54574,Amel amelia,Klo blh CCTV di depok single widows di tambah kayak simpang ramanda sm simpang segon sama simpang tole iskandar,5,0,2023-10-12 10:01:47
b14e62e5-2263-4b00-b9ef-5e10c74c7a1f,Safiradewi Kuswara,Ini knp dsw error ga bisa daftar online dari kmren trs gmn mau daftar online klo bgnh tolong kebijakan nya,1,1,2023-10-01 14:03:53
576e7618-8ca5-4a29-a063-d7e15bf6117b,layla zulkarnaen,Pleaseee ini aplikasi bapukkk bener dah... Udah pake wifi dan jaringan pribadi masih g bisa diakses. Your connection is timeout mulu.. Gajeeee bener dah. Ini kaga ada perbaikan apa??? Benerin dong biar lebih gampang bt daftar online..,1,13,2023-10-01 12:07:33
022c5e97-15fc-456c-90ff-966231539be5,BB2,Error mulu,1,0,2023-09-28 23:55:42
20491b7b-b1c2-4fe9-9a1a-988cb929520a,Indra As,"Ngak jelas ini aplikasi, ngak bisa di gunakana,..",1,0,2023-09-26 03:59:00
edfc0c48-d39a-4e16-9f06-d846c64f877b,nuraini rezayardan,"Makin ksni mkin susah d gunain , mau dftar online puskes gak bs"" k buka 😏",1,0,2023-09-18 21:53:50
0f42d9c0-56f3-468a-997b-001ced8d2220,Bagus tri maulana,aplikasi nya sangat bagus,5,0,2023-09-05 03:57:33
1ec05f36-c3bc-474c-a93c-bfa5e31d79c7,Udi Yanto,"Padahal sudah daftar dari sehari sebelumnya dan bahkan lusa, tapi kuota habis..! mohon untuk segera diperbaiki 🙏 Tgl 22 Agustus 2023. Saya udah update aplikasi tapi kok kehabisan kuota pendaftaran? Padahal udah cek semua daftar antrian previous 1 di poli KIA , tapi kuota habis, bagaimana ini?",5,5,2023-08-22 01:36:44
98496435-4f88-447f-9374-aa82caa64d7b,Sudjono djono,"Depok single window tidak membantu, ketika saya ingin mengganti KTP yg rusak, melalui online DSW, sudah 1bln tidak ada jawaban, hingga hari ini , saya beri rating nol nol nol, untuk memposting ulasan aja ditutup, gak bisa, sangat jelek,, DSW tertutup, berarti memberi peluang untuk pungli kepada aparat yg berkepentingan, amin,",1,0,2023-08-15 13:22:43
49830071-bbdf-4f80-8044-8e637e710472,Marlinah Linah,Bug jaringan,3,0,2023-08-14 03:14:50
e99e4aa1-0caa-4561-9ddb-6c0a920baa98,Aay Ay,Bikin online gk bisa selalu out,1,0,2023-08-12 00:26:36
b5ccbec4-fc50-4377-b2b3-8d9e8931a9f1,Dede Setiawan,"Kenapa mau masukin nik/no bpjs ngga bisa bisa, jadi di persulit gini",1,0,2023-07-31 00:44:19
7cfb65ae-8a0e-4e11-b889-c4e0ba74e642,Dady Wati,Bagus sangat ngebantu,5,0,2023-07-29 10:25:50
e0e3bfe1-5902-46a4-8e0c-0de01c73ae44,adinda nda,Bgus,1,0,2023-07-25 03:35:19
053fbf23-bd7a-4273-9d64-d26cae3a43d5,frida magdalena,Cepat mendapat info dari aplikasi DSW.terimaksih DSW.,5,0,2023-07-24 15:22:31
f3a1739d-a2e3-4406-89e6-c74e38fe773f,Salahuddin Syam,Oke,5,0,2023-07-23 06:29:25
75410172-08dd-44c2-80b5-213a83da8e4b,Nabila Astrianti,Keren,5,0,2023-07-21 03:28:57
e190dacf-5560-411d-a571-294aad3ce128,Abdul Munir,Pelayanannya memadai. Trimskasih,5,0,2023-07-20 20:08:50
98724f82-f663-4371-9106-5359509ea240,Purwo Teguh Priyanto,Sdh cukup bagus memudahkan dapat informasi seputar Depok. Hanya pendaftaran online cukup sulit dicari pas mau daftar ulang.,4,0,2023-07-20 04:59:49
be3b2915-911d-457b-a901-6bbcf26dc30f,Subur Hidayat,Sinyal bagus,5,0,2023-07-19 11:00:20
f53df700-8a85-4cbc-a826-97f59d0f5ef0,CONTINUED skateboarding,Good sangat membantu,5,0,2023-07-19 06:14:23
510f474f-1104-40e7-836c-55d8671d265f,Media Lacak Peristiwa,Terima kasih pemkot depok,5,0,2023-07-18 03:21:25
5674a526-05b0-4208-9b2c-01d0d5ee04fa,Bikman Afkan,Berita Depok...paling gress,5,0,2023-07-18 03:09:04
564bf179-6401-4391-b57b-1616474bdae7,Edy Sm,Terimakasih,5,0,2023-07-18 02:57:39
37796ed4-96a3-41ae-89e2-e26d698a6f40,Endro Widodo,Masih coba coba,3,0,2023-07-17 22:32:39
1ed3a75b-3c22-48c1-af64-d5457ae0e3f1,waswis sufi,Okee,1,0,2023-07-17 21:45:38
c8b43a5c-91b6-4c35-b0ce-f782e3836b7a,Yudi Widianto,Alhamdulillah dg aplikasi DSW memudahkan segala kebutuhan kami warga Depok khususnya.,5,0,2023-07-17 11:18:43
edb8d5bb-26ea-4ce4-bd8e-3c1510c9ed9a,Hadziq Ridlo,"Alhamdulilah bbrapa pengaduan saya masalah sampah, jalan rusak dan lampu penenrangan jalan direspon. Tingkatkan pelayaannya ya.",4,0,2023-07-17 10:59:19
d6f2ab2e-73dc-456a-8236-1ccfb6205168,Sofian Hadi,Bagus sekali,5,0,2023-07-17 04:29:33
9acd5a08-90bf-4ecd-84b8-4ce99e08e4b3,Wildan Akram Rizki Roslant,ok,5,0,2023-07-16 14:39:59
10b5bd75-a204-4fc4-8435-8b86639acd64,Darma Yuda,Gak bisa login,3,0,2023-07-16 04:47:11
ce8812bd-2ace-429f-9d7a-189c7af119df,Tuti Alawiyah,Cuma koneksinya agak kurang jd pas penggunaan langsung ilang sinyal harus buka lagi aplikasinya baru bisa connect,5,7,2023-07-16 04:32:06
0ae7c7dd-8a8b-42b0-ad28-916b847152a3,Syaukah Armayani,"Ada apa di puskes Bojong Sari, poli gigi SDH smggu tutup?????",3,0,2023-07-14 23:19:53
49e84be1-8b20-4694-b7a9-4ad6f2a41c1e,Ahmad Adzan,Dengan adanya wifi gratis in sangat membantu warga Kota Depok yg sedang kehabisan kuota.,5,0,2023-07-14 09:17:20
135e0316-bf65-4775-b881-f4551ecba00d,jamilah mila,"kenPa ga bisa daftar pdhal besok saya mau kepuskesmas,lemot bangt jdi nya",1,0,2023-07-11 08:20:59
0bc0f7ff-bada-477e-9e5f-abb39137fcc3,Firdaus Firdaus,Mantap,5,0,2023-07-06 08:51:02
b7a9ff3b-7fda-4c3a-ac91-55274488f57e,ade sumiyati,ga guna tidak bisa masuk ke aplikasinya loading nya setahun🗿🗿🗿🗿,1,1,2023-06-28 11:46:01
f83bcb7c-54a8-4ad4-8591-b0f2deb7d976,Siti romlah Iyom,GK bisa login,5,0,2023-06-25 10:43:56
e4cb59e9-cd60-44c5-ba7f-1e8389ee111c,ari yanto,daftar online tdk tersedia..diklik gak bisa..faskesnya aja gak kebuka jga..cm ada daftar di RSUD...makin nyusahin,1,0,2023-06-25 09:43:51
cf59bc97-6213-4036-96ba-f5eb7e124992,taufiq prawira,Tolong aplikasi nya di tingkatkan kembali soal nya buka aplikasi selalu lemot padahal jaringan full tp gak bisa masuk ke aplikasi nya,3,4,2023-06-23 05:20:22
04d2a4a9-f8f2-4da2-b35e-2cdf62e749be,Mariam Iyam,Tingkatkan lagii,5,0,2023-06-20 01:13:42
9c3aa59e-d4dd-4056-a4c0-20be45ea08b1,Amanda Kristy,"Mau daftar Kia aja susah nya ya ampun, gmn tohh ini depok. Ke dukcapil di srh online, pas dftr online jg ga bisa. Benerin dong fasilitas nya",1,2,2023-06-16 10:43:31
7a1f49cc-bfe5-44f3-8b91-9fd8f34d8517,Ervi Rianti,Tidak adanya fitur lupa password sehingga harus bikin akun baru lagi,1,0,2023-06-15 00:02:24
79b90f4c-8b44-4680-ae2e-71344c60eca8,Dhiana Oktavia,"udah daftar login nge bug lagi . heran bukan mempermudah , malah bikin ribet . orang sakit mau berobat udh harus nunggu pagi , daftar dari mlm malah gk bisa .. kalo begini siapa yg harus di salahin ? pihak rs megharuskan daftar online , kalo daftar online nya aja ribet begini . gimana mau berobat besok pagi !!!!!",1,0,2023-06-14 18:58:47
0fbf2794-95af-4c14-81fa-75ec6a2a26fc,Andieni Maharani,Ga jls ga bisa di buka,1,0,2023-06-14 15:06:57
677f0247-dfe4-4d58-b287-e137886f05a1,BOED SANT,Bagaimana ya merubah no hp salah input untuk aplikasi sertifikat kematian ortu,5,0,2023-06-12 06:53:01
c9953b53-e641-4208-b53b-9f4a1e4025ff,Fita Lia,Kasih bintang 5 tlg ditingkatkan lagi. masih suka' eror tidak bisa d buka untuk bansos/cek dtks,5,0,2023-06-11 21:23:07
6c4fb4c8-9733-4eee-aec7-181be182145b,Romanov Mico,kalender pendidikan belum diupdate sejak 2019,2,0,2023-06-09 14:42:41
1dbfe3a3-0e4c-49c4-b5b9-c7a67e7ce5e1,ika putri,"Jelek,gak bisa dipake.. mau daftar online di RSUD aja loading gak masuk,mau masuk nya ribet banget.. aplikasi terjelek",1,1,2023-06-07 21:01:43
f052ca31-dacd-4523-9860-78554e0b1191,Afgan Irwansyah Hidayat,"Di update makin lemot susah buka aplikasi,pecat orang IT ga jelas",1,2,2023-05-26 07:09:22
84ddb61f-a4e7-4566-ad57-181da63dbab0,The Legends Of Music,"Sangat sangat membantu, sukses selalu depok",5,0,2023-05-22 06:10:11
80eb4ed6-854b-4b7a-9d86-fa46dbd087ea,fajr117,"APK MENYUSAHKAN RAKYAT!! DAFTAR AJA NGELAG, LOLA, BELAJAR LAGI BIAR GA LAG APK NYA MAS!",1,0,2023-05-19 11:49:06
bacef5cf-f89c-4b76-a417-8babe88db443,Teguh Pribadi,Aplikasi tolol... Mo ambil antrian penuh terus...,1,0,2023-05-15 17:17:43
92363a63-bbea-457f-9c92-c701967894c3,amelia sn,Susah di akses,2,0,2023-05-15 07:28:00
1453fb8c-b72d-4896-b4d4-a737aafe8c82,Ameliya Khodizah,Kaga guna,1,0,2023-05-12 05:59:24
1e80dc43-faa4-43e9-bf76-90c57c53a479,Ramelan Suroto Untung Ramelan,Tidak banyak komentar. Sedikit bicara banyak bekerja.,5,0,2023-05-11 06:37:42
b12111c0-fdcd-4542-8d07-0161a19b1290,husna haidir,Ya Allah ini aplikasi keduluan mati orang masih pagi ga bisa di akses..kami warga Depok warga negara Indonesia sulit banget daftar puskesmas aja..sok sok an mau maju tapi malah bikin Sulit,1,0,2023-05-09 23:14:46
da196763-9c09-49bb-981d-7e21cab4b86d,Andri subandi,"Aplikasi selalu tidak bisa di buka, atau lama dibuka padahal sinyal lancar, pecat orang IT kalau ga bisa optimalkan aplikasi ini",2,12,2023-05-09 11:29:24
94150e11-1acc-439f-a96d-da5c80671e48,ean nugraha,"Banyak fitur di aplikasi yg tidak bisa dibuka, tolong diperhatikan maintenance nya",1,2,2023-05-09 01:50:07
8db4c3ab-69eb-4735-9a15-e77804de76af,Noer Khasanah,Makin kesini makin ribet aja berobat. Ada segala pake aplikasi .. Keburu MATI orang kalo pelayan kaya begi .......RIBETTTT AAAMMATTT,1,0,2023-05-05 05:40:07
e095caac-f12b-4f0d-9dff-17dfe7e3b20c,Fir Daus,Membantu utk daftar puskesmas,5,0,2023-05-03 09:47:54
a176efb9-d4da-4f26-9372-de9623e0ac9c,Koko Add,Aplikasi gak guna!,1,0,2023-05-02 02:09:39
f007b45f-e41e-4835-b638-42614cac4942,MzRdh_15,"Aplikasi apaan ini, bukan mempermudah malah mempersulit",1,0,2023-05-02 00:16:48
ca1cf164-eb85-42a4-866c-89bc93e4026b,Lies Lies,Setelah di update knp jadi lemot dan susah buat daftar ke puskesmas nya aneh enakan fitur yg lama dulu yg skrg ribet g bisa kebuka,1,8,2023-05-01 22:18:11
113807f1-c4dc-46fe-ab32-32352078ec3e,Rachman D,Jelek,1,0,2023-05-01 08:45:46
72cf5f00-2710-42ad-aa23-343bf7c7ed76,Yuliee Pelangi,Sangat buruk untuk apa ada aplikasi ini jika tidak ada fungsinya,1,0,2023-05-01 07:34:27
41bbf94c-5650-403b-9fc8-070063399884,sarman Hatake,aplikasi bagus simple & mudah di pahami tapi sering eror system mohon di perbaiki,3,0,2023-05-01 01:32:40
92445884-1a8c-40d2-905f-4eceeacfef9d,Abta Riyani,"Sebenernya app nya bagus.. cuma sayang lola lemot..😂 gak tau app yg lemot, atw jaringan saya yg lemot Mau daftar aja susah",3,0,2023-04-28 21:05:39
fa352468-e5f7-4d48-9b47-c775882d6621,Fajar Ade Putra,Aplikasi ga bisa dipake.. payah deh,1,0,2023-04-28 15:42:07
3b4ebafe-c524-4659-bb9d-e190f45630da,Ruth Solagracia,sering down 😑,1,0,2023-04-28 14:22:42
1cd9a497-a277-4ef6-863a-3674f4b6ae8b,Fery Budiawan,Byk fitur yg tdk dapat di gunakan seperti layanan SJP dan fitur2 yg lainnya,1,0,2023-04-28 06:50:49
c963ce22-002a-494a-a764-8847b031576a,tahu bulet,sangat membantu,3,0,2023-04-28 05:16:37
03ced1c1-edf6-40ba-bab8-5469b87aaf08,Rusli Uci,CCTV nya byk yg tidak berfungsi.... Tlng diperbaiki....,3,1,2023-04-28 04:06:42
19615a83-f196-49ba-a8ad-745d63056d15,Yati Yati,"Saya mau daftar online kok yg keluar otomatis terus ya,",1,0,2023-04-17 16:30:45
9ea78cf8-088b-4769-ac3e-123c1f668cdf,Johan Davy Ocean,Terima kasih,5,0,2023-04-12 09:05:44
6a5babcd-a567-4def-8fa8-37d7c9b8fd62,ferdly kurniawan,"Kacau, lemot sekali,, makin canggih makin sulit,, mohon pertimbangkan lagi,, kembali ke daftar manual aja,, kalau begini kita masyarakat mau apa2 jadi ribet, sangat merepotkan kami,, apa lagi mengenai kandungan ibu hamil... Makin di persulit... Mohon untuk pak wali kota tolong permudah kami...,, termi kasih...",1,0,2023-04-04 05:18:05
34897712-e457-49f8-ac19-6b762bdb0be2,Dewi,Aplikasi sering keluar sendiri.. Knp itu ya?? Pdhl mw dftr online nih kl daftar offline selalu keabisan kuota..,2,1,2023-04-01 11:56:38
eb2d8485-6def-466b-928d-fdda89e49627,Nur Halimah,Jgn di download percuma ga bs di pake,1,0,2023-03-31 20:29:52
07a10e4b-b91f-41d5-89a6-f10d951c237d,Febri Ansyah,"Sangat membantu,, tp ko sayang silondo muter2 terus ga bisa,, tolong di perbaiki",5,0,2023-03-27 07:02:04
402ebfe5-fe9f-4522-9503-685d9a73d3bb,Anas Amrulloh,Baguss terus tingkatkan kota Depok,5,0,2023-03-27 00:20:47
59e22b82-d380-4e59-bd0f-6868aa1c8cea,Siti Alfiyan,Aplikasi ga guna,1,0,2023-03-21 09:33:08
8e62909a-d7a0-4c66-8d7e-698c4d244b58,Rohmadani Dwi Oktaviansyah,Aplikasi yang bagus,5,0,2023-03-20 04:45:52
08a0d1d3-06ba-40be-9d43-40cb56a75be5,Khudori Syukur,Bagus,5,0,2023-03-17 04:10:13
a01bcfbd-98eb-4757-b9a6-aae91067626b,Rinaldi Anwar,"Pendaftaran KDS atau bansos lainnya, baiknya bisa melalu DSW. Petugas siap verifikasi dari data yang masuk, karena sekarang setiap orang sudah satu NIK.",3,3,2023-03-16 07:33:24
ecffc65a-aff9-45ed-b2df-6eadcf864a4e,Sandra Kurniawan,ERRORRRRRRRRRR MULUUUU !!!!,1,0,2023-03-15 10:08:52
3e28d4dd-309b-43ed-b60e-59d5767715a0,Riska Indiani,Android gak bisa,5,0,2023-03-15 04:54:44
aa7128c5-0256-41be-a94b-4dc54de224be,Annisa Ahmad,Kenapa pada saat saya ingin daftar vaksin tanggal lahir tidak tertera jelas hanya kosong saja . Jadi susah untuk mengisi tanggal lahir. Saya ingin vaksin .,4,0,2023-03-14 12:52:51
f31b541c-2d0d-42f7-af8d-0c13af7ed72f,Fajar Dewi,Mau daftar puskesmas klik daftar online auto keluar aplikasi terus. Payah !!! Harus bgt ya itu gambar depan muka walikotanya???????,1,0,2023-03-14 02:48:08
dfd7376e-1a2e-40f3-9378-dfb8ee0dafdf,Chairul Fajriansyah,Di update pajak motor malah g bisa ini min. Mw cek baiaya pajak motor. Tp cek biaya pbb bisa. Motor yg g bisa. Trmksih,1,0,2023-03-13 01:27:31
0f9fff58-6f03-4552-aefd-6299ba862535,B S,cupu apl lemot jam pelayanan pns era orba banget hahaha,1,0,2023-03-06 08:13:44
60c3d78b-34cd-46d7-8eae-204a4515bba9,Muhamad Rafi Arifin,Secara user interface sudah bagus namun lebih di tingkatkan lagi dengan fitur dark mode agar lebih cangggih,4,1,2023-03-03 15:02:00
66892cea-ba03-4705-99b4-fc3ee80d1a30,Erma Yunita,Capek stiap mau daftar online slalu eror bolak balik keluar sndri tolong donk diperbaiki yg bener apk nya,2,0,2023-02-25 02:00:06
ec365539-710f-4f11-9ade-a1df7b051b8f,ARY TOP COOL AC,Sangat membantu,5,0,2023-02-24 15:30:42
aefe5991-3477-427b-b6f2-b1742ee1c852,affwan sidik,"Aplikasi apaan kaya gini pencet menu vaksin malah gak bisa malah keluar lagi Ana IT nya pada bodoh bgt kerja nya bikin aplikasi kaya gini main"" gak ada serius nya gimana depok mau bagus tikus berdasi nya kaya gtu dan anak IT nya juga gak becus",1,7,2023-02-24 12:56:46
eaeaa505-4db0-4933-8b36-e0eaec395fb0,teddy SuhendarYT,Mana WiFi gabisa,1,0,2023-02-23 09:29:04
464f9dfc-6b7b-4fa3-ac4c-a956a80437f5,Ari ardhiansyah,tiga dulu belum bisa di pahami dan masih kesulitan belum dibikin simpel dan mudah,3,0,2023-02-21 06:29:46
f5066b60-cb55-4d86-bc9b-b4b9f2f76325,susanti siera,Ok,4,0,2023-02-14 05:12:47
e3c6d87e-82a4-41e6-86bb-6fec37b361b1,Muhammad Alvaritsi,Aplikasi blank tidak bisa digunakan sama sekali,1,0,2023-02-05 12:41:00
ec80be81-0791-4d52-8ac2-ec96614126b1,Abdullah Ayang,mntap,4,0,2023-02-05 07:37:12
b6af1b7b-47d0-4a93-8156-ebfb8864a4f9,Yusril Ramadhan,"Aplikasi tidak bermanfaat, Wifi dipasang doang tapi ga bisa dipake",1,0,2023-02-04 14:00:37
edd16dfc-902c-46ab-a686-fd216b5c4dad,Andika Aprilliansyah,nice,5,0,2023-02-03 09:35:59
155aa8e6-05ee-448a-b029-d43f32a603ab,Saumi ayu Salsabila,"Anak harus imunisasi tpi harus daftar online, tapi aplikasi nya ga bisa di pake setiap mau daftar keluar mulu G guna bgt aplikasi nya",1,4,2023-02-03 04:13:31
4b372d61-616d-4cee-a87d-2ebd08e98b9c,db,"Mantab penanganan aduannya, bikin perang tetangga wkwk DEPOK MEMANG BEDA!",1,0,2023-02-02 06:35:07
335c617d-bed4-49a1-b0cd-2ed51652c95b,Ahmad Fauzi,Bagus,5,0,2023-01-31 04:16:01
456392ff-06fb-41d8-b7db-f4d66791882f,Aqila Adelia M,blm bisa cara pakainya,4,0,2023-01-31 04:08:52
92083dde-a94e-4459-a543-c9c2fec44a96,nano waty,Memudahkan warga. Terimakasih banyak,5,0,2023-01-31 02:11:42
b095c26d-9bb2-4192-8b63-acbb608a9db3,Redaksi Pantau Pers,Thanks you,5,0,2023-01-31 01:52:56
83e07b56-528f-4920-b0d3-96b46eba7652,rito,Tahu besar pajaknya yg harus dibayar,5,0,2023-01-30 14:12:10
03f848f7-3c2b-4e01-8919-bc69014ef5cb,Seswi Rahayu,"aplikasi tdk bisa kebuka, tolong diperbaiki lg.",1,0,2023-01-30 12:51:40
3f8c3f79-2ab2-4a1f-8641-ef364218cd3c,Wahib Aby,cukup membantu,4,0,2023-01-30 11:09:00
6eed64b8-191d-49ac-8bd7-b25934616a5f,sonia lalusu,Makin ribet,2,0,2023-01-30 00:41:34
6e06db5b-23d1-46f9-83a5-0c3538f4e512,Margo Margo,Mau daftar online supaya mudah,5,0,2023-01-29 12:27:03
f4956b38-f874-4dc3-aa14-c02acf920208,Arum Anisa,Ok,5,0,2023-01-29 11:59:03
762a4ae4-50b8-449f-a1f5-26734a70a805,Gatot Wibowo,Bagus,4,0,2023-01-29 05:13:00
32abd70d-539f-41b1-9b91-4954e45bb405,Muhammad Ridwan Taufik,Bagus,5,0,2023-01-29 01:12:41
e80aa9e7-e200-4469-8474-0602d5d38ddf,RINALDI BLOGGER,Keren banget,5,0,2023-01-28 15:29:13
01e7d01d-6994-4720-b200-8ff9730c18ad,Faizal Aziz,Biar bintang yg menjawab.....,1,0,2023-01-28 10:49:46
8e45c9be-d4b8-4e04-aadf-003010fcf63e,diah andandi,Sangat memudahkan melakukan pendaftaran tanpa antri dari pagi tuk dapat kuota,5,0,2023-01-28 03:22:36
47a5cac1-7360-46fc-94a4-a6d3da533f4e,Nur Alie,Bagus,5,0,2023-01-28 01:49:07
ff1fa4a7-42c5-4d0f-bbfe-68f4536d3755,Putri Najwa,Sangat membantu,5,0,2023-01-27 08:31:33
8932fcb0-addd-4823-aa1a-d7749a11c8df,Yuli Anti,Bagus aplikasinya hanya agak lama klo kita perlu daftar buru2 g bisa,4,0,2023-01-27 07:47:34
d0c27ed2-09f8-4ac9-a3df-4c3366dfdaf2,Erdi Erdiansyah,"Tentang vaksin belum update, Real time dengan informasi dari faskes.. Entahlah",2,0,2023-01-27 06:25:35
63f6fac8-0230-492b-bc99-90aa2edf023c,Hendra Boengra,Depok memang Keren abis,5,0,2023-01-27 00:37:03
d0ad4e7a-f9e7-419e-918a-342841b0e144,Cicih Wiratmah,"Membantu n memudahkan untuk pembayaran pajaknya, hak usah repot2 bawa duit lebih karena kita udah tahu sebesar apa kita harus bayar pajaknya",5,1,2023-01-26 12:35:16
4ebd559d-b15e-4e4e-88fe-6645e1169ba3,Noviyanti Ningsih,Bagus aflikasinya..,3,0,2023-01-26 00:19:02
17069d28-2cdb-4619-a43c-47b9c7bc8589,Supriyadi Qodasi,Semoga bermanfaat bagi warga Depok.,5,0,2023-01-26 00:18:23
65cf73bd-3676-4811-b8cc-501dc525ed16,Bima Ichwan,Top,5,0,2023-01-25 13:04:49
26e8b512-b8d5-46e7-b2f3-ecb9e0301928,Raden Aulia,"saya tidak bisa menggunakan fitur WiFi pada aplikasi ini, saya sudah mengikuti instruksi tetapi selalu bermasalah pada jaringan padahal koneksi WiFi di tempat saya sinyalnya sangat kencang tetapi sekalipun tidak bisa masuk",1,11,2023-01-23 00:31:14
d5a2f479-95d3-47f3-bad9-1e3f07c7c332,Jafar Sidik,"Apk bagus , daftar puskesmas dan RSUD bisa online gak khawatir kehabisan no antrian edit: apk gak bisa dibuka, tolong diperbaiki lagi .",2,0,2023-01-19 04:25:22
d63eafa9-96c0-4a24-8818-a4afd4803b30,Saidah Ida,Aplikasi nya cukup bgs👍,5,0,2023-01-18 05:43:05
485e5747-b707-4e53-9040-d4e3f68e11d0,muhammad muzakki,Cuma numpang sama Indihome,1,0,2023-01-17 13:34:11
84651b53-45ce-4fab-97aa-74cf2e793ff1,Dina Putri,Sangat membantu saya yg punya anak kecil tapi mau berobat. Jadi ga perlu antri lagi,5,0,2023-01-15 12:41:50
42cfbf34-fd90-45fb-9315-9e30c05e30ec,Astri Setyo,"pengaduan selalu gagal kirim padahal koneksi internet saya bagus. saya sudah tidak tahan dengan warga yang tiba2 menjadikan sebelah dan belakang rumah saya tempat pembuangan dan pembakaran sampah sembarangan. saya lelah adu argumen dengan mereka, ketua RT juga tidak berguna dan tidak solutif karena tidak merasakan sesaknya nafas di dalam rumah sendiri.",1,0,2023-01-15 11:23:34
1f5796be-6a96-40ba-8db9-a6873060288c,Malik Maulana,"Aplikasi ini bagus dan sangat membantu tapi sayang suka error dan ga bisa di buka, Tolong di perbaiki lg..",4,0,2023-01-15 06:23:37
fec65781-ca84-4827-a10a-2bf2deb28070,Haidar,Ribet,1,0,2023-01-14 04:39:23
7c392cc1-209c-4206-bec9-dd341bfe78d3,Wahyu Diah Oktaviani,Ke puskesmas kalo berobat suruh daftar online. Tpi apk sangat gembel gangguan muluu. Sangat perlu perbaikan .,1,0,2023-01-13 23:54:00
70682f9f-f1fc-43aa-917e-b887f09d9e9b,Nur Hidayatulloh,Ok,5,0,2023-01-13 23:24:58
7ebea129-f4fc-4221-9e3b-a4f5c64e5dda,Ahmad,Sangat Membantu..,5,0,2023-01-12 00:49:31
d6c4bce8-1d2f-4a6e-b2e1-bc299b1efe71,Rosita Salma,"Tolong lah untuk daftar puskesmas susah banget, pendaftaran tutup melulu padahal masih pagi banget kan aneh , aplikasi yang eror atau rusak, kalo di puskesmas aslinya aja masih ada pendaftaran nya!!",1,18,2023-01-05 22:47:48
a80f3728-6ec4-47ef-b3f8-a3cfd86ab887,Ndda Adah,"Apknya ga bisa dipake, kalo mau klik link selalu ga kebuka, tolong di perbaiki lagi apknya",1,4,2022-12-31 12:12:19
b15acc5f-4350-4a0a-a578-2c5caa0a8af7,Iip Saepudin,"Sertifikat tidak valid, aplikasi tdk berjalan dgn baik",1,0,2022-12-26 03:19:30
2b2b385a-6eff-454d-9bce-5ec8a6ad8321,Yudis Tira Alhamid,Kurang memuaskan,5,0,2022-12-22 20:25:49
da41804f-76e1-4c04-a416-57140b9ac0ab,Subi Yono,Ngak bisa d pake..jaringan ya.payah..loyo...,1,0,2022-12-18 00:20:20
586115c8-7449-48c0-9cbc-2a48052c67cb,wisnu yulianto,sangat mengecewakan. antrian selalu habis. padahal daftar dari jam 12 malem. masa ga prnh dpt kuota.. harusnya lebih dri 10,1,0,2022-12-13 17:51:19
7bf7958e-9ffe-43a0-9f66-c1a29ed83594,Ajar2903 20,"Download Formulir pada aplikasi ini ga bisa dibuka"" padahal udah dimasukin email dan password nya berkali"" Mhon ditingkatkan pelayanannya Semoga makin sukses utk depok",3,0,2022-12-13 10:57:33
63eb9b31-f8a5-445f-bb1b-9a6f26d23ed0,Catur Sri Wulandari,"Ini aplikasi yg lengkap dan bagus membantu akses informasi yg dibutuhkan termasuk untuk pendaftaran online di puskesmas, tapi sayangnya aplikasinya sering eror jadi suka keluar dengan sendirinya.. kalau lg eror harus di uninstal terlebih dahulu, kemudian di instal kembali untuk bisa akses aplikasi ini. Mohon ke depannya bisa di perbaiki, terimakasih.",3,17,2022-12-12 04:26:32
cf41dde8-e232-44a6-b77a-db896720037b,Rizky Muhammad Ilyas,Kenapaa keseringan forced close ya?? Tolong di maksimal kan perkembangan apk nya biar memudahkan pendaftaran nya,4,0,2022-12-12 04:25:37
42361fef-da87-41e1-b1a5-b7b158daf9f5,Har No,Bagus Dra gigi nya ramah,5,0,2022-12-11 10:42:58
7a2d0469-be15-407a-85a5-086feb27bc08,Ardi Yansyah,Mau buka aplikasinya susah banget. Tolong diperbaiki.,2,0,2022-12-09 10:50:24
e2532d54-4d0e-4a63-82d2-6c4c754a8b2a,Nonik Monika,"Forceclose terus, keluar aplikasi terus -_",1,0,2022-12-08 00:22:33
11d7483e-9a37-4a66-a36e-e8e8d1be5f29,Muhammad Faisal Aulia,"Coba Depok fokus perbaikan tata kota dulu, lebarin jalan dan atasi banjir. Jgn buang anggaran bikin aplikasi ga berguna kayak begini",1,1,2022-12-06 16:18:17
4beb93c2-622f-4914-9994-7232b997650a,Nasir Hamzah,Upaya Pemkot Depok untuk integrasi pelayanan lewat satu aplikasi dalam genggaman,5,0,2022-12-04 22:00:27
d2a9d97d-2726-4a45-bf7a-afdcc1a3fc8a,Win Astriana,Memudahkan untuk mendaftar di puskes dan RSUD,5,0,2022-12-03 12:39:16
3fd99c5c-61ed-45f9-8c35-b78ec4774423,Ahmad Syehan,"Bikin aplikasi niat gk sih, duit nya aja gede makan anggaran",1,0,2022-12-03 05:15:31
c6020121-741f-4afd-b7dd-694ee885866a,adheridho Technical,Kacau nih aplikasi Dibuka ya susah banget Sekalinya masuk tiba2 keluar dengan sendirinya,1,5,2022-11-29 17:15:12
875d470f-2c7d-4fe0-be6c-715b12a83153,suhendra wahyuri,"Berharap aplikasi ini bisa menyaingi aplikasi jaki punya Jakarta, ada form pengaduan 24 jam, bisa berkordinasi dengan petugas terkait dan bisa membantu bersama membangun Depok menjadi lebih baik 🙏",5,11,2022-11-29 05:07:03
51ff9262-440f-4eb1-bbc5-f3082afc6ea3,Muhammad Hafiizh,"APLIKASI NYUSAHIN ANJIR, GIMANE MAO KE PUSKESMAS ANJIR APLIKASI KELUAR² TERUS! WOY GAUSAH BUAT APLIKASI KALO EMANG MASIH ADA KENDALA, BUAT APLIKASI COBA COBA LANGSUNG DI LAUNCHING YA GINI JADINYA.",1,0,2022-11-29 01:43:04
2e800836-c7e9-4437-9f1b-4d71c7240525,Budi Kurniadi,"Poli KIA diPuskesmas Beji kok gak bisa daftar online, padahal sangat membantu ibu hamil daripada harus daftar manual dikerumunan pasien² yg lain.",3,0,2022-11-28 05:01:21
c579b8ea-f781-4d93-8fbd-79a134708019,Dewi Nova,Keluar terus mau daftar onlen ke puskesmas. Sangat tdk efektif.,1,4,2022-11-27 22:05:34
50341702-d919-4e4e-a460-9029e24241b5,Monica pudi,Parah bnget. Selalu keluar sndiri ni apk.,1,1,2022-11-21 17:08:39
6622b482-940d-4966-a642-101be222c520,JIMI HARDI SS HARDI,Mantap dan jempol daaah,5,0,2022-11-18 15:24:31
4c4dbf80-9946-4cd9-a154-eea4dd3882ec,Sandhi,"Harusnya ini aplikasi kaya alpukat Jakarta, segala keperluan bisa langsung dari aplikasi, ini minta print KK baru aja dilempar ke whatsapp kelurahan mending petugasnya respon ini boro² jadi nggak ada guna tetep ribet.",1,0,2022-11-18 06:00:42
f8dd7ba4-3e5d-49c8-92c5-0c2ca87bf227,Tri Wibowo,"Aplikasi yang sangat membantu dengan adanya layanan tambahan Transportasi Khususnya di Terminal Tipe A Jatijajar, memudahkan untuk pengecekan jadwal keberangkatan bus dan pembelian tiket, mantap",5,2,2022-11-18 01:16:08
ec384d01-da9d-4fc5-b3f3-eeeca45eaeaa,Bayu S,"UPTD Puskesmas Cipayung layanan pagi hari ada poli ISPA tapi di pendaftaran onlie DSW tidak ada, sehingga saya harus menukar antrian dari poli umum ke poli ISPA dengan nomor antrian yang jauh. Tolong diperbaiki, update sesuai kondisi lapangan.",1,0,2022-11-16 00:51:38
d691754b-9dce-4ab6-8152-0c8a1251a718,Tika,"Apk nya tidak bagus, sering tiba2 close sendiri.",1,0,2022-11-13 11:59:30
d47f86a0-2045-4a5c-8a27-041938c1301a,Iqro Anugrah Putra,"Selamat siang, izin bertanya. 1. Untuk Layanan Kesehatan - Pendaftaran Online untuk Poli KIA kuotanya berapa ya? Kok selalu kuotanya habis? 2. Apakah bisa ditambahkan fitur date picker untuk melakukan daftar online sehingga user dapat memilih tanggal untuk daftar online. Existing hanya bisa H-2, H-1 dan H. Berdasarkan pengalaman sudah 2 kali ingin daftar online salah satu layanan kesehatan selalu habis kuota. Mohon evaluasi dan update fitur-fiturnya untuk memudahkan Masyarakat. Salam.",1,0,2022-11-12 11:37:43
7c8e617f-421e-487f-a6bd-cc3af9f455bb,Mahmud Ansyori,"Jadi warga pindahan, coba aplikasi ini. Ternyata lengkap juga informasi",5,0,2022-11-10 04:47:43
87ac4ef3-32c8-4b34-8bfc-c75acf1e1bdd,Yunita purnama sari,Sangat membantu,4,0,2022-11-09 05:22:49
5b797946-c767-4987-bb17-58c48c7015ba,9A Dwi Maulana,masa ngak bisa di download,2,0,2022-11-06 04:31:04
814fbed4-1c83-498e-9fe8-fc4b26110ac9,Fahmi Fahreji,"Lagi daftar kenapa keluar sendiri Mulu, ko malah jadi ribet, tolonglah diperbaiki kualitas dan pelayanan onlinenya...",1,1,2022-11-06 00:34:22
dfd9d7c5-ecad-4e71-9264-e70379d3ec78,Jessica Novalina,"Sore min, saya mau komplain ketika saya buka aplikasi Depok Single Window itu koq bawaannya keluar mulu soalnya saya mau daftar brobat trs tolong dibetulin lg aplikasinya agar lebih bagus.",1,3,2022-11-04 09:27:06
ccd330d0-53c9-4fd1-86c8-c3ed0f35e33e,Irfan Ismail,Good,3,0,2022-11-02 03:50:46
c2b6daeb-d477-4a9e-b809-879a2f7aeca6,Rifky Aditya,"capek banget,baru mau isi data selalu keluar sendiri. aplikasi ini bukan mempermudah malah menyulitkan,sangat tidak efektif padahal untuk keperluan penting pendaftaran berobat.",1,2,2022-11-01 07:59:20
8d2569ef-b73e-4ad2-9aaa-045e4ed2fbff,Bagas Cakra Ningrat,Bagus Tingkatkan lagi,5,0,2022-10-31 13:53:44
d6e00f9e-ae3f-4569-85e4-5a0737d5ec6e,Rudy Suhartono,Baru dicoba,5,0,2022-10-31 01:26:05
3e731d38-cbe4-4120-91a0-65a16da9da26,HI DAYAT,Coba,5,0,2022-10-31 00:14:08
5eb0a5f7-2afd-4db0-967d-6952ac302bf3,Rizyonxu Rockabilly,"Niat apa kaga si melayani masyarakat, separo separo gini bantu nya. Aplikasi kaga jelas fc mulu hadeeh..",1,0,2022-10-30 10:01:49
3b95b235-c1a5-4d79-8798-0d0403b99e26,desi apriyanti97,ini gimana sih aplikasi keluar2 sendiri saat dibutuhkan bgini,1,0,2022-10-26 03:36:53
49ad51b8-10f1-4b44-a74d-b1fba0c230f7,jarwo manuntung,Sangat tidak membantu untuk daftar pemeriksaan Catin. Dipuskesmas minta online tapi selalu penuh atau server bermasalah. 👎👎👎👎,1,1,2022-10-25 11:04:11
d1af663f-0962-46ea-b394-2ee45d3a1304,Daffa Bule,Sippp,4,0,2022-10-24 01:39:04
5005e8ab-d1eb-4134-9c98-820b68c0dec0,Siti Yuliani,"Apus aja mendingan aplikasi nya dr pada ga bisa dipake, mau daftar aja susah bgt keluar-keluar terus bukanya diperbaikin..",1,2,2022-10-23 05:48:36
b8ae7919-3615-4fd7-9fd5-4ef745fdfa63,zenedine djajat,Tidak ada kelanjutan setiap laporan yg dikirim.. dan ga ada fitur chat langsung atau notifikasi kalau laporan di terima.. jangan cuma pencitraan aja tapi ga ada manfaatnya..,2,0,2022-10-23 04:45:58
5b2d5661-dfdf-4339-8c30-42c6b3d3a841,Dimas Nurbiansyah,"PUSKESMAS PALING BURUK!! ORANG DATENG JAM 9 NANYA MAU MINTA ANTRIAN DISURUH DAFTAR ONLINE,OKE KITA DFTAR PAS DAFTAR ONLINE TERNYATA ANTRIANNYA SAMOE JAM 9 WKWK KOCAK,MENDING INFOIN KALO BATAS PENDAFTARAN ITU SAMPE JAM 9 JADI GA BUANGW WAKTU,TERUS SAYA LIAT ORANG YANG BEROBAT DITANYA KELUAHANNYA SAMBIL DIRI,TAPI MAAF SAYA GASEMPET FOTO/VIDEO KEBURU MALES LAMA DISANA 2 KALI DAPET PELAYANAN KAYA GITU MAKASIH DEPOK",1,0,2022-10-20 03:17:17
f823ffb9-b346-4108-9954-635b3e7e2d05,Ardhelia Putri,"Gimana sihh baru mau daftar online ko langsung keluar sendiri 😒tolong di perbaiki lagi dong buat apa di ada on daftar online v harus di ulang"" terus dan hasil y masih nihil alias ga bisa",1,1,2022-10-19 23:36:08
a7b31bbf-8d4f-4bab-b9c3-51d06bd4c8a4,Perjaka Tulen,Siap di pejari,5,0,2022-10-19 06:23:39
1c924271-8ed7-4c37-8726-adec2faad8a1,Ikbal Aja,Sangat membantu masyarakat. .ok banget,4,0,2022-10-16 06:10:28
9a43c4ce-a558-4255-a165-fcfbe5c48e47,Jader 1851,Aplikasi gk jelas,1,0,2022-10-15 23:16:42
358d66a3-9486-4104-8cc8-fa19ab748cb2,Moehamad Rinaldy,"Mohon maaf min , ini kenapa saya gak bisa2 ya buat login buat pendaftaran",2,0,2022-10-15 18:18:31
ed51939d-ef05-40ad-ba9b-0a6bcf30d8fb,iwan keisha,"Mantab depok.,..semua ada disini..mudah2an..berkembang trus inovasinya..",5,0,2022-10-15 02:35:05
ce3106bb-2668-4e49-aa01-fc0ab1f308f0,RICHI CHANNEL,"Nie aplikasinya apaan dibuka ko keluar, asu ga dbenerin",1,0,2022-10-13 20:09:55
935667dd-4517-410e-b339-65b3de7187b4,m H chanel,Ok,1,0,2022-10-11 01:56:34
2471efec-f03e-4347-8433-8ab47c2db9cc,Wanty Kurniawan,Bagus dan sangat membantu,5,0,2022-10-06 22:24:51
67513a45-c506-4794-ad93-aefe7f89f5de,rini sulis,"Aplikasi nya terhenti terus, ga bisa dibuka.. antri juga deh di puskesmas",2,0,2022-10-06 10:12:30
5a9b73f3-22e1-481c-8590-1672132ac2f5,Chika Turdian,Sangat mrmbantu,5,0,2022-10-05 23:44:20
e6235914-d1a9-4bb4-9476-5ea6ae4bb4e6,Zaky Fathoni,"Mau share tiket antrian puskesmas, abis itu ga bisa dibuka lagi samsek.",1,0,2022-09-28 23:00:07
d25e99c9-2e90-47b0-a8aa-d06c2ad16025,Riski Praditya Pratama M02,Knp sih aplikasi desa ini baru saja mau login pendaftaran kok aplikasinya keluar terus maaf kpd operator tolong dong ditingkatkan lg untuk kenyamanan nya jd mudah untuk mengakses aplikasinya jd lebih mudah lg,1,3,2022-09-28 14:34:04
28b3dc75-2a04-41f7-9d78-905577bb7156,Nur Dianto,"Baru juga di download udah minta pembaruan apk,udah gtu apk nya keluar sendri,tolong donk di perbaiki lg",1,0,2022-09-27 08:20:20
e54aef6d-f9cc-4a59-906f-3ea6aacd4e72,Bisri Ahmad,Harus lebih profesional dalam terapkaan aplikasi lagi,4,0,2022-09-26 02:10:35
5b149da1-9b0f-40e7-ab9f-4604353bea53,wito ramadhani,Selamat siang maaf saya mau tanya .. saya kan bis upgrade DsW yg baru. Ko gak bida di buka ya . Apa hp nya spek nya kurang pa gmna ya. Mohon bantuannya . Merk hp OPPO A1K,4,0,2022-09-25 06:28:27
71321c79-6e66-496f-93f4-4c3c380c7411,Asbany Satria,Ok,5,0,2022-09-25 01:18:45
98625eeb-be93-4985-8600-0935e10ee61f,Nurul Fikri Ciracas,Mantab,5,0,2022-09-19 14:45:32
23903f3e-f966-4d25-9dd0-48b5657c2e83,Lena Norama,sdh bbrp hari dftar ke puskesmas g bs dan skrg stlh dihapus instal lg malah kluar tiba2...ada apakah dg aplikasinya,1,1,2022-09-19 11:03:19
99ece075-6cfc-4239-a570-cd9fbb76d455,Ediel S,Masih mencoba,3,0,2022-09-16 11:29:53
c9efd955-d33e-4891-8e5e-ed4a98c7b74e,Acun Herianto,percuma kita komentar juga karena tidak merubah atw memperbaiki pelayanan nya,1,1,2022-09-15 05:07:36
b92f8d0d-f476-412f-beda-1f2b818a1325,Zona Nikmat,Aplikasi ga bisa di akses samasekali. Payah,1,0,2022-09-15 01:27:24
d07661bd-ee67-44a1-8f76-b0db2b1bd7b4,Anggoro Prasetyo,Gak guna saya sudah daftar online tetep aja ngantri lagi buat pendaftaran di puskesmas Bojongsari,1,0,2022-09-14 01:57:01
c2ec63c9-b93f-4f79-a386-9239c494c01a,brahmono akbar,Aplikasi sangat membantu warga Depok,5,0,2022-09-13 22:53:33
e1294efa-e4b4-47f6-8da1-bcdb9f353c5e,Tria Amanda,"Lagi coba apply pendaftaran on-line buat berobat ke puskesmas tapi aplikasi nya malah keluar keluar sendiri gitu, udah gitu sama aja mau daftar online/engga, tetep ikut antrian pendaftaran offline di puskesmas nya, terus gunanya aplikasi ini buat daftar online apaahhh????",1,8,2022-09-12 10:35:26
269c9604-91e8-45a8-ae93-5d0d3bda069b,Yudhi Yud Yud,Apk Gak Jelas Sueeeeeeee,1,0,2022-09-05 10:17:44
7e3b03ff-92c6-4a0c-92f3-79829cdbc053,Dedi Setiaji,Terlalu ribet,1,0,2022-09-05 07:33:23
32367c77-e275-488f-9ed7-406dfb3bfc1d,Pepe Dudy,"Aplikasi dsw bikin ribet aja, mau berobat sama kontrol aja mesti berebut daftar online yang kuotanya sangat sedikit.",2,5,2022-09-02 23:38:45
91e2caad-b01e-4c3c-add0-2af5896dd08e,Agus Cipto,Mantaap maju terus kota Depok,5,0,2022-08-30 07:39:41
4c7b7b84-024e-4c23-9fc8-7bea0a7cd27a,Dedek Romala,Top,5,0,2022-08-29 01:27:52
caa93f21-d830-401e-a57e-a17685d884c6,Saban Adtarisa,"Kasih bintang 3 dlu,,kalau bgs di tmbah lg bintangnya",3,0,2022-08-28 12:48:32
cc1cd9de-6d32-4701-a43b-eaf9273b05fe,Rindielina Elina,Apk nya keluar sndiri Mulu ribet bgt dah,1,0,2022-08-27 01:40:17
cad015da-4c30-47a3-a60e-cde56da3ac68,mulatsih cokro,Gak bisa masuk aplikasinya,1,0,2022-08-26 04:59:49
5ba033c5-2d35-4074-b68c-8c2c03cb1b98,Ruminingsih Ruminingsih,Aplikasi suka error,4,0,2022-08-26 00:22:09
a54c16df-fc93-4294-ab4e-c7aea20d85d1,joko “dokterban” susilo,Cukup membantu warga depok,4,0,2022-08-24 23:04:52
0d206fe9-df70-406b-9269-5274c83f67a0,Aulia,"Aplikasi tidak membantu malah nyusahin ibu hamil, mau daftar jadi ribet masa tgl nya merah semua, sekali nya sudah bisa kuota antrian jadi habis",1,2,2022-08-24 17:27:25
9391a2fe-7736-4bb7-b92f-f990574c3e52,Wildan Rasyidi A,semakin lebih baik,5,0,2022-08-24 10:26:04
9507969d-6fe1-4623-97f9-9cd85361b62f,Egi Pratama,Aplikasi sangat baguss dan membantu,5,0,2022-08-24 10:13:58
ed0568d5-ba97-46b8-ac6f-db846b61d73b,Muhammad Sandi,Aplikasinya keren 😁👍,5,0,2022-08-24 10:10:00
4c312aa6-c10b-4d54-b6c4-79e3a9240522,daripah 18,Terimakasih semua bagus ..top depok semoga bertambah majuu..,5,0,2022-08-23 22:58:59
5e0c161b-8519-4863-b07f-15da81021477,Husein Barawas,👍👍👍👍👍👍👍👍👍👍👍👍👍👍👍👍👍👍👍👍👍👍👍👍👍👍👍👍👍👍👍👍👍👍👍👍👍👍👍👍👍👍👍👍👍👍👍👍👍👍,5,0,2022-08-23 12:47:47
5f9f75f6-15aa-4d4f-97da-8eab9223bc70,Anggun Bee,"Kalau bikin aplikasi yg serius kenapa , ini ga bisa di buka setelah daftar online ini apk penting bgt Loch pasti banyak yang pake tolong di perbaiki lagi yaa",1,0,2022-08-23 02:26:59
3c668216-f582-4b7b-870d-909562e3ec72,Niken Timur Hayuningtias,"Ribet kata saya mah, klo yg mau berobat gigi harus trus megang HP gitu buat dapet nomor antrian yg kouta nya cuma sedikit,pendaftaran online bisa buat besok & lusa , klo yg anak2 muda bisa , klo yg lansia gak ngerti HP sama sekali kasihan juga.",1,4,2022-08-21 00:00:44
d579135a-7d88-4f7e-a247-cb42f4b8458b,asrori 005,"Aplikasi jd sering kluar sndiri, tolong benahi bug nya",2,0,2022-08-18 01:53:35
2e99369e-4f4f-4aad-9168-f42f82413244,Eka Yuliani,Ko daftar ktp hilang pas selasai isi data unexpect trus ya?,3,0,2022-08-15 06:53:41
97130727-fb43-40f8-bb4f-c947f336258d,afry Moe,Gk jelas sdh di download malah linknya hilang gk jelas,1,0,2022-08-14 05:08:05
99a9186b-db8a-4eb2-90c1-5b322b86bffd,dicky prabowo,APLIKASI GA JELAS. DI BUAT RIBET. SELALU GAGAL UNTUK DAFTAR. MEMPERSULIT PENDAFTARAN.,1,0,2022-08-08 02:14:40
9906f34f-55f9-4e15-bf50-dae51ba4b60d,Irma Yuniar,"Gimana ya ini abis daftar online puskesmas kok malah apk nya keluar sendiri, mau login gabisa coba dong tolong kok error trus padahal nomor antrian puskes ada di apk nya gmn kalo gabisa di buka. Harusnya kalo emg daftar online dr apk nya jgn menyusahkan masyarakat dong. Hadeuu perbaiki lagiii jgn buat susahhh!!",1,9,2022-08-08 00:05:04
fac56533-8c12-4da8-929c-fa4644337f90,Nana Depok,"Coba aplikasi nya di perbaiki karena tiap buka apk sll keluar LG,",2,0,2022-08-06 16:01:55
bbd3a1ba-2d2f-4a8e-9cee-5543415b0059,Ismail Fadillah Akbar,"Selalu force close. Spek perangkat saya: Xiaomi poco x3 gt, ram 8Gb, sisa penyimpanan 57Gb, speed internet ul 30mbps, dl 32mbps. Mohon berkenan segera perbaiki.",1,0,2022-08-03 07:38:38
4a3323a3-a699-4819-9e73-ef041a125895,TACO THE NORWEGIAN CAT,Aplikasi banyak bug.. tolong dong sering force close padahal cuma daftar puskesmas doang.. terus sering jalan sendiri aps nya dan buat terganggu.,1,6,2022-08-01 16:51:56
b170254e-0593-4c72-bc2c-487afc6fd625,Rita Ashari,In apk gmna yaa...masyarakat butuh bwt penggunaan kalo akan k'puskesmas..misal datang langsung k'puskesmas kami ditolak krna belum mendaftar (saya mengalami). Tapi giliran d'gunakan apk na erorr..d'hapus d'download kembali ga bisa... Kalo emg aturan pemerintah diharuskan memakai apk in...tim maintenance harus na gercep..jd masyarakat tdk kesulitan!!,1,5,2022-07-31 23:43:58
2b46b267-847d-4337-9d8c-a41b412334ea,alika dinda,"Apk ribet pengen brobat darurat malah kaga bisaa, malah ribetin jadinya",1,0,2022-07-31 14:51:56
c13b3f65-1b99-481b-a700-b551ca040e2b,Aminin 212,"Gk bsa daftar online, selalu keluar sendiri. Payah bgt",3,1,2022-07-27 03:58:35
d07a6485-c9df-420f-ac07-f9abf9923542,Anak Singkong Channel,Membantu sekali *5 untuk pelayanan pemkot depok Di luar jam kerja pun masih melayani,5,0,2022-07-26 14:29:26
4dcc45a5-cd84-4bb1-8ce1-1ffc6c6e2ba9,Nur Ovie Aefiana (Nona),Aplikasi nya keluar mulu 👎👎👎👎👎👎👎👎👎👎👎👎,1,0,2022-07-25 12:54:36
840f4010-2866-4545-9930-75fcf78d13c2,GHALIN BINTANG CAHAYA,Ga bisa ke buka,1,0,2022-07-25 07:15:48
3826b115-d7b2-4978-a6a3-bd00a933596a,ACHFAZ MILNUAR,Good,5,0,2022-07-24 05:01:12
99104d2b-f73e-48f3-a5f4-99f11836882d,Yosep Andrean,gak bisa login. ribet.,1,0,2022-07-22 16:02:20
17870df7-87dd-45ba-8be5-e8a002200fd4,Siti Aminah,Astagfirullah orang mau ke pukesmas aja di buat ribet kouta selalu penuh bikin susah orang dosa loh Kh M idris walkot depok,1,2,2022-07-20 08:19:35
69729c22-3c33-48b5-b847-35d128c31e8c,Robert Harry,Mau daftar aja ribet amat sie. Mau periksa kandungan,5,0,2022-07-17 11:17:15
39af7522-1d0a-4bec-8f1b-d64a7fca440f,Erwin alvaro Alvaro,"APLIKASI PAYAH, UDAH LOGIN BERKALI KALI TAPI GA BISA MASUK SELALU KELUAR TERUS. NGERIBETIN YG MAU BEROBAT AJA",1,0,2022-07-15 12:48:07
52bf4c60-96e0-40e9-83cf-b786f76f075a,Ayu Fitri Rahayu,"Mau imunisasi aja ribet bgt skrg Udh wa ke pihak puskesmas, di aluhkan ke aplikasi. Nanya cara daftar buat imunisasi biar di pandu untuk daftar, karna baru pertamakali dan ga ngerti, ga di gubris. Nyoba nyoba klik menu di aplikasi. Sekali nya bisa, layanan tutup Anjir lah Ga jelas bege",1,13,2022-07-11 13:49:21
f136363e-4ef8-44f6-a20e-f9bc46f6e903,Ayadi,Gk sesuai dgn janji.mu..ribet.apk erro,1,1,2022-07-07 03:17:43
d567bfaa-1ff1-49b2-a71d-5f5a93bdd798,Rizka Novaliani,"Aplikasinya suka keluar sendiri, menyusahkan yang mau daftar Puskesmas. Ditolak daftar langsung ke Puskesmas, padahal ibu hamil mau cek lab dam kontrol bulanan. Fiturnya juga tutup, jadi gabisa daftar. Kalau online ya online semua, ini Poli lain juga bisa daftar langsung, bikin repot aja.",1,3,2022-07-06 04:26:55
2df4d98d-e9bf-4849-bbb0-addf1141bd0b,alumni atpu,aneh banget....pelayanan puskesmas selalu tercantum tutup. Kapan bukanya. Ngapain aja kerjanya.Bayar bpjs harus pelayanan buruk sejak pendaftaran,1,0,2022-07-05 14:16:41
8eedf687-7c1a-44cb-b24a-5ddc7caff2dd,Rahmat Kurniawan,Baik untuk menambah wawasan kota Depok,5,0,2022-07-04 01:42:38
5a7a844b-d916-477f-9af3-ac99bed80153,Sopian Sauri,"Susah masuk buat daftar Umum ,aplikasinya sangat Lambat padahal jaringan bagus",1,0,2022-06-30 09:11:54
cd23dd88-37af-42a5-b894-7848ef62d0fd,NITI AZZALEA,"Aneh harus berkali2 login, dan tidak bisa masuk juga ke aplikasinya. Sekalinya masuk keluar sendiri. Mending ga usah pake aplikasi2an. Hapus aja. Seharusnya setaraf pemerintahan punya aplikasi yang bagus, seperti di luar negri, sangat membantu warganya. Tolong di perbaiki.",1,12,2022-06-28 15:09:07
84b5c53d-4221-4ff7-bf0e-b6f188b0ff23,Totoro Jolant,Aplikasinya parah bgt force close terus Udah instal beberapa kali masih sama Gimana nih IT nya masa ga di perbaikin ampe sekarang Busuk aplikasinya,1,3,2022-06-23 00:18:36
f725a939-dd4d-436a-bd93-b239ea60db31,Muhammad Sarifudin,Dikit dikit keluar ga jelas ga usah download buang2 kouta,1,0,2022-06-18 00:25:28
d05c7d28-b317-4d56-b3b9-42a08ba7bcef,Rajab Rangkuti,Sangat membantu,5,0,2022-06-16 12:12:34
116aa187-2fe2-4c6d-92ba-af7a5d5e5db1,Windaa Meilani,"Aplikasi gajelas gabisa kebuka mlu, kadang keluar sendiri",1,0,2022-06-14 11:31:45
cf94ab6d-4c7d-440d-a6fa-1d5456774182,dimas “capunk”,Kota Depok 🇲🇨,5,0,2022-06-13 13:39:52
66461301-ba34-4175-bc21-2b0cc2eb9cb0,Ade Nurma,Ok,5,0,2022-06-08 19:35:12
64946ba0-c6bd-413a-9ca5-4715d28f0fec,Bana Setiawan,Download gagal terus,1,0,2022-06-07 07:14:08
1be92ae9-956d-403a-9390-dd1bf2b8343d,adji hendrawan,"Connection time out mulu, tolong tingkatkan layanan lg, masa layanan masyarakat tp bgini",1,1,2022-06-07 05:39:24
35cd54d9-47fb-4033-a43d-10efbed56ad8,uki reka,"kaga jelas pisan,masa mo daftar kaga bisa",1,0,2022-06-06 13:58:00
c6c7b0c1-947f-4471-b085-64f9f860bfbc,kake yaman,TDK bisa klik aplikasi selalu keluar dgn sendiri nya.. tolong permudah,1,0,2022-05-25 02:23:41
0c4f76ec-4601-4d83-a449-b8adedfc8177,cak wie dwi prihasto,Sekarang dsw g bisa dibuka,3,0,2022-05-17 04:49:58
0fd4c5f9-a9d3-4421-b0fd-dbe53391bb68,Ashben Lenska,"Aplikasi gak guna, force close mulu, ga bisa download tiket pendaftaran",1,3,2022-05-13 04:47:22
3a6ebaeb-b20d-4bf3-967d-d42eb8fcdc51,lolla widy,Gak jelas aplikasinya,1,0,2022-05-12 06:34:17
a9229b4d-0e0e-448e-8bd7-59b936ee7ef8,Fahmi Adam,Top aja,5,0,2022-05-10 12:56:12
a090db24-a0ea-4e90-a2d3-c60f1e37486b,Arif Hikmah,Hadewwwhhhhhhhh lemot,1,0,2022-05-07 03:18:25
8a561052-0277-454f-8e61-5cc8f82a36bc,Santi Eko,Muter muter aja padahal butuh bgt daftar online ke poli gigi puskesmas sukmajaya....susah beet,1,0,2022-05-05 14:23:45
49945e92-12ca-42f3-bbb2-9765d5ba6218,Mamay Mae Siti Maesaroh,cakep..depok semakin jaya,5,0,2022-04-19 02:25:30
4652dc2e-7b59-4a5a-907f-0095647f1c80,data pepdinkesdepok,"Sangat membantu utk daftar vaksin, terimakasih.",5,0,2022-04-18 03:24:31
220f55f2-a64e-4906-904b-fa4d66a10aa9,Sandy Putra,Kenapa ya tiap detik selalu di kirim link Depok singe window error/crash trus alias bug stlh buka link DSW nya.. Tolong di perbaki,1,10,2022-04-17 12:19:04
19c0dd10-e24a-4f4c-b4e8-a29a1f79b85b,Ahmad Fauzi,Bagus dan sangat membantu,5,0,2022-04-15 14:55:49
c3437263-2f3c-428d-86dc-36d547388d60,Amir 423,Mempermudah warga Depok dalam hal pelayanan faskes dan akses informasi,5,0,2022-04-12 03:30:57
7428bcea-2306-41ad-8830-3728bea0a2ae,Raudhah Raudhah,Ini hanya perpindahan dari tatap muka ke obrolan online (via whatapps). Kapan aplukasi yang sesungguhnya ada?,1,0,2022-04-12 01:28:13
9d2e8b45-8cda-4d02-9a31-5d6a6d21aa00,Gunz Wibisono,Aplikasi tidak berguna.. Pada akhir nya di arahkan ke wa... Dan tidak ada respon di wa.. Yang lain sudah menggunakan full aplikasi langsung isi dan upload berkas..,1,2,2022-04-06 07:31:01
e96629b3-210c-409e-af97-f61ed8a77825,Nofri Gilang,Bgus bgt signyal nya udah 30 mnit muter muter mulu kaya gojek,1,0,2022-04-05 06:16:13
d3af20eb-2c63-4b63-af43-adf2275c9884,Gon MP,"Perbaiki App, sering keluar otomatis",2,0,2022-04-03 11:45:48
d16437ca-3ee5-4ec3-93a2-a104df771c48,Adi Supriadi,Terimakasih pemerintah Depok yg telah mempermudah anak2 kami untuk belajar online..,5,0,2022-04-02 04:09:17
ed4609ff-6223-4fd5-a80f-b790ff6734b2,Sigit Agus Raharjo,force close,1,0,2022-03-29 10:30:59
58af2b72-e742-4a0d-93f3-ddceb4d8aed7,Randi Lutfi,"Sumpah gajelas bgt anj, jaringan bagus tapi gabisa buka aplikasi nya. Kocak",1,0,2022-03-29 02:58:46
8532ca0d-8d6b-4278-94f8-56ded28c7208,Mr Chaup,Terlalu berbelit. Menyusahkan orang lain yg ingn berobat. Perosedur yg terlalu panjang n selalu berganti prosedur. Sungguh sangat d sayangkan karena peserta bpjs jg bayar.,1,0,2022-03-28 05:32:22
c9a0e78a-523a-4d63-a9d1-aa344146dcad,ahmad dzaky santino,sering forse cloe,1,0,2022-03-25 15:20:31
10d86d9d-33f4-4d8b-ae0b-068ce34fb127,Siti Ahyani,Top,5,0,2022-03-24 15:00:45
1422afe3-1b57-41cf-b397-cb02141b75eb,Afrida Sulistiawati,Aplikasi tolol,1,0,2022-03-23 09:07:55
29542388-f038-4814-87f9-8726cdbe08d0,Mang Ewing,Sangat bermanfaat bagi masyarakat kita,5,0,2022-03-21 12:12:30
40c0ebfb-5e73-4f75-9117-709dc4be6f19,Anton R,Sangat membantu,5,0,2022-03-18 07:51:26
7f5cda83-2772-440d-afa5-996860fa217d,Abdul Majid El Hasani,"Ini aplikasinya sering bgt force close sendiri.. setelah daftar,jg tidak ada record di akun bahwasanya terdaftar.",2,0,2022-03-16 13:57:37
42162dcd-2f16-4e2f-a9a0-5d26614da598,Muhammad Arif,"Tolong fungsi e-sppt diupgade. Bukan hanya menampilkan nominal, tapi juga bisa download e-sppt nya. Apa bedanya dgn app e-pbb kota depok?",1,1,2022-03-16 06:03:36
54f7ac56-49af-411c-8560-1bdcdb8a2335,Mazz Mantri,Maju dan sukses pemkot depok,5,0,2022-03-13 15:59:29
4f3e0a8a-2312-4d5d-aa01-d8d3001aeaed,Desy alsadera,Jraidaheyehe,5,0,2022-03-13 01:55:04
8d04938f-254a-413a-a66a-ef7a677d5dc7,dhika yudha setiawan,"sangat terbantu dengan aplikasi Depok Single Window(DSW) ini, aplikasinya friendly usser banget dan lumayan lengkap. buat yang install aplikasi ini dan memberikan bintang 1 berarti kurang menghargai pembuat aplikasi, wajarlah kalau aplikasi ini terkadang suka erorr karena harus terkoneksi dengan BANYAK PELAYANAN PUBLIK SE-KOTA DEPOK. jangan pakai aplikasi ini kalau ussernya cuma bisa negatif thinking...!!!",5,15,2022-03-09 19:49:57
8af8e1e8-8b70-4438-b7a6-fa23ff99f2a3,Endang Martini,Bagus,5,0,2022-02-24 01:31:38
23a8dd67-8c88-4c8e-9f69-0ff48f6a3d53,koboi 31,Tolong tampilkan nominal NJOP di pbb biar lbh bagus aplikasi nya,2,0,2022-02-23 15:15:12
5609c8af-637c-40ff-9c41-64d3efd92caf,Louis Vitt,"Masih ada bug.. dsw langsung force close setelah sukses daftar puskesmas untuk besok. Tolong perbaiki biar ke depan lebih nyaman, tidak force close lagi",5,9,2022-02-23 02:28:44
a13c6470-8501-445c-9f2c-3e654892e508,Syahtrio Wiyoko,Kota mandiri,5,0,2022-02-22 05:07:37
39abb1d9-01d1-498b-b727-e722d29d6fbd,Marga Sucipto,CCTV masih offline,5,0,2022-02-18 14:08:48
a15e2f66-e9e7-47a4-abb7-66ba76c3fae7,Adikawuri,Aplikasi nya bagus 👍,5,0,2022-02-17 02:05:06
910902d6-145e-4513-bb81-62f3b121daef,Riyadhul Jannah,"Jelek banget woy saya mau daftar berobat ga bisa"" ga ngerti lagi ama nih aplikasi. Percuma ada aplikasi tp tetep ngantri juga.",1,0,2022-02-15 22:46:01
25295411-1d91-4790-9b34-c2828246d641,merah delima,Lambat..,5,0,2022-02-14 19:29:38
06bca910-c293-4389-9ae4-0eb9051d69df,Nia Kalangi,Keren,5,0,2022-02-14 15:20:06
d7eb3c29-d24a-40af-8598-83a7e1ce8d3a,Jerri Manalu,Bagus,5,0,2022-02-13 11:38:45
7eae5178-7d2d-457d-ae8e-ec1df4ba791a,Ramashinta Defi,"Kok pas sudah selesai daftar langsung force close ya, gimana cara saya serahkan bukti daftarnya ke puskesmas",1,1,2022-02-02 05:30:44
c6b7a61c-d6dd-4dcd-831b-ecb43d321a17,Aditya Warman,aplikasi keluar keluar trus ga bisa di buka gimana ini,2,0,2022-02-02 00:19:33
a85d922e-85c2-43d0-bbc5-7088310ef388,nardi yanto,M OK,4,0,2022-01-29 11:50:51
27cfacc3-ce9b-4adc-a55e-352a9cd4043f,Siti Halimah,Aplikasi bagus,3,0,2022-01-28 23:58:33
febe21ab-ed8c-4caa-9121-f87c05cb7536,Saleh Alatas,Aplikasi nya sangat membantu,5,0,2022-01-28 03:21:11
af3f9867-9f7e-4c62-a5da-3d29092e26e3,Diah Diah,Alhamdulillah sangat membantu dan memudahkan untuk daftar puskesmas via online..ayo tingkatkan lagi untuk melayani semua masyarakat depok.terima kasih.,4,2,2022-01-27 08:04:48
bc98b4b9-d86d-4a9a-9821-45c18331b1b5,Admin dokterban,Peruntukan Apk nnya bagus. Tapi sering logout sendiri . . Jd kudu sabar ..hmmmmm,3,0,2022-01-26 05:04:16
d0ce1010-179d-4a17-b21a-ddfbfd568f9e,Adita Restuadi,"Buat login aja susah, tulisan nya Anda Belum Terdaftar.. padahal nulis RM sama NIK udah bener.. udah 4x gitu terus semenjak 2 bulan terakhir.. ujung2nya harus nanya ke pusat informasi",1,0,2022-01-24 04:03:19
e8c62c01-b611-48e1-a5a6-bd21bc64ae4b,Junedi Junedi,mantap dsw,5,0,2022-01-23 07:35:40
91a13bb8-7fe1-4cb3-8c40-9d68cad25614,Pakde Padiman,"Mau mulai memakai aplikasi DSW ini, tapi kok banyak komentar yg menyatakan aplikasi ini hak mutu ya.",3,0,2022-01-22 14:02:25
efef89b6-55a7-4e19-8c0d-274bb91dce15,Fadli 105,Burik,5,0,2022-01-19 02:07:26
e8d7edc4-2b23-4c30-98ac-5832e7028b09,Gunawan Budi Setianto,"Woi respon dong. Update aplikasinya. Ini keluhan saya. Daftar online puskesmas susah, nggak bisa bayar pakai BPJS, pas pengecekan BPJS muncul tulisan ""pengecekan BPJS gagal"" sedangkan kalau bayar biasa nggak pakai BPJS bisa langsung konfirmasi daftar. Tolong diperbaiki lagi aplikasinya.",1,7,2022-01-18 22:07:43
53c87f7c-59f3-4453-a893-10b1752728c6,Fuji Yulianti Padiku,"Setiap hari semua poli tutup, kecuali gigi. Sama aja boong, ga bisa daftar.",1,1,2022-01-16 15:22:05
50d306fa-053b-4311-a668-1e68fc2127e7,Wiwi Puspitasari,Mengapa aplikasi sudah terinsal kadang tidak bisa di buka?menutup sendiri jd hars install uang?,2,0,2022-01-16 10:21:00
ab68bbc8-3f20-4be5-9dcc-7dd9384a0314,Louis Pulungan,Bagus...mantaaaaappp infonya,5,0,2022-01-16 05:42:07
294a3317-59eb-4438-91f1-f840ab59b83f,hans candra,"Bagus bpjs terdetek dan pendaftaran bisa dilakuka . Terimakasih, terus ditingkatkan srmoga menjadi lebih baik lagi",5,0,2022-01-13 03:41:02
5cd5a4ba-8edf-4e16-9607-ba3a046415ca,Hardyanto Wiryosoemitro,Ok bgt lannsung on,4,0,2022-01-12 12:42:08
56dab644-6665-48dc-a76c-92374907da97,ojjie oke,"Mantap, Sudah bisa daftar Puskesmas online #KotaDepok",5,0,2022-01-09 13:30:47
447faa07-a1d8-4ff1-b66a-84cfbcbd950b,Radit gaming,Info jelas & akurat...,5,0,2022-01-07 02:30:24
ca9c0e2e-9d3b-4bec-a55c-01d102489b56,Andre stingky,Mantap,5,0,2022-01-06 02:33:53
7dcc5329-fe40-49a3-9b1f-f1ba6b3cd524,Ria Maria,Kesehatan kejujuran dan hak asasi adalah modal utama bagi bangsa indonesia,1,0,2021-12-30 03:18:53
f9ba81b9-d31c-4c48-b1aa-22c60598daf4,Vera Haris,Jagan kamu takuy,5,0,2021-12-29 20:49:15
8074ae7c-1f03-4ba3-bf03-08d5ffc678ff,Nurul Hanifah,Sangat membantu dengan adanya aplikasi ini..,5,0,2021-12-28 03:50:21
9ed8ea6b-2146-4212-b42f-26bb04aadc2a,Halasan Tobalake,Berguna,5,0,2021-12-27 22:26:47
4d70bc36-75f9-4c20-b1b2-e214cfbfccc4,Sandal Baru,Pom,2,0,2021-12-24 14:41:02
80feb4f7-5e68-43b5-b30a-97309bbb0701,Widi Armoko,Waspada Malware,1,0,2021-12-24 05:40:42
b91df078-e324-4d79-a0fb-2a3f26cfb05d,Lena Agustina,Memudahkan untuk pendaftaran di RSUD,5,0,2021-12-23 08:39:12
319a5d6a-e88b-4660-8af6-e07bbec984ca,karsih kasih,Aplikasi Abal abal,1,0,2021-12-22 11:19:09
263a64b0-2cd6-43b9-88bb-8227b561709f,Azhar Ghaliyyah,"Gajelas aplikasinya tampilan awal doang bagus, giliran mau konfirmasi ga bisa di klik. Benerin dulu baru di publis deh.",1,0,2021-12-21 04:20:27
b0df495d-88eb-462b-9119-3180018849ce,haris fery,Aplikasi nya gak up-to-date... Jelek... Untuk vaksin aja gak lengkap Puskesmas nya....,1,0,2021-12-21 01:40:25
372025a3-9925-480a-83f8-40b2ce4eff80,Setiarini,"Mau berobat ssh org yg udh parah keburu kg ke tolong, online ssh slalu penuh dtg lgsg gk bs Bkn'a mmprnudah dng adanya aplikasi online justru sulit apalgi buat k poli gigi gk prnh dpt no antrian slu tnda merah cb donk ini kn buat kshatn msyarakat diprmudah lah dftr nya jng sulit ky gini ms smua tnda mrah penuh dr senin SMP jumat kpn bs dpt jdwal buat berobat🙏",2,1,2021-12-21 00:54:49
e7687d5b-3f78-4f9e-b4c8-4feb2ec0571d,Sumarto Wasngari,"DSW yang sekarang mantap 👍👍👍sy klo mau berobat ke puskesmas cipayung pake online gampang banget, enak gk ribet",5,1,2021-12-20 13:49:00
6573d517-db54-4751-9368-47e5250d492b,giok djie,Sangat membantu kami warga Depok,5,0,2021-12-19 03:48:25
83c3535d-10da-44ef-9f5d-b7787f89d724,HENDRA PRIYATNAS,Alhamdulillah sangat membantu..ada cctv..pelayanan dll..terimakasih,5,1,2021-12-18 12:56:02
30aaaa8c-3e3a-487c-8519-b2cf75f502f2,Dedy Supriadi,Mantap,5,0,2021-12-17 05:41:09
0ed60e9c-145a-4983-8da8-a6ad7fcd9139,Nur Nuraeni,Bagus bgt sinyalnya,5,0,2021-12-17 00:40:56
5ef39a63-41dd-46f5-aba4-4aa00e819807,Denis Nofika,Aplikasi keren bermanfaat n sangat membantu kami ☺️☺️🥰🥰,5,0,2021-12-16 12:21:51
209e546e-13d3-4b14-b40a-137dadfd651f,Ary Styawan,Baru download kemaren blom juga dipake.. Udah minta update aja..,1,0,2021-12-16 03:08:31
bf8e2440-b645-4ddb-bec1-af1ad056b80f,Rini Indah,Gampang serta mudah tuk dpt infomasinya Cepat,5,0,2021-12-15 15:33:31
688db63e-d7de-49c5-a6d7-915bc8aefcab,Mars Marslow,"Keren, memudahkan",5,0,2021-12-15 14:30:50
abbfeb0c-868d-4702-9d91-dca6ffa641a2,hasnah apriliyanti,"Udah di update, tapi malah gakbisa ngisi tgl booking ke rsnya. Ini gimana tolong, mau daftar jadi susah",1,0,2021-12-15 05:32:54
cac7c0b6-db11-45c1-b881-0f876d450a52,Hendra A,Aplikasi nya belum jalan dengan baik daftar untuk profil saja gak berhasil error terus,1,1,2021-12-15 03:26:47
9aa6419d-09de-4acf-be5e-8981eacdbb9f,Scouting Forboy,Tolong di perbaiki fitur pemilihan tanggal pendaftaran online untuk pasien Rajal tidak bisa di akses setelah pembaruan versi sekarang..,2,0,2021-12-14 17:24:33
5be707a4-cc56-46f2-b0a4-5f95e15c9029,Hennie Puryanti,"Aplikasi terlalu banyak eror, tidak bisa daftar online",1,0,2021-12-14 16:45:12
0b5e7c8e-01cc-4e9b-b5f0-b7e208abb4f7,Jo Supriyanto,"bukannya makin bagus , malah makin gak berguna.. bug nya bukan makin sedikit malah makin banyak",1,0,2021-12-14 10:20:44
3462d0f9-ca9a-44bc-943c-d9524e90f6fe,muhammad Taufik,"Aplikasi ga berguna, data udah ada di bpjs kis tpi di search tidak di temukan, ketauan bgt kerja pada ga bner, hal bgini aja ga ada MT nya apa, apk blom 100% udah di running, miris bayar pajak buat fasilitas macam kaya gini",1,9,2021-12-13 15:42:19
9e8c9db4-cd37-43d5-ae87-d7ba60933a68,Putra Perlidiansa,"Ini sangat parah sudah daftar poli umum tangal kenapa merah semua tolong di perbaiki aplikasi nya, bukan nya mudah malah sulit untuk daftar",5,6,2021-12-13 01:33:45
540f713b-9962-43ba-b7e2-c3ded2a7f8d9,Shenza adiva Septiawan,Aduh asli ini susah bgt aplikasinya...bang om..Depok tuh udh byk anggaran buat ini DSW jd perbaikan...kami mau berobat daftar aja ..masyarakat allah sulitnya...dosa lho anda bikin aplikasi malah mempersulit org,1,0,2021-12-12 21:32:08
7543ab17-e928-41a7-a049-324f22a72b2a,Rosita Aja,Makin keren depokku,5,0,2021-12-12 10:32:07
d1d66385-14c7-4c36-ac3b-6c1c78ce1afe,Putri Nur Laila,"Kalo belum siap sedia jgn dipublis aplikasinya coba dlu trus benerin.. byk erornya, bukannya membantu orang malah nyusahin. Daftar online kolom tgl lahir ga bisa di isi, tp kalo di skip mesti di isi.. jd maunya gmna????",1,18,2021-12-12 08:32:37
17c0e682-4906-45d8-894d-0250ee0d4321,Athaillah Abdi,Pelayanan secara umum sangat baik Mudah2an dapat dipertahankan hingga generasi selanjutnya. Bravo RSUD Kota Depok .,5,1,2021-12-12 06:00:56
efffeb52-44ef-4689-8b47-a4d6eb2cb5e0,Mul Yati,Susah masuknya,2,0,2021-12-12 01:26:52
77c66fd7-151e-49a5-be9f-8666892ae198,Bram Rusdartono,Bagus,5,0,2021-12-11 11:03:29
81866c0a-5548-42f1-8b9d-589940c8c43c,indra Gilang Wibawa,"Informasi dan layanan dalam satu aplikasi, bagus... Terus tambah layananya",5,1,2021-12-11 10:37:03
c71dffac-f46d-42df-b1ce-0af66bd24629,Hardiman Ahmad,Baik sekali,5,0,2021-12-11 10:26:35
4607af8a-898b-4af7-9b23-24d39581665b,Ipenk Bengkel,Sangat membantu sekali apkl...,5,1,2021-12-10 23:34:58
df8f0548-b7d1-4e3f-afa3-f017d24e9e09,Darraz Benari,cari data pembayaran pajak tanah. mantap!,5,0,2021-12-03 13:49:57
597c1071-c29a-45eb-a039-e67e36e0dfba,Buah Rujak,"Cukup Membantu,klo pengen kbagian kuota ya daftar.a dua hari sebelumnya atau satu hari sebelumnya",3,2,2021-12-02 03:47:56
3a0c75e0-d5f4-4213-bf80-dcf05ab29b2f,Nur Jalil,Menjadi mudah dlm pendaftaran....trim's DSW,5,0,2021-11-29 23:39:19
2aee2195-3183-47e1-bc37-4506d6dc1301,WandiPati #6572,"Mantap, bermanfaat sekali",5,1,2021-11-29 15:16:51
8cacc58b-aac0-409d-bb7d-cc585d7a2341,Iwan Setiawan,Bagus...,5,0,2021-11-25 06:38:19
346db347-cb57-4e42-880b-bb57e121e6c3,Eko Priyanto,Sip.. Sangat membantu.,5,1,2021-11-22 14:00:24
cd4a5da3-5700-4cce-9e90-946e5384584d,salsa nabillah,"Tolong dong untuk dinas kesehatan Depok. Mau daftar puskesmas offline di abadijaya cuman di batesin buat 30 org aja. Sementara daftar online kuota udah penuh sampai bulan depan. Saya mau berobat jadi bingung sndiri. Kalau di puskesmas sukamaju baru gaada tuh yg dibatesin berapa"" org yg dtng. Kenapa di abadijaya di batesin ya ? Memang alasannya karena ppkm tapi puskesmas lain ga di batesin kayak gini. Padahal saya cuman mau minta surat rujukan ke RS buat ibu saya. Mohon diperbaiki layanannya 🙏",3,2,2021-11-18 12:54:24
5d0ad6c1-65f8-4b66-8186-88b10a3721a6,36 puluh,"daftar online puskesmas isi tanggal kunjungan susah nya minta ampun tanggal tidak bisa di klik , aplikasi macam apa ini",1,3,2021-11-14 20:39:13
1306c221-db68-45f5-bc98-5162ef5eb564,Candra Sriwibowo,apikasi g bisa d andalkan stiap mau daftar selalu kuota penuh trus dan tanggal d bln yg sama d merahin,1,0,2021-11-05 03:44:16
48135ab2-ef57-4aae-9989-37b2506db40c,Guntur Hadi,Aplikasi masih mentah dan banyak bug nya..,1,1,2021-11-04 01:17:02
19fa9c5f-6e53-44de-beb0-91fdc4d8b2e7,Zaenal Abidin,kerreeennnn. komplit ini,5,1,2021-11-04 00:41:16
4f6af35b-d7a9-45fd-b9f6-b0beb9239caf,Walter Hasugian,"Tidak bisa mendaftar online karena Tanggalannya tidak connect, walau sudah berulang kali aplikasinya di download & dihapus...",1,0,2021-11-03 14:06:02
e94f80da-245c-41a2-b55e-f715a192fb51,Fauzan,"APLIKASI BENERIN LAH BOS, GILA KALI MAU DAFTAR ONLINE AJA SUSAH BANGET PADAHAL JARINGAN BAGUS, GILIRAN PAS MAU PENCET DAFTAR SEKARANG MALAH GA MUNCUL"" HASIL DAFTAR NYA, SEBENERNYA BISA NGURUSIN APLIKASI NYA GA SI? KALO GABISA SINI SAYA AJARIN!!!",1,3,2021-10-31 17:20:45
cc208428-029a-4543-aacd-d429502cb581,sumadiyana 61,Sering terbentur oleh jumlah quota. (Error),3,0,2021-10-28 02:47:26
17c64c1f-c5a6-4a9b-b776-2332a31c929a,Aska Syahputra,Bagus,5,0,2021-10-23 06:43:40
a76fca10-76f3-4567-9a81-c2bf50214e72,Neng Pamungkas,"Masyaallah tabarakallah, Alhamdulillah bermanfaat. Terima kasih ntk yg telah membuat aplikasi ini semoga menjadi amal jariah yang baik. 👍🥰",5,4,2021-10-21 00:41:29
1ab06faa-47a6-4d32-a128-5175a7da3646,Edi ĢaruÐa,"Banyak bug mau laporan gak bisa, developernya belajar lagi sini sama saya.",1,1,2021-10-20 20:13:39
3c60c672-4cdb-4536-adfb-5573c78f597f,Ming Suprihadi pery,Sangat Membantu arahan proses2 Administratif dalam segala Permasalahan yang timbul serta Pelayanan Keperluan Masyarakat di Wilayah Kota Depok. Terima Kasih DSW aplikasi.,5,1,2021-10-14 23:33:44
426534a1-6b51-4e77-9975-7739ff82f117,Mohamad Rival Jaya Saputra,"Banyak bug, sering error (padahal jaringan bagus). Ini gimana sih, harusnya mempermudah masyarakat untuk mengakses fasilitas misal pelayanan kesehatan, malah jadi tambah sulit karena seringnya error apk ini. Tolong dong diperbaiki agar masyarakat lebih nyaman menggunakannya.",1,46,2021-10-14 15:03:52
5c05c823-b019-4122-852b-c63fed2c31b4,Asyat Akbar,Aplikasi gak berguna. Tanggal untuk daftar berobat di puskesmas malah diblokir.,1,0,2021-10-13 00:00:43
c3ddb9d0-276b-40fe-9c15-46eaa77107b2,Zainudin Ebet,Semoga Depok semakin maju,5,2,2021-10-12 13:45:54
529887ab-ed15-45a5-9848-f000a92c4dd4,IWAN SANTOSO,Pelayanannya ramah & cepat...👍,5,0,2021-10-12 13:10:27
1e2d7293-4d66-4b07-b47e-7d0d55cf3550,YONDIH TAN,"Dari semalam saya daftar online gak bisa koneksi BPJS tidak terhubung, tolong penjelasannya soalnya butuh banget obat rawat jalan",5,0,2021-10-07 02:32:25
b70c4e29-38b8-43ff-8102-89f7752f7b1a,Efraim Dimas,"Aplikasi tidak berguna!!! Banyak bug, Saya pilih tanggal 11, tetapi yang terdaftar tanggal 4. Gara gara aplikasi ini saya dimarahi orangtua saya habis habisan",1,2,2021-10-03 18:01:01
33724875-5e1d-4f7a-8afa-d614f93e8264,Wawa Ajjah,"Aplikasi gak berguna,, berkali2 mau daftar online puskes utk perikaa hamil tapi tanggalnya gak bisa d klik,, sangat tidak membantu",2,0,2021-10-01 01:21:02
ca2fa4b3-dbda-40db-aa95-48da8404e689,Agus Firmansyah,Sangat berguna bagi masyarakat depok,5,0,2021-09-26 11:23:24
74ed830f-9c9e-427b-b5aa-a738c4d1dc01,RI2 LIVE,Mantap,5,0,2021-09-24 09:04:47
76f68c40-4bc5-49d6-a6da-01acd5b161cc,Ami Fu,"Amit amit deh ini aplikasi..mau daftar online tp aplikasinya muter mlulu..tau² kluar komen ""error timed out""",1,0,2021-09-18 00:07:31
0271ea93-9305-4e30-9cee-e92414e7b9ac,Yullie Rismauli,Sy mau mendaftar online k dr. gigi Rsud Depok krn wkt daftar langsung ( manual) ktny kuota penuh. Berulang kali sy memasukkan no. rekam medik tp jwbnya sll blm terdaftar hingga akhrnya sy capek sndr. Lantas bgmn caranya sy bs mndptkn penanganan dr?,3,1,2021-09-09 03:47:44
4a117330-4c2e-4b9d-8a8a-391fa642a534,Wahyu Deri,Gmn ini mau pilih tanggal kunjungan berobat tidak bisa di klik.. Hadeeehhh padahal udah bagus punya aplikasi seperti ini,2,0,2021-08-31 23:20:36
eedc246d-6922-4e7f-8065-8043fd4f2ded,aprio seto29,Amit amit ya ciri khas RSUD.. Susahnya daftar online . Sy sekeluarga sdh punya RM.. NIK pas sign in di bilang anda belum terdaftar..??? Sy mau daftar kemana lagi.. Bikin aplk yg memudah kan bukan malah jadi ribet.. . (Ada yg bisa di persulit),1,8,2021-08-29 15:59:23
7a4b5ce5-c9c8-4e84-8c0e-aa5756801002,Kusnadi Kusnadi,Plpop,5,0,2021-08-25 06:57:53
74ab336b-a235-400e-91fc-3b52e1769555,Next Page.,Aplikasi buat formalitas. Banyak yg gak update dan EROR.,1,0,2021-08-21 05:03:00
27f6a5fd-df2a-4e6e-a560-cfe3ec7b0fa3,Szafrijal Icap,Ikut,5,0,2021-08-19 08:05:31
764cf080-676c-4849-adf2-44dfee9488e0,Aznafatteh anakbunda,",👍",5,0,2021-08-04 14:10:43
3a6a546f-70cc-4ea3-9212-f99fe9fc27f5,Riya Handayani,"saya mau lapor, udh sering rmh kami kedatangan org ambon ngaku2in rmh ibu saya tanpa bukti dan kerjaan nya mengganggu kami. pdhl yg ngontrak dulu yg punya hutang tp nagih dan teror nya di kel kami. kami bru pindah udh berthn2 tp kok nagih ny bru skrng. tolong di tindaklanjuti. krna ini sgt meresahkan! sy mw lapor gk bs2 di aplikasi ini, jd terpaksa menceritakan di ulasan krna sy bingung kmna sy hrs lapor soal ini.",1,10,2021-08-03 19:44:41
be4369fb-1a41-4c37-a4db-10d32c6d2b67,tati sumiati,Buat cap cut juga boleh makasihhh Des☺️☺️☺️,5,0,2021-07-31 01:18:10
4ee83500-2156-406d-a437-e737f294fbc5,Fredi Ardi,Sangat membantu,4,0,2021-07-30 03:03:43
9eef193f-f7b1-4cbb-82c6-1a692d873024,Temmy Sugianto,Cba dulu,2,0,2021-07-17 12:10:08
9d91e5ab-4102-4012-a68c-e0a0855a4820,Liestya Wati,Penting utk daftar online,5,1,2021-07-12 08:57:35
0924e20d-52aa-43eb-82a7-c95f9eb2e415,kuwati,Good,5,0,2021-07-04 14:08:18
bf41a287-0603-47ca-9600-ab9a24fa406b,ykkap submitted,Kenapa tanggalnya selalu tidak bisa di klik ya? Selalu merah,3,2,2021-07-01 23:33:04
62551cb3-30e7-4b93-8e97-a6cbfc503dd4,Septo Ganteng,KATANYA SEMUA LAYANAN VIA ONLINE ATAU WA TAPI WA NYA GA AKTIF PERNAH AKTIF TAPI GA ADA RESPON...,1,0,2021-06-29 03:41:59
2b22b301-a93a-4ca0-ab16-4308d25f4409,ach zarkasih,Ok,5,0,2021-06-26 16:47:39
11b4b775-3292-46a8-a7d6-803c96823242,Asma Wati,Semoga dengan aplikasi ini di permudah buat berobat'a siapa pun itu,4,3,2021-06-26 08:57:05
634e2a1d-3cb1-4635-b5f1-8a16bf608c36,Mardanih Danih,Mantapdah,5,0,2021-06-23 11:10:27
a2b037a5-cbec-4ca0-9f81-d6cd7b4a7793,Nur hidayat,Sangat membantu,5,0,2021-06-17 22:25:33
791654e2-a30b-454e-ba23-cab4e1f83ec8,Jatmo Durochim,Aplikasi sangat membantu. Buat daftar online ke Rsud. Secara kalau datang lngsng harus berangkat jam berapa ya. Selalu ga dapet nomer... aplikasi mantap.,5,9,2021-06-17 08:17:01
c763068d-e6fd-413e-a3bf-d985cc9577f2,Syavira Andriani,Ko bagian tanggal GK bisa dklik ya,4,1,2021-06-15 02:10:51
f08f622b-b95d-40a1-9914-713e85a95208,muhammad rustam,Aplikasi cuma di bikin doang tapi gak di update sistemnya...gak bermanfaat uninstal aja lah,1,3,2021-06-11 04:21:26
97ea373d-c661-4132-9ab5-d1e6737ec009,Azmi Alauddin Ahmad,Selalu gagal daftar online,1,2,2021-06-09 03:43:07
dbfe9a93-f348-4593-94cc-2fa74507023e,Yuki Asia,Untuk penggunaan WiFi minta nama user nah namanya harus isi/login dmn dulu..?,5,0,2021-06-07 09:00:03
9e3f3753-5753-48cc-b02c-0951b0c8c487,A Irman Firmansyah H,Terbaik,5,0,2021-05-31 04:58:29
76981bb1-4f2a-4ac8-9212-f6c7bb2fcb11,with me Alexa,Aneh skrg dftr online smnggu sblmy tiap jam 12 MLM sush bnr..dlu mh gmpng bgt knp tuh yaa..kcewa berat....ksian pasien psikiatri ky abang gw SK kumat gilany klo kelamaan dpt nmor antrian gara2 dftr online sush skrg,1,0,2021-05-28 03:57:52
8a9a5b4c-db8e-49cf-ba70-a31ee07af5bb,Septi Handayani,Kok muter terus susah sih,3,0,2021-05-27 12:40:43
d7e3168d-c44f-4b14-a746-b3b5455aff32,nico qivo,Membantu sekali,5,0,2021-05-26 04:23:17
27b0a367-ef74-4bff-9819-f39efa008f12,Call Me D,"Sungguh kecewa. Hampir setiap tengah malam daftar selalu penuh. Saya tau ngga mungkin bisa penuh setiap hari, pegawainya juga banyak yang terlalu santai""",1,8,2021-05-25 23:37:13
f30b4da1-c908-4a4f-aba7-12e9f4ebf4cf,Ony Suswanto,Ok jg,3,0,2021-05-24 18:51:08
8dd799af-4c2a-4a80-998f-b9a0366da396,Mari Amsar,"Waduh, waktunya mepet banget untuk ngurus surat dukcapil. Jangan jam 08-12 aja dong please, diperpanjang gitu waktu pengisiannya. Kan cuma terima form doang. ☹️☹️☹️ Pelayanannya kog nanggung gitu, padahal jam kerja PNS sampai jam 16.30",1,3,2021-05-24 05:30:07
4269903c-1405-4e39-9457-3b55214f1020,Kasilah Sila,Layanan terbaik diabad ini sungguh bermanfaat bagi semua orang dan kepenting bisnis.,5,1,2021-05-23 02:59:53
955b5801-5f2e-469b-a972-5adc7b64328e,Bambang Suhendro,Ditambah server nya dong akses k online Depok RSUD mentallll terussss tolong diperhatikannn !!!! Di update malah baddd beratus2 d coba failed terusss sampe hafal tuh no rujukan,1,3,2021-05-20 19:37:02
bf4a4f06-f95e-407b-98ee-3660b6d09d52,Wijaya Adi Kusuma,Good,5,0,2021-05-18 17:14:35
1ca57bdd-60b0-46f4-8ccc-3e7bbdd67591,Nunung warniawati Nunung,Daftar buat berobat,5,0,2021-05-17 13:40:44
ee8814c4-446d-4231-bcc9-636f6803314a,Wahyudhi Effendi,Bangga depok punya aplikasi sebagus ini,5,0,2021-05-16 11:01:53
9977c84e-ef51-4d1e-9d91-9584b73ab1d3,adi suryana,Mantap,5,0,2021-05-16 10:47:20
b7a25173-ebb4-4f60-b435-4f3493a74696,Zero Two,"Tolong aplikasinya selalu bug gk bisa dipakai trus wifinya juga kenapa tiba² login username sama password mana saya tau,ni aplikasi banyak bugnya",1,0,2021-05-03 21:53:23
0ed1a93b-a065-47fd-a0fe-a00d7356f535,parlin chandra,"Perbaiki dong udh bagus ada yg kya gni. cuma klo fiturnya ga bsa di pake buat apa? Ayo"" kerja"" jgn cuma..😁😁",1,4,2021-05-01 18:33:41
49fd41d1-35b7-4432-a328-68087d9f462a,Gila Bola,"Saya kasih bintang 2 dulu. Saya gagal daftar online di layanan puskesmas, tanggal kunjung gak bisa di klik, merah semuanya. Kenapa ya?",2,10,2021-04-17 03:38:28
430c9192-5c23-4f87-9c6d-27cab0e63a87,Win46,Tolong perbaiki donk!!! Daftar online penuh terus🤬🤬 tanggal merah semua kirain hari Minggu semua tanggalannya🤬🤬🤬 aplikasi tidak bagus,1,0,2021-04-12 23:03:45
5ebb7ecd-624c-4faf-8ecf-1a0544678c7c,Wiewie mustyka,Aplikasi abal abal ...,1,0,2021-04-05 23:29:56
5f450750-1915-4579-aa5c-e545bbcd10c6,Fadly Kalam,"Inovasi dari temen temen pemda yang harus kita dukung, walaupun mungkin secara layanan belum maksimal, tugas kita sebagai masyarakat untuk memberikan kritik dan saran yang membangun bukan cuma hujatan dan cacian di kolom komentar 😁",5,0,2021-03-21 18:28:01
8f250abd-9076-4915-a4f0-df8e30eb645a,Ourellia Robella,"Lah baru mau make , kenapa kaga bisa",1,0,2021-03-19 04:33:31
6eaf94bd-e04a-4cd8-9927-e5608cdbc57a,Fiqi Apriansyah,baguss free wifi,5,0,2021-03-15 06:36:22
bdc2465e-3ab5-473a-a4f2-d667e83b3bd3,Nudmil Smeleketoy,Tolong dong segera diperbaiki! Keluar sendiri secara terus menerus sampai skrng.,1,0,2021-03-02 04:27:34
5fe03bc9-da9f-4da4-adeb-56148d1ba0ca,nurin A,Ternyata app lagi ditutup karena akan ada aplikasi yg baru pengganti dsw ini. Tadi baru nanya sama pegawai puskesmas wqwq. Semoga lebih baik 👍👍,5,5,2021-03-02 01:19:00
f82b41c8-95a0-4189-9611-7cb2171e9e1e,Meri Ahu zaira,"Aplikasinya gak bisa dibuka, kluar sendiri gt😔",1,3,2021-03-02 00:05:35
c5ab20b4-5d27-4765-9619-3d1bc245f0b5,Isnaini Liana,aplikasi nya msih kurang bagus...giliran mau masuk daftar online malah ga bisa² ...skrg klo ke Rs hrs daftar online dlu ga bisa lgsg dateng aja...tpi pas online ga bisa² didaftarin..jdi nyusahin klo bgini,1,2,2021-03-01 11:59:44
6ce3272d-67be-42f6-9299-b6a689454816,Farhan Maulana,"Tiba2 keluar sendiri,dan gak bisa dibuka lagi",1,1,2021-03-01 09:13:52
86711d9d-b5fe-4bab-95c3-8c7452c2ae56,Ibnu Hibban,Alhamdulillaah kedepannya tinggal di tingkat kan aja.. dan kalo bisa mb nya di perkecillahh... thoyyib...,4,0,2021-03-01 00:18:28
f58fa5b4-3bda-4d20-bc74-c325eb0b35f7,Dado Dado,Keren,5,0,2021-02-28 07:55:40
3fc4171d-3fb8-42e6-bebd-cb593e6686f6,Semut Batuq,Subscribe My Youtube Channel ya gaes Khairul Gimmang,5,0,2021-02-08 16:31:40
6c8fa3b3-b1f7-449e-a3d0-84cf143e519b,Ulya Noorhanifa,Susah kaga paham terkadang makenya,3,0,2021-01-28 14:29:26
fe3c2b01-c076-475d-8833-a1357196a134,Khuzami Alie,Kereeen Dan professional,5,0,2021-01-21 07:42:32
9b08bd9c-afb8-4f38-93f9-1bb1f5d5afe5,Q,"Mw berobat aja susah, benerin tuh knp setiap daftar penuh terus, dicoba lewat dari 1 minggu, gk bisa. Pikir orang yang berobat harus tetap waktu obatnya tidak boleh putus,. Lebih baik hapus saja daftar online gk membantu malah mempersulit",1,1,2021-01-19 15:15:44
37cddc2c-46b3-4736-8460-8236037a5362,Agatha Greastia,Di update malah jelek.. Keluar mulu dengan sendirinya.. Tolong dong ini kan aplikasi penting buat kita berobat dll,1,3,2021-01-17 02:22:52
03e585df-a22b-4b22-ad50-cc04bc99987a,Anggi Anggi,"Download pen tau dmn lokasi wifi aja Eh pas di liat"" wifi nya di perumahan semua Warga asli depok jarang yg tinggal di perumahan pak Depok not only margonda",3,4,2021-01-17 00:08:46
9b53efe5-793b-44ab-8c55-d823033e69c8,Fitri Yudi,Kenapa iya mo onlien ke RSUD Depok GK bisa2 dr jauh2 hari tngu 23'00 smpae 24'00mlm GK bisa selalu penuh padahal terakhir makae bln November 2020 bisa tp knp skr GK bisa sedangkn dipolinya dpatesin pasiennya gmn dong supaya bisa lg onliennya 🙏🙏🙏,2,1,2021-01-11 15:37:48
3f56c7aa-26c7-4198-b0d1-0253207f9b42,Arup Nurhadi,Di update malah ga bisa buka apa² cuma tampilan depan aja,1,1,2021-01-11 04:43:06
e209b34d-c38e-44fa-97c8-6ec0b600a1e9,Septyan Surya Atmaja,Jadi mudah,5,0,2020-12-29 03:27:47
22b41497-11e7-4fc4-a78a-41ae02427744,Zaki Mubarok,Bagus,5,0,2020-12-25 21:54:48
1da7f1a0-7e7c-4ddc-9cc9-34935610d57c,iman tri,"Gak bisa dipake. Keluar sendiri, mau ngurus perizinan online gak bisa"" dan mau daftar kerja loker udah kirim lamaran tetapi harus aktivasi dateng ke balkot nya 😑 ini app apa",1,9,2020-12-19 22:51:07
073eea06-d95e-4b28-a498-c8d555c7f729,Muhammad Aldiansyah,Sangat membantu sekali,5,0,2020-12-19 13:29:21
0f229ff2-eacb-4b34-9ef0-853e5368e745,Channel S Waruwu,Sebaiknya dicoba dulu sebelum diluncurkan kepublik. Aplikasi ini sepertinya cuma buat buang-buang anggaran saja dari pemerintah!!,1,2,2020-12-18 08:17:14
a6cac102-c25d-4eb2-b680-1e7d769ac512,Nuraini Nuraini,Gimna si ya kga bisa ngatur tanggal masa tanggal merah,1,0,2020-12-16 13:08:10
8c4bb4a9-351e-4588-ae97-8ee682d025f4,Umi Lestari,"Baru mau buka aplikasi ehhh malah nutup sendiri, apliksi pemerintah kok g jelas gini, hadehhhh😑",1,3,2020-12-15 10:01:43
495686f6-e8b3-4263-b380-2c628ee38b88,Mustakim Avit,Untuk Wi-Fi,1,2,2020-12-12 09:48:22
81d857a1-fe83-4621-b4f9-e1f9d9648253,Oco Coo,"sumpah gua mau ketawa pas nyoba fitur ""loker"" di dalem aplikasi ini. kirain aplikasi yg bermutu !! kaya nya cuman akal²an PemKot Depok doang buat pencitraan bikin aplikasi kaya gini. masa buat Verifikasi Email doang di fitur ""loker"" nya kudu harus Verifikasi di BalKot nya.. terus bikin Aplikasi buat apa kalo suruh balik lagi pake cara Tradisional. ""Tampilan doang Modern, tapi isi nya JADUL"". PARAH !!! buang² anggaran doang.. makin curiga gua",1,21,2020-12-11 17:12:27
c1b5ebdc-fc54-44b4-8793-4b1b85004988,Mr WIDODO,Coba dulu,1,0,2020-12-11 00:10:36
28c15ae9-a3de-4c88-816e-6f0d84c70bf5,YOPORA,tanggal merah semua,1,0,2020-12-09 01:59:41
97ea5c08-69e5-4451-83fa-c05fabc28f90,nudie zhafira,"mau daftar online poli gigi gak bisa,,",1,0,2020-12-08 13:25:07
1cca2302-e7d3-4650-b46c-b70a84987dc5,Fitri Hadiyanti,Bagus,5,0,2020-12-06 19:08:30
6fbf7831-67a3-4a2e-a6f1-72ed3ff739ba,Fitri Amelia,Pasang app DSW depok,5,0,2020-12-03 15:23:16
a25ddd3c-7a52-4c39-99bd-daa50b558452,Khudory Ahmad,Mantap aplikasi ini khusus untuk Depok dan sekitarnya,4,0,2020-12-01 11:51:32
75324993-321c-41a1-89a8-ae50ee3e0c65,Ahmad Nur Hidayah,Daftar poli gigi puskesmas rangkapan jaya penuh terus. Tapi sering kali jadwal merah terus sampe 2021 . Keburu stres sakit gigi kaya gini. .,1,6,2020-11-28 21:19:02
d2496a44-ee9a-4e0c-9b5a-9f1e81eccebd,vtry shop,"Paraah puskes ny tugu, harusnya yg udh nunggu d puskes berjam2 yg d utamakan, malah d utamakan yg online, paraaah,,, apalagi tuk ibu hamil, enakan via online donk klo gtu,, parrraah gilaa,👎👎👎👎",1,0,2020-11-23 00:58:30
333a27f1-60ff-4816-b9ed-a095639db8ba,Siti Nurul Aini,Ya ampun... Mau daftar DSW susah bgt... Saya mau berobat gimana ini??? Masa tanggalnya jadi merah semua..??? Gimana nih pemerintah kota depok???? Harusnya mempermudah.. Bukannya mempersulit!!,1,8,2020-11-22 15:52:08
c9b927fc-cfc9-43c0-89f7-3e4775df612a,Saripudin kansa,Baik,5,0,2020-11-21 06:22:45
76f6cf14-df52-44cf-ab51-873ffe8693e2,Jhon Uphay,"Mau daftar aja ribed by mnta ampun tanggal ga vs d klik heran makin nyusahin aja , trus klo datang langsung suru daftar online , sekarang mau daftar online susah , haduh mau brobat jadi susah gak kaya dulu",2,1,2020-11-20 00:22:22
1d69cb25-83ee-4831-b5ae-35286004f3f9,Q Tunder,Siap melayani masarakat depok dan sekitar nya trimakasih bayak DSW,5,0,2020-11-15 05:16:54
cf7628e3-c032-4073-b886-b0b5e712dfef,Rahayu Wiludjeng,Sdh nunggu dr jam 23.00s/d jam 24.00 dokter sdh penuh terus.susahnya minta ampun daftar onlinenya.udah gitu jumlah pasien daftar online dibatasi tambah susah.ini memang sudah penuh apa dsw perlu diperbarui?,1,0,2020-11-11 17:16:40
ceee99c8-4ac0-4067-a0e4-b0baf8596f35,Invisible Men,Ok,5,0,2020-11-08 04:15:30
5c991df0-1486-4d37-a1a3-42393093f881,Ngasim udin,Baik,4,0,2020-11-03 12:02:03
30967504-ec92-419d-80a1-489dd441e0a2,arief riyadi amelia,Oke banget dah,5,0,2020-11-02 07:55:41
d1f02ac9-ca63-44b7-aca4-b55f34589172,Fajar Amrullah,"Kenapa sekarang kalo daftar online susahnya minta ampun. Nungguin dari jam 23.00 sampe jam 00.00 pas daftar malah ""your connection is time out"". Malah suruh cek jaringan padahal jaringan oprator hp saya stabil2 saja. Bagaimana ini ?!! Orang sangat membutuhkan ! Kalau memang aplikasinya makin sepweri ini, daftar online ditiadakan saja.",1,7,2020-11-01 22:45:00
4092ea40-1419-47fd-a234-6b28e23d69dc,Tarmie Ismail Davina,Sangat membantu...coba dari dulu,4,0,2020-10-26 13:53:13
e74b4911-e9f2-4e1c-8d27-8e2a309a1b1d,Muhammad Aldi Yuda,"Kenapa tidak bisa memilih tanggal berobat?, Semua tanggal tidak bisa dipilih, mohon diperbaiki",1,5,2020-10-23 19:12:18
581867b9-3088-45fe-8a60-4feba9a38b51,Mimin Fatimah,Jd lebih mudah daftar pke aplikasi DSW ok lah...🤗,5,0,2020-10-21 06:51:53
58847827-2a94-4a9e-b62e-6129273e5dcd,Gulang Wruhadi,Lagi error ya? Tgl gak bisa dipilih,3,0,2020-10-19 11:46:58
4b8b542a-1d9b-4d59-868d-e5636bee261a,Apul Sihotang,Mantap,4,0,2020-10-06 01:20:11
0f7d12a5-96d4-48cc-a9b4-ea5160188419,Dudi Kurnia,"Aplikasi ribet 😃😃😃 Daftar pilih tanggal , tanggal nya merah semua 🤦🤦🤦 Mending nongol langsung ke puskesmas .",1,0,2020-10-05 05:19:14
06963ed9-7754-4a17-a8dc-afd57f38fa9a,Kurt Lydon,"Lowongan kerja ya gk update parah gimana orang Depok mau maju pengaguran dimana""",1,0,2020-10-04 07:18:46
baa722c9-bdf6-4f72-85cf-d372078b2435,bro okky,Good aplikasi,5,0,2020-10-03 14:59:15
7e6f563a-cc99-4cac-85fe-5606756754e7,yudi widianto,Bersama kita bisa,5,1,2020-09-22 19:40:40
429a5dfe-cfd2-4fbb-a1f4-1dc28cc9e3ad,Bambang Nusantara,Bagus,5,0,2020-09-22 12:08:33
0225e276-f212-486d-8e11-b5bd7753cf01,Ridwan Sentana,Bagus,5,0,2020-09-17 06:55:26
ced28932-7b8e-49cf-8a0f-d810f3f8f71d,Adit Yawibowo,Sempurna,5,0,2020-09-13 06:38:40
2da751ff-5a6a-4646-9b8b-b3b697dbb984,Deswindra Grab,Daftar pake aplikasi kenapa susah,5,0,2020-09-08 00:56:39
0568ee1e-f46a-4899-aaee-e2a00a83fc6a,Asep Yanuar,Ok saja lah,5,0,2020-09-07 23:00:38
270dbe92-e603-444e-b7e1-85a265f3c986,Kresno Hadi,Pendaftaran puskesmas online tidak pernah bisa .. semua tanggal merah .. dan pada kenyataannya/ prakteknya tetap harus daftar lansung ke puskesmas bersangkutan..,1,10,2020-09-06 05:53:53
35b11512-27e1-4027-b19a-ecd28d0ac7d8,Re schatzie,Sering hang,3,0,2020-09-05 01:24:25
82e210aa-6f2c-4c36-9ee4-11a0947cb75f,Yunita Kusuma,Cukup membantu untuk booking online rsud,5,0,2020-09-03 17:03:03
5dc79c0a-03cb-44a1-bf79-2d1bc11d8b3c,Bagja Julistian,"Aplikasi gak mutu gak bisa dipake,",1,0,2020-09-02 23:51:30
aece2340-034c-45a9-a0c6-333ffba42a57,Abdulah Naufal,"Tidak tersedia tanggal di puskesmas depok, semua tanggal merah selama sebulan",1,0,2020-08-28 11:58:29
a12bf6f9-0257-4fc7-8206-7195ba540801,Tedjo Priyadi,"Tedjo sim B2 pengalamam 40 th jadi supir,sekarang mau cari kerja jadi supir pribadi",5,0,2020-08-27 04:03:50
5a20ebc5-d971-4048-8432-e6572f0848bf,Septian Nurcahyo,tidak bisa memilih tanggal semua berwarna merah untuk lokasi puskesmas cinere .. apa masih bsa langsung datang saja ?,3,0,2020-08-24 21:30:01
fa62d90e-10e1-431b-944c-db417d9f748f,Zein Mutsaggof,"Konsultasi dengan Drg. Hendera, M.Kes. direspon dengan baik dan sopan. Sukses terus buat Dokter juga Apl DSW yang sangat membantu",5,0,2020-08-24 07:55:47
2f2e83ab-c89b-466e-b0b2-8844eef4ef3c,iman santoso,Mantaaab,5,0,2020-08-10 02:05:46
9ac070d9-05ea-4923-a802-d1afd679ad3b,dluthfi 21,Kenapa GK bisa daftar online padahal dari rumah sakit disuruh daftar online 😭,1,2,2020-08-09 23:48:06
3c81ed1c-c60b-40a7-a85c-0e35589723d4,Roro Rini Juli Pratiwi,Good,5,0,2020-08-05 01:12:25
da4ab455-e2c8-443d-8554-567c790178c2,Siput Vids,"Saya pasang aplikasi ini karena butuh untuk layanan pendaftaran online di RSUD, tapi kenapa setiap mau daftar selalu penuh. Apa yg salah? Padahal saya coba daftar jauh-jauh hari tapi tetap saja kuota sudah penuh. Tolong dong diperbaiki!",2,2,2020-07-30 00:16:32
c6f53511-e4e6-48d4-8488-e11306d6d9a0,Windy Asyla,Ini saya ke puskesmas sawangan daftar katanha sudah penuh saya coba online tanggal ny gabisa di klik.. terus harus daftar pake apa lagi... apa saya harus nugguin puskesmas dr jam 12 mlm,1,1,2020-07-18 02:15:45
1a79a259-af34-4309-9010-ed3b34a30d3a,Iis Ber.,Kenapa ya ko pas mau milih tanggal malah merah semua tanggalnya,3,0,2020-07-18 01:43:27
21ddb2ea-5f1c-48f0-8e84-ed859ad58a2f,Tes Akun,Kontrol jd mudah tidak hrs ngantri terlalu pagi,5,0,2020-07-13 11:58:52
c621381b-94e5-4dab-9812-943dff0a7102,Gustaf Tommy,"Pendaftan peserta online tidak bisa masuk kuota pasien, padahal tertera kuota masih ada? Dan maksimal berapa hari pasien harus daftar lagi sesuai Surat Keterangan kontrol rawat jalan ? 1,2, atau 3 minggu setelah tgl. Periksaan terakhir pasien, supaya tidak terjadi bottle neck (kuota terbatas tapi pasien membludak) dalam hal ini pelayanan di poli dikurangi karena pandemi ini, tks.",1,7,2020-07-07 14:13:43
34e7cd3a-046a-4e76-bfe4-d7c0e8d7b824,Mar Danih,Okok,5,0,2020-07-06 12:13:06
0be3b93a-c670-43c5-a6d7-9c3c72a97716,Muhammad Fachri VII A,wewwww,5,0,2020-07-04 14:48:15
4d86aed9-b8b6-46ed-be67-2d869778cad2,M Haseng,Cukup Bagus,5,0,2020-07-03 13:18:39
ff6c1703-bd75-4de5-be70-97927621504d,Satriyo Satriyo,Pelayanan berstandar bagus,5,0,2020-06-30 08:20:06
b62e8000-912b-43d8-a914-1bc58ea9d7e8,Munim Faqih,Mudah di update,5,0,2020-06-30 08:10:52
a4117526-7ddf-4fbe-973d-7eef6c8907fe,Ardey Ibonk,Jika daftar online suka susah masuknya.,4,0,2020-06-30 06:19:44
734edf9e-53c8-4582-894a-eb5d74198cfa,Eka Syamwijaya,Kereeeen,5,0,2020-06-28 17:51:22
feadf47f-2f2d-43ab-b1fc-010287cb8963,Apri Yanti,Good,5,0,2020-06-26 12:49:05
c1ae2eb1-71ab-4ac7-a6d0-792b02cbcbe3,Sumakno Arinto,Cukup memuaskan,5,0,2020-06-25 21:07:40
ba132200-4414-4b1e-811c-4fff97bb6685,Faisyal Ramadhan,Versi terbaru sangat berbeda dengan dulu lebih bagus performa juga baik,5,4,2020-06-18 06:49:58
c7e9413a-37d8-428f-9509-98af4b08a4ac,Ella Malinda,Kenapa tidak bisa pilih tanggal kunjungan yaa saat mau daftar online ke puskesmas TAPOS.,2,0,2020-05-13 17:46:45
01b5f2cb-9d6c-43dc-a396-d584aff94d49,Noname,Tolong segera diperbaiki segala kekurangan dari aplikasi ini.,1,0,2020-05-10 22:01:25
678f4379-b0ff-4cb7-b8ff-465b9e195ef7,Ridew,Untuk menu lowongan pekerjaan. Saya sudah isi data tapi tidak bisa di submit. Tolong diperbaiki aplikasinya. Trmksh,2,0,2020-05-09 21:19:40
84422f46-f3a7-44e0-a2a9-20a7c19c1cfc,Ezzie Schmeichel,"GAJELAS. MASA TIAP MAU DAFTAR PUSKESMAS SELALU AJA PENUH,TP PAS DATENG SENDIRI TANPA DAFTAR ONLINE TERNYATA BISA.. NGACO WOY NGACO NIH APLIKASI",1,0,2020-05-08 23:46:17
a8ba4fce-fe94-452b-a995-42ab3c2d1c15,MASTER_BIJIX UMAM,👍👍👍👍👍,5,0,2020-05-08 15:14:28
a381c85f-b547-4ba3-be36-39384186954e,Ayah Hansen Keren,"Assalamualaikum warahmatullahi wabarakatuh. Tolong nih di respon dengan sangat ! Tuk kolom ""Pengaduan"" ,kenapa harus pakai foto dulu ? Untuk apa pakai foto dahulu ? Itu 2 pertanyaan yg berbeda ya, tolong dijawab. Kenapa tidak langsung ada ""kolom pengaduan yg berupa artikel atau narasi"" yg tanpa ada nya foto pun harusnya bisa kirim/send, dan jika mmg nt harus disertakan foto, kan bisa nanti ada penambahannya (option) ? Tolong dijawab, terima kasih. Wassalamu'alaikum warahmatullahi wabarakatuh",2,2,2020-05-04 01:44:27
cd371e02-a411-401c-b083-f0e182b9c3c3,Medie Saputra,Kasih wae bintang 5,5,0,2020-05-03 10:27:47
0436dfad-d379-4fa3-8afd-f6157316d30b,eka redianto,"Belum maksimal apps nya, untuk menu kartu keluarga tidak ada, mau tambah nama anak bingung",2,0,2020-05-01 05:40:41
3825eb0d-2fcb-498d-b50e-11e1750f0f93,darif hindrian,Bagus utk informasi,3,0,2020-04-28 08:33:53
b35e04c9-c868-414e-af1c-86ef8bae754b,Pengguna Google,Good,4,0,2020-04-18 12:40:21
43d5e72b-f05f-4261-a220-fcd3889605df,Pengguna Google,tambah nagus yach,3,0,2020-04-13 07:47:36
b17552be-d4aa-4c29-a80f-a73c1f79c365,Pengguna Google,Ini gimana sih? Saya mau daftar k puskesmas Cimanggis ga bisa bisa,3,0,2020-04-13 02:59:37
9a335a22-ac4b-4119-8190-cf1a740afe7b,Pengguna Google,"Knpa ya saya mau daftar online KIA slalu sudh terpenuhi tanggalnya, dan gak bsa pilih tanggal slnjutnya, tlong dbntu saya ksulitan daftar untuk cek kandungan saya dipuskesmas",1,1,2020-04-09 16:14:47
2a6690f4-d616-43cb-be8c-ed9d3b0e2ba5,Pengguna Google,Percuma sy instal DSW tdk meringankan sy... Ttp susah daftar online nya terpaksa sy ttp ngantri2 jg..tdk efisien,1,0,2020-03-23 22:38:26
3633377b-e83b-41fd-9f5c-cbae7ada0c80,Pengguna Google,No comment,4,0,2020-03-23 05:31:11
c2f46313-d6b0-4def-ad7e-6b465dd2e2c8,Pengguna Google,Aplikasi goblok berkali2 di coba masa ga bisa isi tanggal dasar tolol,1,0,2020-03-23 04:47:42
d0391782-1be4-45f9-865a-ca8c31ed9234,Pengguna Google,"Bukan tambah mudah,,malah smakin sulit,,,misalnya daftar saja susah",2,0,2020-03-21 12:19:21
ada687ce-0daf-43b8-bb24-0e227ae6302e,Pengguna Google,"Duh kenapa biz di perbarui,.malah nggak bisa di buka ya 😥",3,0,2020-03-20 03:54:04
ac9419f6-a9b4-4793-8bc6-1b1526d4a836,Pengguna Google,Tolong diperbaki dong dswnya say buka ko ga bisa,3,0,2020-03-12 22:42:27
f412fab5-7fd0-4c53-9ccb-aef6a55770ce,Pengguna Google,"seharus nya mah klo yg udah punya kis free semua mua nya ..ini pake kluar duit lagi.. bgymana sih ... gk jelas mentang mentang gratis..di lama lamain ke buru mampus tuh orang gara"" lama pelayanan nya seluryh puskes ..over sana over sini .. jembut lah..",1,0,2020-03-12 03:39:19
1eceaf03-69fc-4256-a41a-a563b0a60ca3,Pengguna Google,Uwaw,5,0,2020-03-11 05:03:32
9c6f4fdb-da4e-4e7f-a1f5-de417f43dbad,Pengguna Google,Aplikasi yg sangat membantu,5,0,2020-03-11 04:54:56
bc82ed44-f794-4cd8-b02d-eef2cba304b7,Pengguna Google,Sangat membantu,5,0,2020-03-11 04:49:53
932c8561-ce43-4ae7-b888-3d56d4a7dc61,Pengguna Google,Maaf mau tanya kok ga bisa daftar puskesmas vila pertiwi .. karena ga bisa pilih tanggal,4,0,2020-03-08 23:29:05
04db1f80-5c2f-4e91-8056-a165414ff9bc,Pengguna Google,Apl anjing ngk bisa pilih tgl,1,0,2020-03-05 23:53:08
a7d67a91-7a27-4ef3-a199-68b8cd2af5c0,Pengguna Google,Loading lama,1,0,2020-03-05 07:17:33
0be93896-868e-4fb7-822a-ad755141d67d,Pengguna Google,Terus tingkatkan aplikasinya,5,0,2020-03-05 05:06:26
ae5bb6e6-256d-4240-a968-300b22cf06df,Pengguna Google,Good,4,0,2020-03-05 00:27:05
280603cf-d14d-4f9a-a384-2eba47060aad,Pengguna Google,Semakin susah untuk mendaftar online full merah gak bisa daftar. ...masa mau berobat nunggu sebulan dulu baru bisa daftar....,2,0,2020-03-03 23:35:05
a16e0567-15c3-476b-816a-b8cd1d26758c,Pengguna Google,Mantap,5,0,2020-03-03 12:22:12
0a41ce3e-7231-4999-980a-96563f909e1b,Pengguna Google,Aplikasi keren..,5,0,2020-02-27 04:05:39
3a1f8ea3-3308-4553-9ae6-c2130e8633bd,Pengguna Google,Sangat bagus,5,0,2020-02-27 02:28:31
34804b77-327b-4b60-abd7-64cfb2198627,Pengguna Google,terbaik,5,0,2020-02-27 02:23:22
a441ece3-ab03-4482-87ee-b04acc6a13ba,Pengguna Google,Good,5,0,2020-02-27 02:18:48
15f4ad46-189d-4c30-9245-8509adef086c,Pengguna Google,Sangat membantu,5,0,2020-02-27 02:16:04
f45d298e-2c8b-493c-9d34-b241955f1c34,Pengguna Google,Mantap,5,1,2020-02-27 02:11:40
f4c4f5df-cb24-413a-8e4c-88d10cb5ba37,Pengguna Google,Ga membantu sama sekali .setiap mau isi tanggal selalu penuh ..,1,0,2020-02-26 18:13:39
c8e18492-0e57-4dfc-966d-aa628f98bb48,Pengguna Google,Mohon di respons ya. Kenapa saya tidak bisa memilih tanggal untuk daftar puskesmas ya? Berkali2 di coba. Kuota aman. Jaringan internet juga aman. Apa kendalanya? Hp saya samsung J6+. Bisa dibantu diperjelas? Kenapa saya tidak bisa klik tanggal untuk mendaftar di puskesmas yg saya inginkan? Selalu trouble disaat klik tabel kalender tsb. Untuk puskesmas Pancoran Mas Rangkapan Jaya,3,6,2020-02-26 08:48:44
bd676d2c-822f-4926-ac38-e186086446c2,Pengguna Google,Mau milih tanggal di antrian puskesmas ga bisa di klik????,1,0,2020-02-24 08:34:40
6a2638f9-bb35-46db-b8b9-497d8c4b4a58,Pengguna Google,Mantap,5,0,2020-02-14 03:01:17
92c3e22a-8677-4453-9134-5cbedf672c14,Pengguna Google,Wifi nya tidak bisa untuk bermain game,1,0,2020-02-13 02:29:26
b9426271-c536-47a5-b50b-590bd8b45e48,Pengguna Google,Ok,5,0,2020-02-12 07:13:49
f95fae8f-a4b5-48a8-96aa-f605b07b660f,Pengguna Google,"Donlod bisa tapi ga bisa dibuka, pas dibuka aplikasinya ga lama keluar sendiri. -xiaomi redmi note 3",1,0,2020-02-12 04:27:27
c8fd1ba7-8021-46a9-9790-904e5d0ebb14,Pengguna Google,"Coba daftar online untuk RSUD tanggal 31 baru dapetnya untuk tanggal 11 sampe sana bisa2nya katanya data hilang! Terus buat apa kita disuruh daftar online?? Mana daftarnya juga susah rata2 full terus, harus jauh2 hari tapi kebangetan jauh.",1,0,2020-02-11 16:09:32
ce662e79-1c29-4c18-922b-9962f10dd8e1,Pengguna Google,Semakin maju kota Depok.,5,0,2020-02-11 10:29:20
243df7f3-f661-49d8-a223-3e8045f0525b,Pengguna Google,truk,5,0,2020-02-09 06:53:26
ba95a2ca-dd84-4710-ad0a-209c4abe39ad,Pengguna Google,Layanannya tambah maksimal lagi,5,0,2020-02-08 09:09:35
fd8a3934-3c03-4bdd-9a54-2c91581c1e0d,Pengguna Google,belum ada layanan pengurusan IMB online ya?,3,0,2020-02-05 02:42:04
6a8f6cc4-42f0-4888-ae8f-8f31dbf20f12,Pengguna Google,"aplikasi GAK BERGUNA.!!! berbulan"" setiap hari coba daftar selalu PENUH PENUH.!!!",1,0,2020-02-03 06:02:37
3d67088b-76e9-457d-8711-347ad54f5a5c,Pengguna Google,Terus Update Menjadi Lebih Baik,5,0,2020-02-01 17:24:44
7f4a3065-d117-4b15-a14b-319dd9be70ff,Pengguna Google,Membantu warga depok.......👍🏻👍🏻👍🏻,4,0,2020-02-01 15:05:32
3be45e88-4f13-40d3-bd51-db0c1ef6c072,Pengguna Google,Bagus sekali,5,0,2020-01-30 06:12:01
dad654b6-81d6-47e3-8917-074823c0273c,Pengguna Google,Mau daftar online puskesmas bojongsari bagian dokter Gigi tidak bisa bisa Kenapa? Datang langsung ke puskesmas No antrian habis terus. Tolong di tambahin jumlah kouta antrian dokter gigi atau kalau engga sanggup tambah kouta antrian tanggalnya bisa di majukan biar bisa daftar di hari berikutnya,1,2,2020-01-30 00:00:51
0cb78b24-5ebb-44cb-9582-e22e7d39a1b3,Pengguna Google,"Kenapa ya mau daftar poli gigi di puskesmas cimanggis selalu tidak bisa,mau tanggal brp pun jg tetep gabisa bacaannya ""maaf tgl yg anda pilih sudah penuh"" selalu begitu. Mohon dijawab ya itu kenapa???",1,3,2020-01-27 07:07:45
2eccdcb4-06c8-46d0-a9d0-3038a24b9427,Pengguna Google,Keren Depok,5,0,2020-01-25 08:10:32
8cadcfce-3927-471b-bcf8-2925e6a41ca7,Pengguna Google,Wifi hubungkan malah request time out muter2 terus ga bsa buat game aplikasi aneh,1,0,2020-01-25 05:11:33
618efd14-ec47-4f19-b2c4-971c9d3b3c65,Pengguna Google,"Untuk usulan di DSW,,,,, Usahakan agar bisa menampilkan ataw menggugah foto di kolom profil",5,0,2020-01-21 00:31:39
fad16d11-f319-43d2-aa12-6a57089e512f,Pengguna Google,"Pelayanan untuk BPJS amat sangat kurang, sudah 3 minggu daftar selalu habis kuota padahal sudah antri dari selesai subuh, tolong dimaksimalkan pelayanannya",1,0,2020-01-20 00:07:07
c6f6c927-938e-479d-9a23-4f735e2ffaeb,Pengguna Google,Good appl,4,0,2020-01-15 18:34:03
22fd0d4c-2493-409a-8f43-3c360ea84a17,Pengguna Google,Gak akurat,1,0,2020-01-11 15:57:30
5cfeef2c-92a3-4620-bb0a-892e5edfdfbd,Pengguna Google,Kenapa untuk daftar poli GIGI tidak bisa di puskesmas Cipayung ? Apakah harus di sesuaikan jam buka puskesmasnya ? saya daftar Shubuh tidak bisa. muncul : Jam layanan yang Anda pilih tidak sesuai dengan jam saat ini. Seharusnya di WEB ada layanan bantuan,2,6,2020-01-08 22:18:38
0cb00677-ff1c-4a8b-9f2c-bb33ad492cba,Pengguna Google,Sangat mengecewakan....saya kira dgn makin online makin mudah malah makin sulit sdh belasan kali daftar online utk puskesmas sukmajaya selalu penuh...pdhl itu FKTP saya disitu...istri mau periksa kandungan...mohon utk dinas terkait utk menambah jumlah dokter...semoga dibaca dinas terkait,1,3,2020-01-08 04:04:56
72d9d64e-2577-4061-8490-0981656def2a,Pengguna Google,"Saya senang depok semakin maju, setiap puskesmas bisa daftar online. Tapi pas mau daftar susahnya minta ampun, tgl sekian telah terpenuhi, silahkan ganti tgl lain. Giliran ganti tgl lain tetep aja nggak bisa, tetep terpenuhi juga. Kalau perawatan gigi kata dokter maksimal satu minggu harus kembali, tapi mau daftar susah nya minta ampun...",2,1,2020-01-08 00:17:29
f03f8ba6-9421-4284-a0af-190c9b4fc989,Pengguna Google,ok,5,0,2020-01-07 13:31:07
18933be7-b5f4-4168-a1bd-057baee6cabd,Pengguna Google,Bagud tapi masih lemot,4,0,2020-01-06 22:58:11
97261e80-066a-4950-b4b9-00c8c2968013,Pengguna Google,"Saya bingung mau daftar di abadi Jaya via online minta alamat email dan pasword langsung login nga masuk masuk, kalau ada dsw versi terbaru kita pilih dimana pls respon",1,0,2020-01-06 04:50:33
9900288b-7f3d-4ee5-93a4-1418b42dff5d,Pengguna Google,Mohon maaf saya Uninstall aja apk nya ga jelas,1,0,2020-01-05 17:03:26
530be0f7-4933-407e-a359-871ea27f9784,Pengguna Google,Mantab.. tambah maju depok ku. Sedikit masukan. Lebih bagus lagi ditambah fitur tanya jawab online. Jadi bila ada warga depok yg masih kebingungan / belum jelas dengan infonya. Bisa menanyakan langsung ke fitur CHAT online / email Ke customerservice.. Sama tambahin lagi fitur untuk. Cek STATUS NIK./ KK./ PBB./ SIM/ STNK/ dan lain2.. biar waga depok. Khusus nyA (maap) pinggiran kayak saya (parung) ga repot2 ama jauh2 untuk cari info surat2 berharga.. tinggal 1x klik ada semua.. Terimakasih.,5,10,2020-01-05 01:38:47
9316fd93-cd84-47bb-b843-39ff382ec8ce,Pengguna Google,Tidak bisa tersambung dengan wifi manapun,1,0,2020-01-04 14:47:36
b18af74a-530a-4ec7-b022-6143f0314257,Pengguna Google,Sayang nya lemot,5,0,2019-12-28 05:09:46
04656144-9850-422f-a6e5-f41fe438d30b,Pengguna Google,"Membantu untuk masyarakat Depok, terima kasih untuk Pemerintah Depok dng adanya dsw bisa mendapatkan segala info seputar Kota Depok Jawa barat",5,1,2019-12-27 16:30:14
209d6748-bc4d-41bb-be60-f3650157e87f,Pengguna Google,"Puskesmas Sukmajaya...dan info terbaru daftar pasien tidak seperti sebelumnya dapat memilih waktu sendiri berbeda dengan sekarang daftar pasien pada hari H dan pada waktu jam 6 pagi...begitu pendaftaran dibuka yang ada pada berebut masuk dan sudah 3 kali ini tidak bisa mendaftarkan ke KIA. Lebih baik kembali ke manual datang antri ambil nomer, jam 5 pagi buat antrian ambil nomer pasien ga masalah buat saya. DSW keren lah",1,6,2019-12-26 17:37:19
727b66ea-39a3-4349-938c-ae22770c20d0,Pengguna Google,Kedepan supaya lebih ok!,4,0,2019-12-24 03:00:29
7c43ffcc-3871-4a15-be18-0c39da86fa75,Pengguna Google,Ya lumanan ada dsw jadi bisa daptar onlane dari rmh,4,0,2019-12-22 11:40:38
ec8673cc-44c0-4d70-b6a2-b868230cca52,Pengguna Google,Bagus,5,0,2019-12-21 08:16:23
62e3a8e1-e6f7-40be-b5a4-e65453aa4095,Pengguna Google,"Idenya bagus tapi masih gak fungsi buat bayar pajak kendaraan, tumpang tindih dgn sabara jawabarat yg lebih dulu ada tp sdh bener aplikasinya.",3,0,2019-12-21 01:06:36
93640d0e-df21-4c72-8edd-71ce07e9a398,Pengguna Google,Bagud,5,0,2019-12-18 23:03:15
7cdaef62-bdad-4f6d-8567-f13e670b5b81,Pengguna Google,Maaf mau nanya donk min .. Klo kartu kis gimna ya daftar nya sy liat dsni hanya bpjs ? Trims min ..,5,0,2019-12-18 14:03:45
4da98dc1-82fe-434b-a528-5730a94cf4a6,Pengguna Google,Masa tiap daftar di tgl yg kosong selalu gagal dan tulisannya penuh padahal di kolom jadwal statusnya kosong Masih perlu perbaikan lebih lanjut,1,0,2019-12-14 22:01:47
114b8b18-3951-48a1-8a02-473b854a50a5,Pengguna Google,Nics,5,0,2019-12-12 13:12:16
d0181202-8471-4d00-999e-3ff24565af1d,Pengguna Google,Aplikasi nya sangat membantu dan minim gangguan ...,5,0,2019-12-10 23:03:40
c73195dd-ab2c-4196-938c-43e2a36e6d1b,Pengguna Google,muter2 doang ga bisa di download... ?????????????????????????????????,1,0,2019-12-09 12:25:12
e0513d07-907c-41db-97b4-62ed51633254,Pengguna Google,Sangat bermanfaat,5,0,2019-12-06 04:32:54
fd1795e5-adc2-4d94-bb9b-513dfda3c1d8,Pengguna Google,"Kurang cepat,,",3,0,2019-12-05 23:23:51
48f88f80-1c28-4dfb-834e-8ef3fd57516d,Pengguna Google,Daftar puskesmas,5,0,2019-12-05 16:11:58
f54e2da0-5b63-4ed1-8a6c-d4258dcf1ea6,Pengguna Google,Sangat membantu masyarakat kecil untuk daftar berobat di Puskesmas,5,0,2019-12-03 23:49:05
7e0ed9bc-7f99-4aa3-9f60-ccd57e19b7a5,Pengguna Google,"Setiap mau daftar pukesmas webnya ga bisa terus .. Coba subuh , pagi , siang .. Tujuan adanya daftar online untuk mempermudah antrian . Tapi Tidak membantu sama skli daftar online ini krna ga bisa masuk web terus . Tolong perbaharui webnya biar cepat respon daftarnya",1,3,2019-12-03 22:47:31
3c7f2f6d-4955-409a-ad57-9da2a65517ce,Pengguna Google,Bagus,5,0,2019-12-03 09:45:24
bdb559a2-ddfd-4abd-becd-e40ec1d55651,Pengguna Google,Di aplikasi ini kok gak bisa buat KIA,3,0,2019-12-02 16:05:02
6dea9539-f2a3-4335-8f3c-9c4708601896,Pengguna Google,"mau berobat k puskesmas pancoran mas depok jaya hari sabtu siang ga bisa katanya harus daftar online, mau offline ga bisa. suruh daftar online hari minggu tuk berobat hari senin. mau daftar dari minggu pagi smp skrg berobat yg jam siang g bs2 edit tanggal merah semua selama 1 bulan. payah.. pelayanan di puskesmas pancoran mas payah..",1,0,2019-12-02 02:24:38
e8f3ef99-459f-4294-b8d9-c08e4a59702c,Pengguna Google,Aplikasinya gak guna sama sekali. Mau daftar KIA dicoba gak bisa terus. Tanggalnya merah mulu ujung-ujungnya nanti disuruh daftar manual deh....,1,0,2019-12-01 22:08:19
c3d47137-aca1-4a10-8670-be87a1933a5e,Pengguna Google,"Sangat membantu warga depok, tolong tambahkan fitur2 lain yang bermanfaat.. terima kasih",5,0,2019-12-01 06:12:11
5d622dd4-ed53-419f-9e8b-8bca97eace7f,Pengguna Google,Baguss,5,0,2019-11-30 12:10:26
a9bdde57-b599-46b5-b7e3-2a987e052d26,Pengguna Google,Hallo assalamualaikum... Smartcity team Tambah ikon buah blimbing nya .... 👍,5,1,2019-11-27 11:14:32
b03b5a45-e2b9-49e6-8889-d91b233abc42,Pengguna Google,Sangat menolong terutama tuk para pasien yg malas antri,5,0,2019-11-26 06:53:21
a69425b3-c652-4ac4-b359-a84405065974,Pengguna Google,Mantap Lanjutkan...,5,0,2019-11-25 23:35:33
62fbc683-abb0-448f-9e7d-6de54088cf63,Pengguna Google,Bpjs kesehatan sangàt baik dan memudahkan cara pendaftaran sistim onlain.,5,0,2019-11-25 23:09:17
e557cd4b-4f19-49c4-9839-e7e6b77fa4d7,Pengguna Google,Bagus,5,0,2019-11-25 04:23:04
b5f2583c-ee9b-4233-8f57-74de8a35d4aa,Pengguna Google,"Tanggal nya kok merah smua?, gk bs di klik",5,0,2019-11-24 06:10:48
452d2b5c-5c05-4b38-81ad-6108fc60e319,Pengguna Google,ini knp ya klo mau daftar online selalu bgt tgl nya merah full sampe bulan berikut nya. mau dicoba daftar pagi siang sore mlm juga sama aja tglnya merah semua 1 bulan. ujung ujungnya jg daftar manual -_-,1,0,2019-11-24 04:06:16
2f09ab9b-3085-4765-b64d-1289b891fe6b,Pengguna Google,"Aplikasinya error, mau input tanggal kunjungan enggak bisa terus.",1,1,2019-11-23 03:56:28
c1213d9b-bda3-4c93-9ab3-7b3caacd31e9,Pengguna Google,Lumayan...wifi gratisnya🙏🙏🙏,5,0,2019-11-21 07:09:15
f34bff41-cf22-4d12-87ba-b6270517bd02,Pengguna Google,Mempermudah,5,0,2019-11-21 03:40:27
e53de670-55e8-4487-abed-855900bc1370,Pengguna Google,👌👌👌,5,0,2019-11-21 00:16:06
593bdd68-c77b-463b-9fac-fdcdfc018621,Pengguna Google,kenapa jaringannya wifinya gak masuk masuk yaa,3,0,2019-11-20 14:21:36
01d41583-5957-44ad-9457-112d9333d03f,Pengguna Google,Ok,5,0,2019-11-20 05:56:15
cd14d3fe-d369-4012-b56f-fd4a4b3d4658,Pengguna Google,"Bagus,terima kasih",5,0,2019-11-20 01:00:25
9b2d95b3-56a8-4377-af82-4743ed2f5906,Pengguna Google,Ok,5,0,2019-11-19 23:43:10
1f5166d1-93b5-4512-b2ec-7cc346c0cd65,Pengguna Google,"Hampir setiap hari saya coba daftar gigi gk bisa bisa, nyoba mlm gk bisa, nyoba subuh udh penuh, trus harus jam brp daftar yg bnrnya? Jdi gk bisa ke dokter gigi.. Padahal gusi 22 nya udh skit bgt di buat makan, mau periksa gk dpt no mulu dri aplikasi ini gk tau knp 😭😭😭",1,3,2019-11-19 16:45:28
83fa5825-1573-4d37-9606-4833e9ee9e51,Pengguna Google,Sangat memudahkan,5,0,2019-11-19 00:22:38
968fa147-ac32-4252-b027-4d6bf9a02a90,Pengguna Google,Aplikasi sering kali berhenti alias eror,3,0,2019-11-18 22:15:10
6c8a2a3e-556b-439e-b520-86ea85cbe4bf,Pengguna Google,Bagus,5,0,2019-11-17 23:01:43
3752ead0-9222-4afd-9f06-0e06bc81064e,Pengguna Google,Good,4,0,2019-11-17 17:07:08
d1e45a0a-27b1-4749-b723-e72180aa31bb,Pengguna Google,Baik,5,0,2019-11-17 01:06:32
8e6a473f-55bf-4a69-9a3c-65aa3774e9be,Pengguna Google,Membantu,5,0,2019-11-17 00:22:09
8be16895-6423-48b2-8616-fdd423ed0baa,Pengguna Google,Mantulll...,5,0,2019-11-16 07:13:49
25afe0ca-c013-4fe5-bdf4-e982efc87a67,Pengguna Google,mantap,5,0,2019-11-15 23:04:31
6cdb963b-f8b6-439e-980a-f702bb89ba31,Pengguna Google,aplikasi nya keluar² terus kenapa ya ?,4,0,2019-11-15 09:05:44
7e74a130-bf22-412d-b3e1-3119d5336e93,Pengguna Google,Bagus tp hari ini ada kendala saat membuka nya... Knp ya?,5,0,2019-11-15 09:01:17
9208c219-8814-4701-9645-1942e924df68,Pengguna Google,"Saya kecewa sama dws karna saya mau imunisasi anak jadi terlampat sampai lewat 2 bulan, setiap kali daftar melalui dws slalu ga bisa, dateng langsung ga diterima karna harus daftar online, saya kan orang tidak mampu jadi jangan dipersulit menggunakan fasilitas pemerintah",1,0,2019-11-14 19:58:34
e270d564-da6b-49cd-8044-5ace1a2e0693,Pengguna Google,Sangat membantu.. Tp knp kok skrng ga bs dibuka.. Knp??,3,0,2019-11-12 05:26:51
054d6d79-f276-441e-ae3c-4784a5ab956a,Pengguna Google,Ribet,1,0,2019-11-12 01:34:04
11fb9e0b-5601-4866-b3b5-967dd0cbcdba,Pengguna Google,Bagus,5,0,2019-11-08 22:04:59
5720a55f-c707-4ed1-8a2d-296428587ed5,Pengguna Google,☺️,5,0,2019-11-05 22:26:24
e36295d5-05d1-4fa2-9c70-c2f38530dd6f,Pengguna Google,Good,5,0,2019-11-05 16:34:12
e7a5c854-699f-4440-8ad7-b1cd2b3c9322,Pengguna Google,Mantap,5,0,2019-11-01 08:40:39
b77ab108-db0d-4950-9d6a-ccf7108c910c,Pengguna Google,Mantep kak!,5,0,2019-11-01 08:40:29
d6a0360c-b031-45ad-ae94-a85e2e6e759d,Pengguna Google,Aplikasi ini sangat berguna sekali mantap dah,5,0,2019-11-01 08:36:29
a05af211-21fd-4abb-a399-4057416768b7,Pengguna Google,👍👍👍👍👍👍,5,0,2019-11-01 08:36:04
db74e8d7-9c16-4298-a215-3391d267daec,Pengguna Google,"App ini sangat membantu sy sbg warga Depok, ada bbrp masalah yg mo sy sampaikan utk kemajuan Depok, tp sayangnya menu pengaduan tdk berfungsi, tolong difungsikan pak Admin, trims.",5,5,2019-10-31 20:22:43
e996806d-8a15-4558-9dfa-e9d3e3830b80,Pengguna Google,Ni gmn si udh dua hari muter trs sinyal bagus banget pdhl ga bisa bisa mau daftar rsud depok heran,1,1,2019-10-29 13:08:59
e4e071a0-abdc-44b3-986d-cb7b62fa1f00,Pengguna Google,Gimana ya ko apk nya gabisa di pakai. Selalu ada tulisan berhenti terus. Tolong perbaiki,1,0,2019-10-26 08:11:41
bceed635-89f5-4182-bc6a-e239f036e8ba,Pengguna Google,Gak bs dibuka,1,0,2019-10-25 12:00:19
aa1e9b09-a471-4e2c-be05-b2a21d530ebf,Pengguna Google,Wifi yg saya datangi semuanya tidak mau tersambung,1,1,2019-10-24 23:42:44
be8464cc-3e50-4e12-bf63-8bd5bc6c28b7,Pengguna Google,Membantu sekali dalam hal pelayanan instalasi pemeritah terus tingkatkan dan buat menjadi lebih mudah untuk penguna,4,1,2019-10-24 17:35:16
288d6d73-bfa4-48ae-bf45-00e0cdef4827,Pengguna Google,Wow.. kereeen... semoga semakin lengkap biar ngurus apa2 mudah..,5,1,2019-10-22 12:05:53
1c7a3392-17d4-4057-8b62-75376d99a9d8,Pengguna Google,"Parah banget cek pajak motor cuma sekali dong bisanya, pas coba lagi GAGAL KONEKSI pdhal sinyal manteb bener.",1,1,2019-10-22 00:55:09
63f074cc-0366-4f75-8779-9a6018b2c738,Pengguna Google,"Alhamdulillah,, sekarang dah lancar lg,,thx admin 🙏👍👍👍👍👍",5,0,2019-10-21 12:23:10
060ca4c9-c514-49fc-aaf3-3825fd09cf3d,Pengguna Google,"Kasih bntang 1 dl ya... Kl oke, br sy tambah...",1,0,2019-10-21 04:57:46
efd890ca-9899-47c8-bd62-b4666c4719ef,Pengguna Google,Ok byk mbantu,4,0,2019-10-19 02:37:13
fd1275de-2088-4175-bd1f-15477003dcf0,Pengguna Google,Membantu bnyk orang untuk daftar no antrian puskesmas...,5,0,2019-10-16 04:24:20
9b65bf14-12be-43b5-a7a9-9395b4754b63,Pengguna Google,Kok pendaftaran buat puskesmas erorr,5,0,2019-10-16 01:14:35
905c9add-9d94-4882-86e1-012b0af4bf17,Pengguna Google,"Aplikasi ini sangat membantu, jdi lbih mudah. Saya tau dari teman, Kembangkan terus 💪",5,0,2019-10-15 08:53:52
fb29455e-5b79-4faa-ba64-f6dad657160e,Pengguna Google,Sangat bermanfaat,5,0,2019-10-11 11:38:25
44da2659-7e3a-415a-94fe-15c613b1559b,Pengguna Google,Sangat terbantu dengan adanya aplikasi ini,5,0,2019-10-11 11:36:03
e03a358d-8e25-47f4-8b88-96cce3d8e471,Pengguna Google,"sangat bergunaaa!!! saya jadi bisa lihat harga cabai!!!😃😃😃 direkomen temen, trus saya langsung suka!!! berobat juga jadi gampang😃😃😃👍👍",5,0,2019-10-09 03:54:31
9237cdd3-5d23-4d4f-885a-d610403bd2d0,Pengguna Google,Cara connect ke wifi nya gimana?,2,0,2019-10-05 06:15:48
16748c58-b38f-4e55-b81b-8ad2cfd7a4c6,Pengguna Google,Mantaap aplikasinyaa,5,0,2019-10-05 05:18:41
d8a124de-dc15-4b15-9cb5-c9a6f83bc3d4,Pengguna Google,Alhamdulillah semoga Depok semakin maju,4,0,2019-10-05 04:34:49
0d6c78a3-ed9b-4720-af72-53d75c52ba10,Pengguna Google,Mantappp. Tingkatkan terus sampai seluruh daerah😊,5,1,2019-10-03 14:59:33
e4660f76-cdd0-492a-91df-bc6703ded6de,Pengguna Google,"Keren sekali kak, saya sebagai warga perantau didepok merasa terbantu dengan adanya app ini.. sukses terus untuk anak"" muda depok ..",5,3,2019-10-03 09:23:43
aed88508-52c1-4e15-88f5-0318f19f1f26,Pengguna Google,Aplikasi yang sangat membantu warga depok,5,0,2019-10-03 08:35:17
7c16c93b-37e8-4370-a97d-68c790b877f8,Pengguna Google,sangat bermanfaat👍,5,0,2019-10-03 07:35:37
4ac4e967-7bd7-434e-be03-c1b818018937,Pengguna Google,Alhamdulillah berguna buat berobat di puskesmas,5,1,2019-10-03 06:19:30
7be3175a-36b2-4e9a-8860-ed038f607eb8,Pengguna Google,Good 👍💪,5,0,2019-10-01 08:53:00
5c868aa9-4ee7-45a9-ba7d-694a0aa66864,Pengguna Google,👍👍,5,0,2019-09-30 04:16:34
ba199370-9ee4-459c-87e8-c4f3e3fc8929,Pengguna Google,Sangat bermanfaat,5,0,2019-09-30 04:04:21
f1ecca8a-96ca-4d25-955d-67a9cf155d79,Pengguna Google,Males nya kalo udah dttr online dpt nomor awal tp pas pendaftaran harus sesui dengan yg udah daftr duluan.sama aj bohong donk.lebih baik sesui dengan dftar online jd yg izin kerja gk bingung,3,0,2019-09-26 01:19:38
9c035f6f-2d2b-47c1-b294-ba7d4d7ec13c,Pengguna Google,Mantap,5,0,2019-09-25 01:04:24
daecdac4-4076-47e4-8ee9-d71574af55d4,Pengguna Google,Sudah coba daftar BKOL tapi udah 3 hari ga ada konfirmasi via email. Mohon dibantu pak. Karna butuh pekerjaan,3,0,2019-09-21 13:27:14
ee5f75d4-8896-4831-8b3e-99a8dba9dc31,Pengguna Google,Uninstall aja aspirasinya tidak pernah di dengar. Terimakasih,1,1,2019-09-11 07:34:04
780da528-c380-4d69-a65c-d1aef41d590b,Pengguna Google,"Belum sempurna nih aplikasinya, ketika mau daftar kolom kecamatan dan kelurahan nya ga bisa di pilih",2,1,2019-09-10 23:58:29
ec781be6-9569-408a-84fd-7b6de2d77aa1,Pengguna Google,Gk jelas gk bisa daftra kecamatan dan kelurahannya gk ada pilihannya bingung masuknya....,1,1,2019-09-04 02:32:01
5999b3b7-f807-477a-894b-62c6c0cd3cb0,Pengguna Google,"Saya daftar ga bisa-bisa ya.. khususnya dikolom ""kecamatan dan kelurahan"" tidak muncul apa-apa..",1,6,2019-09-01 09:22:56
2d95c79f-146f-4a4e-9899-913aeedc086a,Pengguna Google,"Kenapa tanggal merah semua ? Gak aplikasi gak web sama aja. Saya pikir bisa mesen sehari sebelum berobat tapi harus hari H daftarnya. Daftar dari malam warnanya merah terus, pas hari H bisa tapi sudah penuh. Tolong untuk diperbaiki",1,1,2019-08-31 01:53:04
05b022b2-09da-4ca1-aa04-37140cb5ac3d,Pengguna Google,gimana daftarnya nih...bulan september kok tanggalnya merah semua...oon oneng...,1,0,2019-08-31 01:23:15
fb17450f-1433-409e-99f9-84aec3a70f83,Pengguna Google,"Ini yang layanan kesehatan biar kata daftar bayar umum, ribet semua tanggal bisa penuh/full ama pasien mending jgn di buag aplikasi ini deh percuma",1,0,2019-08-26 07:17:48
9ec99419-73c1-444f-bb9b-e44fd3d24c15,Pengguna Google,Ok,5,0,2019-08-26 05:49:06
6dd15168-badc-4958-b38f-c64632b6f469,Pengguna Google,Sangat membantu buat kepentingan warga Depok..,5,1,2019-08-24 05:42:21
a8dad3b0-b83a-4c72-b0cf-317906213090,Pengguna Google,Kenapa saya setiap mau masuk aplikasi ko selalu keluar lagi,2,0,2019-08-23 14:39:34
8647b111-e202-4adf-b7f2-1878f9eadc15,Pengguna Google,Mudah mudahan sangat berguna cara daftar onlan ga pake antri di pusat kesehatan,5,5,2019-08-23 07:37:29
28f897b0-6e4c-4935-b8db-5c2b7bd7d281,Pengguna Google,Ini abis diperbaharui aplikasinya malah jadi keluar2 mulu 🤦🏻‍♀️ mohom diperbaiki segera 🙏🏻,2,2,2019-08-22 13:16:01
391cda24-0c7d-4ed8-ae7c-b6ee01cb5ce3,Pengguna Google,"Aplikasi yg sangat berguna,terutama bagi masyarakat depok bisa langsung akses fasilitas publik via aplikasi.Terimaksih kepada Devlop Sukses Terus Dalam Mengembangkan Aplikasi ini.",5,1,2019-08-21 13:32:54
0b4fce1e-80fb-4b61-b491-0863e412caa4,Pengguna Google,Ga bisa daftar 😑,1,0,2019-08-21 12:24:27
b0dcd14a-9575-4697-aa9e-7e0cca4d146a,Pengguna Google,Bagusss dan bermanfaatt,5,2,2019-08-20 04:47:29
76b81577-2191-465f-8c00-cce3c62afa36,Pengguna Google,nyobain,2,0,2019-08-20 04:37:01
fe519692-078f-47d2-91d5-843e0647d995,Pengguna Google,sangat bermanfaat. memudahkan saya untuk melakukan pendaftaran puskesmas secara online. semoga terus berinovasi memberikan manfaat untuk warga Depok.,5,1,2019-08-20 04:27:22
d4ef5b0c-6d1a-4487-aae1-6500ab47d748,Pengguna Google,"sangat membantu, bermanfaat :)",5,0,2019-08-20 04:18:12
b468aade-3698-4dd3-89bc-142460e7e5c0,Pengguna Google,"Bentuk usaha pelayanan kepada warga Depok, Terima kasih 😄",5,0,2019-08-20 04:06:20
44ad133b-bfec-4fe7-8978-2ad75932a2a9,Pengguna Google,"mempermudah untuk cek pajak kendaraan, dan daftar puskesmas",5,0,2019-08-20 04:05:50
7fff4e80-18b6-41cf-abaf-cca2cbdeba9d,Pengguna Google,sangat membantu untuk daftar puskesmas,5,0,2019-08-20 04:03:59
3fadb11c-d83e-424e-bc46-1a0b8b066586,Pengguna Google,dari kemarin nyoba daftar lnline utk rsud depok tp selalu bilang maaf anda belum terdaftar..pdhal udh di klik RM dn NIk nya udh di update juga di bagian informasi..mana bagian informasi di rsud depok judes banget lg😏😏,1,1,2019-08-18 11:55:06
a6733c56-a320-4e44-aa07-54f78bf4c190,Pengguna Google,baguss,5,0,2019-08-17 04:54:18
ba7e1e68-b64b-40b1-ae7d-e527c339c351,Pengguna Google,sangat membantu,5,0,2019-08-08 12:19:53
088611ac-2d03-4c1c-a9cc-f386fd731c54,Pengguna Google,sangat berguna terima kasih DSW,5,1,2019-08-05 06:42:36
7268e8fd-ad4e-4a0b-9643-e858db35d077,Pengguna Google,"anjing nunggu Dari Pagi smpe siang gliran dpanggil lgsg masuk ngomong nya klwat. dokter nya takut d Tanya w, soal nya w nunggu Dari Pagi. panggilan suara yg sering dpanggil R. perawat terus,panggilan poli umum Hampir gak d pedulikan. 15 banding 1. anjing .... anjing pada kualat inget duit w gak se berapa,karma Ada Suatau saat kluarga nya pda kena. inget hasilvyg kasian makan akan mnjadi pnyakit yg melebihi Rasa sakit w. 🖕",1,0,2019-08-05 05:43:31
09a43abc-7a12-4193-af86-6fa7cca5ee5e,Pengguna Google,gak bisa di buka error masa di blg bagus,3,0,2019-08-04 15:55:29
ff033175-0a03-4841-9652-9e12b388f466,Pengguna Google,susah masuk,1,0,2019-07-30 17:52:40
9a733525-bb45-48e1-95af-a45ec92cba22,Pengguna Google,sangat membantu,5,0,2019-07-22 09:57:08
18a8f49f-ce51-4f30-8ca2-50426185a081,Pengguna Google,"ini kenapa yah,saya mau daftar online ke rsud tidak bisa saya sudah berulang kali mencoba tapi tidak bisa juga,malah ada tulisan ""mohon anda belum terdaftar"" padahal minggu kemarin saya habis daftar online bisa tapi sekarang kenapa tidak bisa yah? mohon bantuannya",1,3,2019-07-15 11:17:30
8614cd8d-3a1d-4caf-b33b-78d02da51dfe,Pengguna Google,cukup membantu,5,0,2019-07-14 18:47:51
4304ba38-fc47-441c-8a30-159844178087,Pengguna Google,"Senin kemarin mau daftar puskesmas, tanggalnya merah semua, kemudian kamisnya coba login lagi sampai skrg hari sabtu, keluar terus dengan sendirinya.. sdh bbrpa kali seperti ini.. mohon perbaikannya yaa.. karena sangat dibutuhkan sekali untuk warga Depok, semoga tidak mengecewakan lagi.. Terima Kasih..",2,12,2019-07-13 11:41:18
f1fc401a-bff8-4dd7-ad67-56847a9703ca,Pengguna Google,kenapa saya tidak bisa login?? padahal saya sudah punha akun...,1,0,2019-07-11 20:39:33
22f74ceb-9d71-4137-9c80-ba16f7011ba5,Pengguna Google,mempermudah daftar pasien,5,1,2019-07-06 01:15:03
31d0d87e-9a5e-4a7a-8700-ac2ed09dd3ff,Pengguna Google,semoga semakin berkembang kedepanya,5,1,2019-07-02 00:35:57
f2ac140a-f6af-4c98-92dc-e368fefd8b4d,Pengguna Google,"good, semoga kedepannya akan banyak layanan yg bermanfaat untuk masyarakat 😊",5,3,2019-06-26 15:33:45
96accbe4-b967-4204-8702-04caf0e49ca5,Pengguna Google,👌👍👍👍👍👍👍,5,1,2019-06-26 07:08:37
c9810060-742e-41b1-97f7-b848cb1a8e77,Pengguna Google,membantu kake berobat,5,1,2019-06-25 10:22:16
825cb354-31bb-4cb9-802b-e28ddacfdf0e,Pengguna Google,KOK GAK BISA DI INSTAL YAA,4,0,2019-06-19 09:25:52
14d721c1-0dee-4675-bee3-fcf035550313,Pengguna Google,terima kasih aplikasinya sangat membantu sekali mempermudah pendaftaran dipuskesmas sangat berguna.tapi sekarang kok gak bisa daftar pakai akun gagal terus tolong perbaiki,5,4,2019-06-18 02:28:03
df283682-dce0-4f89-9e00-10b1732f2182,Pengguna Google,"saya waktu itu sudah registrasi untuk aplikasi ini dan sudah login, saya logout waktu itu dan saya coba login kembali tetapi dari kemarin saya ingin login ke aplikasi ini kenapa tidak bisa ya? mohon dibantu, terimakasih.",2,0,2019-06-17 12:44:52
e8fa6af8-ce88-45ae-be16-defaf60364fd,Pengguna Google,mudah cepat praktis ga antri kalo berobat ke polisi bikin skck .. semua layanan ada di apl ini ga bisa diakses !! knp ya ?! soalnya udah 3 kali keluar masuk dsw .. tapi keluar nya cara normal !,5,3,2019-06-07 17:23:33
59f5e465-f867-4263-9714-c902724b7afe,Pengguna Google,ga penting apk nya,2,0,2019-05-22 13:24:06
3c456951-24df-45b0-9d9b-6c003079129b,Pengguna Google,aplikasi ga jelas.daftar ko penuh terus,1,0,2019-05-20 06:35:25
cae37637-b0b9-4997-991b-6e0cff207e78,Pengguna Google,belum pernah gunain,5,1,2019-05-16 23:45:11
c1c9713c-6fbc-4c1e-8569-236ceedf0029,Pengguna Google,mau daftat rsud tp lama bgt keluar nya + ga bs masuk2 ... ckckck,1,1,2019-05-15 13:37:17
6725dd04-33c7-44b5-b498-6bb730e2555e,Pengguna Google,baik dan bermanfaat,5,1,2019-05-15 08:26:54
22de1d9c-3398-42a7-9050-9bba1fcad739,Pengguna Google,tidak bs daftar online rsud...not found teruuss..,1,0,2019-05-13 14:43:36
f70dc809-b4d0-4865-b473-4b5343e04c84,Pengguna Google,daftar gak bisa klik kelurahan n kecamatan,1,1,2019-05-11 21:31:04
8742911a-5250-44bd-8029-4e87a2db12a2,Pengguna Google,good,5,1,2019-05-09 23:56:13
05e876bc-e72e-4bc0-8a2a-4cef4bcbde79,Pengguna Google,b aja aplikasinya,1,0,2019-05-08 09:55:34
25750df7-f04f-4731-9fdf-879592f744e7,Pengguna Google,"Saya tau info aplikasi ini dari forward Ibu saya. Saya sudah mencoba dan mengecek kinerja yg ada di aplikasi ini dan hampir semua berfungsi dengan baik kecuali bagian input data di LOKER. Saya tidak bisa memilih Kelurahannya krn tidak ada option nya. Selebihnya oke dan recommended banget kok! 🙂 Untuk kalian yg jg ingin/sudah men-download aplikasi ini dan ingin memberi ulasan, baik saran/komentar, tolong gunakan bahasa yg baik (tidak kasar) sbg cerminan warga Depok yg santun ya 😊🙏🏽",5,31,2019-05-03 03:35:34
1e081025-a55d-486a-8819-42dc08c9bbd7,Pengguna Google,Sangat bagus karena memudahkan pelayanan madyarakat,5,2,2019-04-30 00:54:06
438b1a4a-41b8-4f37-80e7-7480f8ea487c,Pengguna Google,masih banyak bugnya,1,0,2019-04-26 13:21:58
d67d96ac-3d95-4ba5-ac7a-7cdff9958ae9,Pengguna Google,bagus,5,1,2019-04-24 07:52:42
463d237e-43d5-4d25-a570-a1f8fde4b64c,Pengguna Google,bagus,5,1,2019-04-24 04:35:08
1f688a6b-f31a-40b0-ac3d-c4b23fa86c39,Pengguna Google,depok selalu inovasi...👍👍,4,1,2019-04-23 04:14:25
d2314627-dc4a-4dda-8be6-84bd88385ba4,Pengguna Google,👍👍👍,5,1,2019-04-21 02:55:08
0f84e60b-c2af-48f3-a303-1271e56968e5,Pengguna Google,kontol makin ribet daftar nya macam apa ini. mau ngikutin negara mana sih sebenarnya.. kaya tai,2,0,2019-04-15 01:40:22
a499fa27-9498-48c6-8f21-dd2639e4a986,Pengguna Google,mau tanya kalo untuk daftar online rsud gmna ya?,5,1,2019-04-09 09:11:57
bf06ff13-af65-450a-8492-97f62b05ff47,Pengguna Google,saya tidak bisa masuk d aplikasi ini,1,0,2019-04-04 02:54:21
01401e7d-8709-4631-acfc-31056ba11a87,Pengguna Google,"udah login ehh malah keluar trs, jeleeek bgt najong.... auto uninstal",1,0,2019-04-04 02:25:17
0eab662e-24a5-4fd4-b405-81cf18cf823f,Pengguna Google,Aplikasi bgst keluar mulu,1,0,2019-04-04 01:14:21
f2dc5721-f253-4454-93ee-37dad04de4f5,Pengguna Google,bagus,5,1,2019-04-03 22:55:13
4e07663b-3cf4-4158-9f02-4975414c3ea8,Pengguna Google,respon terlalu lama,5,1,2019-04-03 12:05:52
12165849-81a5-4583-8de7-48f98a0b50cd,Pengguna Google,ini aplikasi apaan dah masa mau daftar pengunjungan tanggal merah semua ..,1,1,2019-04-01 13:09:04
3deea52e-ab17-4493-8d9b-e23bc27ef3a9,Pengguna Google,praktis,5,1,2019-04-01 08:52:46
03b31976-2c95-4edd-938e-453311d3cee0,Pengguna Google,gak bisa daftar online puskesmas. 'jam layanan tidak sesuai ' terus.,1,0,2019-03-20 22:51:18
8cddec37-1c4c-4f52-b249-7154764d2e13,Pengguna Google,"percuma aja zaman pake online, tpi knp para manula di utamakan?!! Shrusnya para pekerja di tambah lgi, jdi biar khusus mana tuk manula. ni mah pasien keburu mati kali di puskesmas karna manula di utamakan alias tidak pakai nmor antrian !!!",1,0,2019-03-15 03:12:59
bc6fb399-027e-42af-b316-fb1e37e4b5f8,Pengguna Google,ok mm,5,1,2019-03-03 06:53:09
188eff92-ebcf-4c88-a13e-ae2dcac0af57,Pengguna Google,"tolong servernya diperbaiki,jangan hanya anggarannya saja besar,tapi manfaatnya harus besar juga,terutama kesehatan",1,0,2019-02-25 16:09:43
cf0cb80d-e8a3-49ed-a988-2cd9dd70fa7e,Pengguna Google,kereeennn aplikasinyaaa.. semoga bermanfaat untuk warga kota depok,5,2,2019-02-21 08:12:59
4bd0affa-3b41-49c6-bdb3-9c0ef2e1a85e,Pengguna Google,mantap mamang,5,1,2019-02-20 07:46:32
b9f5d835-08c5-4f8d-871f-b5922118b42b,Pengguna Google,ini gimana kok saya mau daftar puskesmas merah semua tglnya? keburu meninggal.. masa bisa boking tanggal puskesmas? memang sakit bisa dijadwalin ?,1,25,2019-02-18 13:05:51
143e1b8d-792b-4f4b-bcb2-7b63ab09430a,Pengguna Google,I👍,5,1,2019-02-17 05:31:54
fc57bac3-02cd-4c5a-9280-69466f4c6763,Pengguna Google,Kok susah di Download ya?,4,0,2019-02-15 06:23:17
a6716f58-18a1-4f40-9d12-81fc2be1e589,Pengguna Google,ok,2,0,2019-02-13 16:09:15
43e9604c-9758-4fdb-a2f3-72ae1c250f45,Pengguna Google,lagi berhenti di lampu merah ada baliho besar yang isi nya segera download aplikasinya ....sejauh ini sangat membantu dan juga lengkap info tentang kota depok...,5,17,2019-02-13 08:46:40
d03bde3e-84fe-4fc2-95bd-0c9b5cd546c1,Pengguna Google,untuk ktp dki tinggal didepok apa bisa daftar jg disini,4,0,2019-02-12 01:24:05
4281879f-b25c-450b-8254-ee5313dcaf78,Pengguna Google,tanggal tidak bisa dipilih. tampilan merah semua kalendernya. eror nih,1,1,2019-02-08 17:21:06
8c625e2e-60e8-49d2-b56e-e19b1365c4ad,Pengguna Google,berharap mendapatkan layanan yang baik,4,1,2019-02-07 04:35:03
87fd1342-23e8-4b1e-b0d5-bf9b7a790bc0,Pengguna Google,menolong,5,1,2019-02-06 16:19:40
b9473856-9a35-4321-971d-f7bf7d61daa6,Pengguna Google,Baguuss,5,1,2019-02-06 14:12:31
ea15c25d-109d-4ccf-9856-1de687c9a84f,Pengguna Google,Knp aplikasinya gak bis buat buka daftar online. Lalu knp saat sign up gak bisa masukan kecamatan dan kelurahan..tolong perbaiki!!,3,1,2019-02-06 03:16:02
91f9481c-327e-43a8-9394-8460468244f8,Pengguna Google,susaaah..daftar ol puskesmas nya..keburu panik yg sakiiit,3,0,2019-01-30 06:07:11
d51cafa4-c6f7-4628-9d27-81668a72ca36,Pengguna Google,Ngeselin gk bisa d klik alamat y.... Jd gk bisa daftar,1,1,2019-01-30 02:48:55
e86a0863-0d43-46e1-871d-4fccc6d080d5,Pengguna Google,gabisa di klik tnggl kunjungan,5,1,2019-01-28 23:48:54
47195f09-081f-4b74-a94c-3839f45166f0,Pengguna Google,trimakasih info nya,5,2,2019-01-24 02:39:02
bab8ab30-7453-47b7-8eab-abc8b6b03a96,Pengguna Google,saya coba daftar online kenapa tanggal tanda nya merah tidak bisa di pilih ?,3,1,2019-01-20 19:21:54
a2f1eb89-b74d-4289-90a0-144e496ff951,Pengguna Google,sangat membantu,5,1,2019-01-15 07:29:48
335961fd-f984-4c8b-bba0-d3d3f5c6c525,Pengguna Google,"cara daftar nya gimana ya , ko pas di klik daftar nya ga bisa",4,0,2019-01-02 09:01:50
2e9c8ba8-2089-400b-834e-850546455f29,Pengguna Google,baguus aplikasinya,5,0,2018-12-31 03:54:12
382fe6a2-96d3-4df6-9791-b7ee878a3a32,Pengguna Google,Kalau bisa tolong aplikasi ini ditingkatkan lagi menggunakan chat dan sistem pembayaran GOPAY agar memudahkan pengguna membayar.,3,5,2018-12-28 19:28:22
966d22f4-7502-4a8f-b14c-94e969ce7e6f,Pengguna Google,saya mau nanya. ko untuk poli TB ga ada ya. untuk poli TB cara pendaftaran nya gimana min ? thanks,1,0,2018-12-26 11:22:09
a65d7449-365f-4849-be5f-b44059ae2586,Pengguna Google,"kok nga bisa masuk pake gmail nya , terus mau daftar nga bisa bisa sih",2,1,2018-12-21 04:35:26
4d0bc752-8fa8-4fc6-9360-1638147f6910,Pengguna Google,Harusnya ga pake no.antrian lagi harusnya dh langsung ke poli nya ajh buat kesehatan.,3,8,2018-12-12 01:59:00
aba57cb7-3c76-49b9-b288-2a5e6b9a9094,Pengguna Google,Aplikasi ini Sangat Membantu & Memudahkan Saya Untuk Melakukan Pendaftaran Secara Langsung ataupun Secara Darurat,5,7,2018-12-06 03:14:26
e4e4caa2-1f4e-4be9-989d-77492b96739c,Pengguna Google,Smatfren tidak busa buka emilnya,3,0,2018-11-16 20:16:36
e9df8303-591b-4cc0-a4c6-63164c1a92be,Pengguna Google,Desa yg gagal menjadi kota..,1,1,2018-11-04 22:58:50
7bfb333e-e3f6-45a7-90d4-4ab0aebeb3ad,Pengguna Google,"Registrasi untuk PDAM Tirta Asasta Kota Depok kog sulit ya tidak seperti PLN Depok yang jauh lebih mudah, trims",4,0,2018-10-23 10:51:45
c1b8674b-1540-4028-b64c-9a52e51dafe2,Pengguna Google,"Mohon agar ditambah kan Dukcapil Depok, Karena Sangat Membantu dalam akte kelahiran dan kematian",3,0,2018-10-22 05:10:22
9708eef8-c48c-494e-83ea-e540e1da0a2c,Pengguna Google,Selamat dan sukses untuk semua ASN yg ada di Pemkot Depok smg Depok akan lbh baik dan maju lagi,3,1,2018-10-10 08:46:30
b14f827b-9600-4f3e-ab03-099971412d3d,Pengguna Google,Bagus nih buat cari informasi,5,1,2018-10-06 08:57:31
3963ab13-932e-4494-8293-a979a34a62f7,Pengguna Google,"Bagus, Info ini bisa membantu warga tanpa harus ke kantor, berharap bisa jadi jembatan pengurusan surat surat perizinan, boleh tambah pada aplikasi mode Search konten isi karena nggak semuanya mengenal jenis perizinan. Contoh pengurusan akta kelahiran.. dengan men sesrch lebih mudah pencarian. Demikian.. lanjutkan..",4,5,2018-09-27 03:03:34
48a38e98-ef0d-4baf-ad34-731873e9a03f,Pengguna Google,Dengan adanya app DSW seluruh masyarakat kota depok dapat tahu informasi tentang kota depok,5,1,2018-09-20 07:10:57
7471c914-c50d-42a8-b230-75198eda9ffc,Pengguna Google,Mantap..keren..,5,0,2018-09-07 14:57:57
222b17cd-13a0-4b17-9691-47bda1e0dae6,Pengguna Google,Satu Kata.... K.E.R.E.N,4,1,2018-09-07 13:34:17
213f33fd-77a0-4aa7-b1ca-2de0185cab8d,Pengguna Google,Wah mantap ini aplikasi,5,1,2018-09-06 06:53:11
9ac42ab6-5334-42ee-a3d3-d92e5c2dbbc0,Pengguna Google,Ok,5,0,2018-09-06 04:03:40
42a9e6dd-17a7-443f-941a-e83bc4ce5de6,Pengguna Google,Mantap semoga depok kedepannya lebih bagi lagi. Dan terus kembangkan aplikasinya,5,0,2018-08-25 07:29:36
210008f6-b5e8-47bf-95e5-594f9519e356,Pengguna Google,Ga bisa login dan daftar akun. Harap di sempurnakan lagi,2,0,2018-08-24 23:52:22
92992a3e-6347-47c2-a05a-e76ed8ac12f9,Pengguna Google,Mantap bener deh depok,4,0,2018-08-24 14:18:28
74316f06-011c-41d6-bc8e-cfd1890bc81b,Pengguna Google,"D.E.P.O.K (DaErah Pemukiman Orang"" Kreatif) .. ateng bawa kayu sama kang wawan.. tenkiyu kawan",5,3,2018-08-24 08:09:31
6154f5dc-37bc-4eef-a6ba-a582e68a90d6,Pengguna Google,Terus maju depok,5,0,2018-08-24 07:23:27
78967d65-7278-4b5f-8db8-2625868d6bcf,Pengguna Google,mantap,4,0,2018-08-24 03:39:45
482c3e68-7658-48be-8e76-8735f87c539b,Pengguna Google,Keren bgt.. Semoga depok makin maju❤❤❤,5,0,2018-08-23 14:15:51
f82bdc8e-a91b-4923-8f0b-bffa3013fa73,Pengguna Google,Bagus,5,0,2018-08-18 09:54:33
4f669b32-03f1-4742-896b-33b914a5cfc0,Pengguna Google,"Media sharing INFO DEPOK siap melakukan sosialisasi mengenai Aplikasi ini 
dan semoga terus di Upgrade.",5,0,2018-08-18 08:39:05
7d19db04-a034-402a-9e45-d5312251e9bc,Pengguna Google,"Cakep... Semoga terus dikembangkan dengan fitur2 yang lebih memudahkan 
masyarakat Depok",5,0,2018-08-17 02:46:29
5d217564-d6e4-49cd-9252-1697cdb78041,Pengguna Google,Mudah2an layanan dan aplikasinya terus ditambah,5,1,2018-08-16 14:08:00
dbeaac52-e79f-4806-ab7b-03738e1a7624,Pengguna Google,Mantap.. Kota Depok semakin terdepan.,5,0,2018-08-14 03:10:54
7bab8ff3-2ed8-4bff-90af-6f96a006db59,Pengguna Google,"bagus app ringan,simple ,matap lah ,,meski pun saya tinggal di kab bogor 
,tp masih masuk bagian depok,sangat membantu",5,1,2018-08-13 09:40:37
eabed5b9-19ab-43e1-ae69-1369b09ce995,Pengguna Google,Lanjutkan,5,1,2018-08-13 09:25:03
c10e8838-94b0-479e-bac8-bd194cdd393a,Pengguna Google,👍👍👍 Depok semakin maju dan Smart,4,0,2018-08-13 04:15:55
dee23845-c9f3-43de-85eb-91de277ee211,Pengguna Google,Bagus dan terus tingkatkan.... Nuhun,4,0,2018-08-13 03:33:13
c964e0ad-293a-419b-a8cd-3913f0f3ac8a,Pengguna Google,Keren..,5,0,2018-08-11 14:02:44
b73dec2a-8b4d-4710-9bfc-c079bba4bf0a,Pengguna Google,Mantap. Semua ada dalam satu aplikasi 👍 good job,5,0,2018-08-08 02:17:28
fbb56b79-5099-4855-8345-c9892206aedb,Pengguna Google,Yoi manteb,5,0,2018-08-07 08:19:50
13605703-2e38-4950-a5fd-08b3f5e70e8c,Pengguna Google,Bagus buat kota depok,5,0,2018-08-06 06:00:56
25537557-363b-4395-b760-9628b67fccdd,Pengguna Google,Mudah2 Depok lebih unggul,4,0,2018-08-06 01:36:15
faf9ce66-51eb-44bc-acf0-c2aa89613a7e,Pengguna Google,Sangat membantu warga...kereeenn,5,0,2018-08-05 02:24:38
0c95a157-14da-4da8-bfe9-ba61e8ba01a0,Pengguna Google,Bagus,5,0,2018-08-03 12:12:36
d113b551-f4ca-4ab6-9cce-65e5d746b99c,Pengguna Google,"Semua dalam satu aplikasi, mantapp",5,0,2018-08-03 06:53:08
7598795c-cded-4539-9882-e53177a3d968,Pengguna Google,"Aplikasi ini sangat membantu saya sebagai warga depok,.. lanjutkan",5,1,2018-08-03 06:24:10
