reviewId,userName,Review Teks,rating,thumbsUpCount,date
b3be7663-2f34-4574-a6c8-038404ce7d55,Pengguna Google,aplikasi paling berguna untuk masyarakat Jakarta..top ..respon cepat.terima kasih,5,0,2026-08-14 13:20:13
3a444832-4711-4351-bef1-18a5c878dcdc,Pengguna Google,ini kenapa ko kalo mau laporan selalu gangguan dan lama banget,1,3,2026-08-11 21:07:13
3cd4bd4f-faab-4263-a56b-887fa035ce12,Pengguna Google,"login susah, padahal sinyal bagus, keterangan 'sesi login sudah berakhir'",1,0,2026-08-10 22:11:01
79589a15-f84d-486b-8639-de27df2aab9f,Pengguna Google,"Aplikasi tdk bisa dibuka, payah..",2,0,2026-08-10 22:04:58
82be4de8-85e9-4072-b8b2-3c1256f06d37,Pengguna Google,gimana nih masa gak.bisa.pilih foto leawat galeri,2,0,2026-08-10 17:59:39
c7555927-54ac-4535-952c-230032de9626,Pengguna Google,dari awal cek pkb kendaraan kgs pernah bisa. apaan,1,0,2026-08-09 22:47:49
fcad9e53-2efa-482c-912c-6e5ad3620171,Pengguna Google,APLIKASI GA BERGUNA TYTYT KOMPLEN GAK PERNAH DI KERJAIN ..,1,0,2026-08-09 08:24:47
b82d9cfc-1fa4-4223-92db-02766e0b6b57,Pengguna Google,dari tadi gagal mulu mau daftar tes catin booking antrian gagal.padahl sinyal bagus 5G+++ loh aneh bgt,1,0,2026-08-08 16:49:18
bf404123-fea1-4e2c-9d57-b57e309b3d1d,Pengguna Google,"Mendingan jaman Pak anis Laporan cepet selesai dan Kgak berlarut2, skrg pake ini laporan penyelesaian nya makin aneh, berhari2 kelarnya,padahal laporan simple.",1,0,2026-08-07 06:34:26
9fb4377d-dcf2-41cd-a1db-d837c31ae5c1,Pengguna Google,makin kesini makin lama penanganan nya bertele tele 👎,1,0,2026-08-07 06:21:03
29d56ff1-33da-4260-9bc3-0e3b5793789f,Pengguna Google,"Aplikasi yang sangat bermanfaat untuk mengakses berbagai layanan publik Jakarta dalam satu tempat. Tampilannya modern, mudah digunakan, dan fiturnya lengkap, mulai dari informasi transportasi, laporan warga, hingga layanan administrasi. Performa aplikasi juga cukup baik. Semoga terus dikembangkan dengan fitur-fitur baru dan peningkatan kecepatan layanan. Sangat direkomendasikan!",5,1,2026-08-06 11:34:50
f40e282b-6538-40a2-ba14-125e4fa6d6e4,Pengguna Google,"HP sklrga diretas tetangga RT 3 RW 8 Kirai Ujung Cipete Utara : Ridwan, Muhammad,Ary Purnomo, Sumina, Iwan Kelana, Endang Setya Utami, Mulyani, Ira, Wiyadi, Rocky Adzkia, Anto & wawan Tyas Juminem, Indah, Nila Afriyani, Cynthia Bomantoro,Caswad. HP Anggara dicuri Tetangga. Ridwan, Ary, Iwan sering foto asset rumah saya tanpa izin. Mereka PEMFITNAH di aplikasi Jaki. Mereka berpura pura menjadi PETINGGI NEGARA. Mereka gunakan DEEPFAKE VOICE + AI untuk penyebaran FITNAH extreme tanpa bukti akurat.",1,0,2026-08-05 07:50:28
8a79d5ae-db5e-40a7-bb3a-09a4be1128b1,Pengguna Google,Cek PKB masih jg blm bisa. Ampun.,1,0,2026-08-04 17:50:47
dcce3e45-967d-4226-a174-d2d2bfedd341,Pengguna Google,Bagus....fast respon sgt membantu sekalii,5,0,2026-08-04 17:11:50
dde9a093-8110-4a92-8006-5688ff04bb84,Pengguna Google,kagak lengkap,1,0,2026-08-02 13:49:04
4006b66e-094e-4760-8e05-543945fbcad7,Pengguna Google,sudah normal kembali,5,10,2026-08-01 23:22:39
c4d662df-bd90-49cd-b4b1-aea87d5f5415,Pengguna Google,"laporan saya udh 1 bulan ga diproses gimana si lemot bgt, soal pohon yg halangi pandangan pengendara yg lintas dijalan, TOLONG DIPROSES DONG UDH 1 BULAN MASA G DIPROSES",2,1,2026-08-01 20:25:22
c2e319eb-a58e-4dd7-aa60-7793503956f3,Pengguna Google,kaki sering error,1,0,2026-08-01 14:17:30
84b7b9ae-acc3-4858-a0d4-3af4559a433a,Pengguna Google,aplikasinya bagus tapi sayang privasi pelapor bisa di bocorkan.,1,0,2026-07-31 16:19:39
2280531b-0294-4bf1-83ef-c4f1f2334cbf,Pengguna Google,"Alhamdulillah dengan adanya aplikasi ini saya merasa dilayani oleh petugas setempat. terimakasih petugas setempat jakarta timur matraman, sehat selalu.",5,0,2026-07-30 22:40:59
aa36c05f-b37f-4af5-bc22-a4d417972bd9,Pengguna Google,"cepat responnya, mantap",5,0,2026-07-30 11:45:57
b5943b14-4106-4dc2-8015-a923e8f27e6f,Pengguna Google,"Kecepatan menindaklanjuti laporan masyarakat, dan keramahan admin dalam merespon laporan warga. terimakasih JAKI",5,0,2026-07-28 16:52:59
48f33b61-5328-4e0d-8470-7f7fcd4a2cc2,Pengguna Google,"Perbaikan terus tanpa ada penyelesaian di sektor pajak, seburuk inikah aplikasi milik pemerintah?",1,0,2026-07-27 10:47:11
f7e5f161-050a-4cb1-907e-983e500f32d5,Pengguna Google,wow banget,5,0,2026-07-26 20:30:55
da311231-6af2-4031-9e6f-22930a93b6f3,Pengguna Google,"aplikasinya bagus dan cepat juga respon mungkin saran dari saya, servernya mungkin bisa diperbagus, saya akses nya tidak stabil ke aplikasinya",5,0,2026-07-26 14:36:27
b158374a-bf96-4839-9821-7085780443fa,Pengguna Google,terimakasih atas tindakan cepat tanggap nya.,5,0,2026-07-25 22:28:36
d73ddaed-d0c9-4456-92a8-ac063a70cb33,Pengguna Google,"saya mau report soal tenaga kerja, perusahaan perusahaan nakal, kalau saya berhasil lewat pengaduan aplikasi ini saya naikan 3 bintang lagi",2,0,2026-07-24 19:48:38
c8943100-8cfb-4bd1-89fb-bca52ef90d37,Pengguna Google,"aplikasi macam apa ini, cek pajak aja gak bisa muterrrrr terus...,!!!",1,0,2026-07-21 15:45:07
9beaf204-f887-4371-8717-04fb84b3d1f9,Pengguna Google,"aplikasi gak guna cuma nyedot kuota doang pembodohan publik, tindakan lanjut laporan warga diduga fiktif usai menerima laporan petugas Satpol PP kelokasi hanya datang foto lalu pergi status dijaki selesai, kalau PPSU iya tindakannya nyata angkut sampah. kalau satpol pp datang foto selesai tanpa tindakan nyata.",1,0,2026-07-20 14:16:24
4aef4641-1d8b-46d7-84bf-191419f670f5,Pengguna Google,bagus sangat membantu saya,5,0,2026-07-18 05:39:49
efba6c52-3f58-4a81-8c0e-4e6c3afdf89f,Pengguna Google,tidak ada tindak lanjut laporan karena ada setoran dishub,1,0,2026-07-17 19:57:21
8cebfae2-c1f3-4dfc-bbd9-1b78a2972e73,Pengguna Google,kapan selesainya mau cek pajak masih dalam perbaikan sistem,4,0,2026-07-17 11:58:21
0881d9a9-8176-4fb5-b64a-a1d12a004eec,Pengguna Google,"Terimakasih, laporan saya dengan cepat di tindak lanjuti 👍🏼",5,0,2026-07-16 15:31:15
0e59ec05-8215-4bd3-81ee-ec689abf6520,Pengguna Google,kalau mau buat laporan di daerah Tanah Abang susahnya minta ampun 😆😆 kaya sengaja dibikin ngelag akhirnya gw hapus ni aplikasi,1,0,2026-07-12 10:58:28
66793b1b-6807-4aa9-870a-7e3494e5a662,Pengguna Google,saya tidak bisa kirim komplen di aplikasi jaki setiap mau kirim error terus,3,0,2026-07-12 07:23:29
853f1a98-d806-4b20-b861-2eb1c06e7666,Pengguna Google,aplikasi yang sangat membantu,5,0,2026-07-10 20:35:12
245055e7-0478-466c-a8a6-67ba40ba442c,Pengguna Google,kenapa pas buka antrian paskes selalu muter2 sudah pakai jaringan 5G dan Wifi masih saja muter,1,6,2026-07-10 12:18:50
b0d0c684-30fe-4dcf-903a-7140ca661f94,Pengguna Google,Fitur Antrean Faskes loading mulu,1,0,2026-07-09 13:06:45
5a35a45e-8997-4493-85fb-790a1617d35c,Pengguna Google,aplikasi pengadu domba. menerima laporan dari orang yang tidak bertanggung jawab kenapa haru di tutup tutupin nama sih pelaporan jadi sih pelapor seenaknya berbuat melaporkan yang tidak sesuai kenyataan. sebaiknya di perbaiki sistem aplikasi nya jadi pelaporan bisa bertanggung jawab atas apa yang di laporkan.jadi nama sih pelaporan wajib di lihatkan untuk mencegah tindakan yang tidak bertanggung jawab. tolong kepada tim terkait aplikasi ini untuk di revisi dan di atur ulang,1,1,2026-07-04 23:28:56
68fea2ac-25d0-431e-977d-e658fd55f899,Pengguna Google,sangat membantu,5,0,2026-07-04 08:41:26
cc399d8d-d52f-4573-aa87-8aa8d49d6c50,Pengguna Google,aplikasi bagus dan sangat membantu. terima kasih petugas Ciganjur bertindak cepat,5,2,2026-07-03 18:00:15
1d62ec87-005b-422b-a056-5b29766ecea3,Pengguna Google,ribet amat buat username doang salah mulu,1,0,2026-07-03 10:28:03
8d6eb492-b5eb-4004-971f-2dea42db28d7,Pengguna Google,kenapa mau ngecek sppt ga bs dibuka,1,0,2026-06-26 10:31:05
8df44e45-b458-4021-b2a7-0e5e8f30bdf6,Pengguna Google,dari dulu bukan di perbaikilan aplikasi selalu ngelag kirim laporan masyarakat ke jaki apalagi jaringan selalu parah di aplikasi jaki ini,1,0,2026-06-23 23:41:48
ecd8bb1d-3a08-4a08-8db1-ddd3a22db398,Pengguna Google,Bintang 5,5,1,2026-06-23 06:58:28
41e3b0d2-c701-49f8-8bac-c032c390a60d,Pengguna Google,"Aplikasi bagus, dan sangat membantu utk update tentang Jakarta, bisa cek info layanan dan pelaporan permasalahan. Respon penanganan cukup cepat walau bervariasi tergantung tingkat permasalahannya. Update ulasan (04/01/2024) Pada Fitur Laporan Warga fungsi pencarian berdasarkan key, tgl, terutama Radius Jarak km TIDAK BERFUNGSI, mohon bisa diperbaiki krn belum tentu kita butuh lihat laporan yg berada jauh dari wilayah kita. Tks **(19/06/2026) foto dari galery tdk muncul padahal belum lewat 2 jam",5,52,2026-06-19 18:42:42
b750323c-7516-4356-ba9d-7024fbc0acb2,Pengguna Google,merasa puas atas kerjanya,5,0,2026-06-19 09:31:32
08370131-5d1c-48f3-8bb0-26d86e03ebf0,Pengguna Google,Mengalami Penurunan Kualitas Pelayanan.,1,0,2026-06-17 04:18:28
abe71849-f7e6-4f04-945d-35d98cd8bad8,Pengguna Google,"Aplikasi nya bagus , fast respon namun sistem nya masih agak kurang krn untuk datang ke lokasi suka tiba2 tanpa pemberitahuan terlebih dahulu",2,0,2026-06-14 02:58:33
4065df5c-e8da-4c61-a06f-34b4a3bd4ddf,Pengguna Google,aplikasinya agak lelet mungkin perlu dievaluasi pagi jika mau digunakan untuk masyarakat umum,1,0,2026-06-13 10:24:54
0b20a22b-37d5-4567-a397-d01d3ecd3c5f,Pengguna Google,ngapain laporan lewat sini percuma gak bakalan di tanggapin lebih baik up lewat media sosial aja langsung lewat Facebook tiktok Instagram biar viral dulu baru di tanggapin,1,0,2026-06-10 22:08:30
5b33bbb8-8577-4a50-8e41-722a9af54db6,Pengguna Google,"ini sangat membantu cuma dari saya lihat dan amati beberapa mungkin kayak laporan warga kadang kurang dijawab, seharusnya cepat tanggap tapi yang lain bagus kalo bisa cuma kayak masih ada yang kurang, masih bisa ditambahin hal lain tanggung banget dan mungkin map nya bisa di bagusin atau fitur fitur lain, pemaikan hampir 6 bulan",4,2,2026-06-09 17:08:05
576fe4ef-eeae-4a0e-b4ec-bc0e686b1eb5,Pengguna Google,"pantesan di Rating Rendah/Buruk setiap Laporan penanganannya Lambat sekali, beda dengan pendahulunya app Qlue. Apa cara kerja bawahan Cerminan dari Boss nya? , hanya bertanya",1,1,2026-06-09 14:32:13
a378fb6c-fb98-4c3c-a1ad-66fcf8a5013a,Pengguna Google,"jakwifi kadang tidak terkoneksi ,dan lemot sekarang sekarang?..",3,0,2026-06-09 11:59:45
28b52e01-674e-4ed7-ad29-6c415cd47524,Pengguna Google,"Fitur bagus, tampilan juga lumayan ok. Tapi sayang sering ngelag dgn info server sibuk. Buat pemprov DKI kalo cm beli atau nambah server harusnya masalah sepele. Atau program aplikasinya yang kurang canggih?",2,4,2026-06-07 07:01:21
6d5e4a60-fd3d-4d9f-b333-45aa3c3fdc3a,Pengguna Google,sangat membantu bagusss,5,0,2026-06-04 14:27:12
6c119435-1654-4bd2-b547-bf3d6645646b,Pengguna Google,"aplikasinya ngelag, padahal sinyal saya full dan bagus. mohon ditingkatkan lagi ya",1,4,2026-06-02 06:14:24
9a42724f-e981-448b-9454-3a88a489f78c,Pengguna Google,"sekarang keluhan ga ditangani bener2. cuma asal datang, foto dokumentasi, bilang udah dikoordinasikan, 1 minggu kemudian ada lagi",1,1,2026-05-28 14:18:35
775dd5b4-ad7f-4406-b1c7-89ff4579b5af,Pengguna Google,sangat mudah di gunakan dan untuk mendapatkan informasi seluruh dki.,5,3,2026-05-26 14:21:21
c9dc55fb-62cc-4081-a0c9-ce57bd86e951,Pengguna Google,"tolong di perbaiki lagi saya foto lewat kamera pas mau lapor masa kaga ada foto nya gimana dah ini aplikasi, padahal blm ada 2 jam aneh banget",1,1,2026-05-26 07:38:22
9c600c58-e83a-41d3-8ebc-a1ed067e41dd,Pengguna Google,"Sangat buruk dan kecewa sekali sama Admin yang menerima laporan, terutama ADMIN LAPORAN VIDEO, laporanku tentang pelanggaran yang divideokan ditolak terus dengan alasan KATA KASAR (GX jelas, padahal GX ada kata kasar) berkali-kali ditolak, adminnya GX becus",2,3,2026-05-21 21:14:33
b00085fa-40fc-4493-b335-55f83c1ce782,Pengguna Google,"Halo. Saya ingin membuat surat balik nama PBB, dengan syarat salah satu ya minta tanda tangan ke rt/rw. Tapi saya ada kendala, kata ya kalo mau tanda tangan harus kasih sumbangan dulu krn gedung rt/rw ya tahun lalu kebakaran. Berupa uang atau bahan bangunan. Apa itu wajib?",3,0,2026-05-20 14:24:39
b96503b6-3640-450d-9acc-4cc5e6aff611,Pengguna Google,membantu sekali,5,0,2026-05-18 12:36:53
8be37fba-c449-4f3c-b34f-6dbb13e643fe,Pengguna Google,kebanyakan erornya,1,1,2026-05-16 22:25:20
fa78a1e8-a10a-4e2d-884c-7611ad2e932d,Pengguna Google,bintang menentukan kualitas,1,0,2026-05-16 13:01:09
1a0a175e-3a9a-40e8-9f8c-c25908ddf703,Pengguna Google,sistem tidak bisa kirim vidio bukti lewat galeri harus langsung lewat aplikasi rekam vidio sangat tidak membantu warga hanya darurat saja gak bisa harus buka aplikasi dalam waktu kepepet kalah sama aplikasi gojek grab lansung di tindak,1,14,2026-05-15 14:51:39
1efac7b7-c8b8-4d15-bdcc-3680a8e74c61,Pengguna Google,"terima kasih, aplikasi ini sangat membantu.",5,0,2026-05-12 13:00:17
84aa4396-1661-4725-8d31-0e317d1b5410,Pengguna Google,"pasti yang download, dipaksa guru",3,0,2026-05-11 09:51:26
8002b420-5fed-4256-bbff-9c436fdf5c50,Pengguna Google,PEMPROV HARAP PERBAIKI ORANG-ORANG YANG SUKA BIKIN LAPORAN NGAWUR,1,0,2026-05-10 06:49:13
4a69932f-3536-41f5-8073-32d59589a421,Pengguna Google,mantap,5,0,2026-05-06 11:16:05
1d66ef26-7a86-4512-ba69-9193ac37fb41,Pengguna Google,"Aplikasi server sangat lemot , kurang membantu untuk warga yang ingin melaporkan sesuatu pada saat darurat.",1,1,2026-05-03 12:29:35
804689b7-ff25-4e4e-ab88-024751e51f20,Pengguna Google,kaga bisa di upload foto ama laporan saya,1,1,2026-05-03 10:56:05
3c9ae334-7159-48fe-aa74-6a07b5bb126e,Pengguna Google,"lemot, sulit buat laporan",1,1,2026-05-02 19:24:01
887fbdd0-534f-41d4-8079-e48e86761b0f,Pengguna Google,tolong dong di perbaiki lagi masa harus login login terus udh kalo udh harus login lagi lama ngelek,4,1,2026-05-01 06:47:34
7f675060-9e3c-43d7-ab6f-0992540aba65,Pengguna Google,"keren ,,good job jakarta ♥️",5,0,2026-04-29 14:22:52
e4980356-a2cb-4a92-8de2-e0c70319699e,Pengguna Google,Tidak fleksibel,1,0,2026-04-29 10:28:11
5b7416bc-e923-4675-b203-33f30851eef3,Pengguna Google,mantul,5,0,2026-04-28 10:32:32
00e2fda8-cfdb-4d47-bc7e-0eec571389fa,Pengguna Google,dicoba,2,0,2026-04-28 07:53:11
38074625-9695-406f-97f4-61ebe393a2ea,Pengguna Google,saya mau tanya ke jaki sebenarnya saya harus lapor ke mana lagi ya agar laporan saya d proses dengan baik sbb saya sudah beberapa kali komplen ke jaki tentang fasum dan faskes yang ada d menara samawa pondok kelapa selalu kena prank dan d bohongi terutama sama sarana jaya tolong dong kasih info saya harus lapor kemana lagi Terima kasih,1,0,2026-04-24 12:14:01
f5289c84-9599-41a3-b276-27dfdda2544d,Pengguna Google,login ga bisa,1,0,2026-04-20 09:05:00
f60b6b72-1580-43dc-97dc-235f88218f55,Pengguna Google,"data bocor kata nya laporan bersifat privasi tapi kok bisa bocor apa karena orang kelurahan nya yg bocorin parah sih, gw ngelaporin para pembakar sampah di lingkungan rmh bikin laporan ehh laporan malah bocor ternyata orang kelurahan kacau",1,1,2026-04-19 18:19:00
f2a1d353-75f9-49e8-9dd4-3319faa792a6,Pengguna Google,Server nya lemot bangeeet! padahal sinyal baguus.,1,3,2026-04-18 22:13:30
84dd65c8-c5f5-4dcd-8008-d79b365c6d05,Pengguna Google,"ini yang kasih rating bintang 5 orang dalem semua apa gimana? Aplikasi bobrok gini aja, lu bayangin mau lapor darurat tapi muter muter, lemot, dan masih harus masukin kode CAPCHA like whaaaat???",1,3,2026-04-17 21:24:19
10663014-e186-42c1-9219-0ad3fbc1b765,Pengguna Google,"ngelag ngelag, servernya ngga kuat nih, masa setiap di buka bbrp menit kemudian ""koneksi server terputus terus"" wkwkwk, padahal internet saya buat nonton Yt resolusi 720 lancar jaya wkwkwk",3,4,2026-04-17 06:05:46
aa211a0d-b0a9-44e1-95f8-4bfc9daff42f,Pengguna Google,kendala//laporan diatasi walaub dg aplikasi ai,5,0,2026-04-16 18:47:02
52617c93-436e-4f80-86f2-0414cedc1ef9,Pengguna Google,bagus,5,0,2026-04-16 15:41:29
2e2c9a4f-5e2c-4ec3-8109-ad4e6b86fc1b,Pengguna Google,Percuma buat Laporan melalui aplikasi jaki ini.. Ga ada tanggapan. Mending langsung ke Media Sosial Pemerintahan nya. Hapus saja aplikasi jaki,1,3,2026-04-14 09:40:54
c0f7f83d-b22c-4370-b235-ec33f44f7856,Pengguna Google,kata nya laporan yg dikirim bersifat privat tapi saya ngelaporin tetangga bakar sampah kok malah pada tau kalo gw yg laporan sampe di intimidasi sama rt hahaha orang kelurahan nya juga gak bisa menjaga privasi yg ngelaporin percuma dong ada apk ini,1,1,2026-04-12 07:05:53
13d1402d-e87c-441b-97b3-f7fc422c1ca2,Pengguna Google,"tolong tambahkan fitur bisa upload video atau foto dari galeri HP di laporan, agar videonya bisa disimpan di galeri HP plus bisa di upload si aplikasi",5,8,2026-04-12 06:58:44
3f8f489d-a422-42a8-b60f-32cc4814e792,Pengguna Google,program verifikasi emailnya lama dan ada laporan tentang parkir liar malah dibalas foto ai. kalau gak niat menanggapi laporan gak usah nipu gaji anda dari rakyat jadi harus lebih mengayomi masyarakat ngerti gak...!,1,1,2026-04-11 00:06:15
bed70777-c5c1-474f-abf0-db9cca93078b,Pengguna Google,mau downlod PBB th 2026 tidak bisa,3,0,2026-04-10 20:09:29
190d38ff-2665-4db4-a29e-6c8d04f12ea9,Pengguna Google,saya delete apk ini karna laporan saya sudah 3x ada parkir liar di kota casablanca halte sekolah sebrang pom bensin parkir di trotoar dan ada tukang parkir nya ga di tanggapi. saya komen lagi karna liat viral yang di kali sari. apakah tunggu viral baru di tindak? nanti saya akan bantu viralkan semoga camat atau lurah nya di non aktivkan kaya di kalisari kalo masih ada parkir liar di kokas ga di tindak,1,1,2026-04-08 09:59:16
d5d6b8f7-141a-45cc-9bd5-843b6514a7d5,Pengguna Google,lemot parah,1,0,2026-04-07 14:18:26
3418532b-285d-4ee2-8a3b-7cec2abc1596,Pengguna Google,"Ama gubernur yg skrg ini aplikasi ga guna karena staf2nya udah pada ga peduli am laporan yg kita buat di aplikasi, gua buat laporan lampu PJU mati eh udah sebulan lebih gaada tindakan cma kordinasi doang di aplikasi. Kordinasi apaan lu cuma benerin lampu ampe sebulan kaga kelar2 juga!!",1,1,2026-04-05 21:37:54
456245b0-925c-4db5-a162-a768d3992e86,Pengguna Google,"fitur uda lengkap, ke tll an nya, ke gblk an nya, ke dungu an nya, tinggal di poles dikit empati nya..",1,1,2026-04-05 17:55:28
507f5813-8bc8-4218-9109-19e2e0881bc3,Pengguna Google,apk g guna ga d yg respon,1,1,2026-04-05 16:33:04
31489811-ef4c-4c7d-9f83-b0ce2997b193,Pengguna Google,"udah ambil poto gps hidup tp ga bs bisa ,malah disuruh ulangi foto lg sampe begitu trs",1,1,2026-04-04 05:48:39
a5808e3a-e895-4bad-8c88-af5f231e8041,Pengguna Google,"Sekarang aplikasi JAKI sulit kirim laporan Pagi Siang Sore Malam ga bisa ke kirim laporannya, Sengaja ya???",1,4,2026-03-31 19:32:20
ad78833e-652a-4c29-a14b-edbedbd22a7e,Pengguna Google,gak ngaruh,1,0,2026-03-31 12:07:34
62a796c3-e67f-43c0-a13a-34222eb6126a,Pengguna Google,bagus,5,0,2026-03-31 10:41:53
bf7aa124-9d22-45cf-91b2-c25039943394,Pengguna Google,"membantu dan sangat efisien untuk laporan, dan sangat simple sekali aplikasinya",5,3,2026-03-31 10:37:31
c0b3822f-a846-4ebe-913d-b6565d43d77e,Pengguna Google,bagus laporannya betul-betul ditanggapi semoga kedepannya lebih baik lagi 👍🙏👍👍👍,5,0,2026-03-30 10:14:18
758d1773-d19c-4a02-a43d-7ad5e04c99ae,Pengguna Google,"susah bikin username, aturannya njlimet. jadi gak bisa2 registrasi username, pdhl udah coba berkali-kali. harusnya ada contohnya.",1,9,2026-03-17 18:43:21
e48a6d93-a8a1-4544-8df6-6b44cb5e6887,Pengguna Google,"mkin kesini makin jelek sinya udh 5g tetep aja ga bisa bikin laporan nya,",1,2,2026-03-16 20:19:18
66ab0d09-c1d2-4193-a66a-dcca3b08171a,Pengguna Google,Petugas terkait dengan masalah sangat tidak respon dgn laporan yg di laporkan pada aplikasi khususnya petugas kebersihan di wilayah kelurahan Marunda Cilincing Jakarta Utara.,2,0,2026-03-16 16:20:33
ca6293b2-3fd2-4b79-b3a3-95385e674d5d,Pengguna Google,"udah lapor, karena kebisingan usaha tetangga di pertengahan kampung usaha mebel. RT tidak mau tahu. percuma lapor tidak ada effect jera. sama sekali... didatangin sama pihak terkait, seminggu kemudian berisik lagi...",1,0,2026-03-15 13:44:11
f89cb175-ef52-4417-b229-35fe1a6c2073,Pengguna Google,"fiturnya sangat sangat bermanfaat dan membantu, tapi kenapa ya fitur karier gabisa dibuka padahal saya udah keluar masuk aplikasi berkali kali,mohon di benarkan ya developer",5,7,2026-03-10 13:31:07
4dd31a45-4a51-40e0-a036-a5c9d5defd1c,Pengguna Google,lemot payah,3,0,2026-03-09 15:03:49
c6ef629d-23a4-4cfc-90db-0d263eba37a1,Pengguna Google,apknya jelek banget udah berkali2 daftar tapi pas mau log in gak bisa terus,1,4,2026-03-05 10:41:41
8dc3d0ab-7c7b-473c-b980-0d318ed61de8,Pengguna Google,"sumpah ini keren banget!! baru kali ini aplikasi pemerintahan beneran cepat tanggap. gue laporin tetangga karena berisik bikin usaha di lingkungan padat penduduk. mengganggu ketentraman warga. langsung di tindak lanjut, disamperin orangnya. keren sih. lapor RT gak di gubris. langsung lapor Jaki diproses. terima kasih pemerintah. semoga tidak berubah ya kualitas nya. tetap cepat tanggap seperti ini. the best",5,6,2026-03-04 18:48:59
59430582-19a7-4dcf-8bc2-d7c3d60f7a61,Pengguna Google,aplikasi buat laporan ko muter2 padahal koata ada wifi ada ini harus di perbaiki,1,0,2026-02-28 13:31:37
bf1296ed-78bf-47b0-9723-c548a1df7951,Pengguna Google,bintang 4,4,0,2026-02-27 20:44:41
308ab86c-158a-406a-947e-45c5da16195d,Pengguna Google,makin ke sini makin gak jelas server sibuk terus,1,0,2026-02-27 06:58:44
8bd89cb1-66da-4716-9fa9-15d89be8dba0,Pengguna Google,"Aplikasi jelek ga bantu sama sekali, gua udah lapor ke Polsek motor ilang cctv juga ga dikasih katanya harus lapor ada laporan dari kepolisian, lah gua minta bukti rekaman karena gua udah lapor dan polisi juga ga mau nunjukin etle makanya gua minta ke aplikasi ini. Terus gunanya aplikasi ini apa ngabisin anggaran aja",1,0,2026-02-26 23:40:43
94ec99f7-cfec-4929-94c8-eda5cd6deb61,Pengguna Google,lemahnya jaringan server kalian membuat pengguna jadi lemot loading gagal. tingkatkan jaringan server kalian jangan salahkan internet user yg tidak stabil bla bla..,1,5,2026-02-25 10:43:59
636a2894-17d4-4f86-9c0e-789d29eec3d1,Pengguna Google,"Tolong dong admin,,kalo ada orng laporan minta di sertakan data diri si pelapor...supaya adil,,agar terlapor tau siapa orng yg melaporkan... makasih tolong di pertimbangkan.",5,2,2026-02-23 13:13:04
fb8b5907-67e0-45c1-bcf2-45cb8219f20f,Pengguna Google,aplikasi gak jelas udh download trs mau coba buat pengaduan malah muter2 doang kaya orang puyeng ini aplikasi apaan sih,2,0,2026-02-23 01:58:45
3720ced2-ab3a-43b1-95c1-297eb036fcb7,Pengguna Google,"knp yah mau daftar antrian gagal daftar antrian terus udah brp hari ini, mau daftar pasien umum atau bpjs sm aja gagal antrian",3,0,2026-02-19 14:42:04
8115a4c5-2574-4066-bd4f-de5485e80764,Pengguna Google,"tolong dong itu dishub khusus nya buat pelayanan uji kir , lama banget buat nyetak lolos apa engga nya, antri dri jam 8 selesai jam 3 sore, puasa pertama , lambat pelayanan nya ! kerja yang bener rakyat bayar pajak lo kerja ga becus !!!",1,0,2026-02-19 14:14:51
3535028b-fb04-4fdf-a6c6-143ae87068b6,Pengguna Google,aplikasi nya masih bisa ga sih? kok mau bikin laporan udah ngetik patokan malah balik lg ke hasil foto kamera aneh,3,0,2026-02-10 15:21:20
3aed47e9-c8b6-4e78-aede-ebc549ef3e01,Pengguna Google,oke,5,0,2026-02-05 15:19:58
7a51bbea-fb3a-4b41-bd49-ce76a9a4eb23,Pengguna Google,"Warga Jakarta wajib banget unduh aplikasi ini, Laporan seperti jalan berlubang, trotoar rusak dan lain-lain cepet banget di kerjakan. Terima kasih kepada seluruh petugas, sehat selalu untuk kalian semua.",5,2,2026-02-04 00:01:24
d328c867-a49d-4c30-a29e-58045da31d2f,Pengguna Google,"app ada tapi ga bisa login, jauh manfaatnya di saat ini di banding gubernur sebelumnya",1,0,2026-02-03 08:10:13
fe46ad12-fc65-416c-9df7-5f2809b81bc7,Pengguna Google,"Aneh, sistemnya udah mulai brani bersikap diskriminatif gitu ya. Ga bisa buat laporan karena saya berada di luar DKI Jakarta, apa hubungannya dengan lokasi pelapor? Salah nih logikanya. 😅 Harusnya bangga karena masih ada orang luar yg mau berkontribusi buat provinsi anda juga loh. Tak tahu malu.",1,0,2026-02-02 20:32:16
1a0604a6-5a0f-4f8d-93fc-9eef4c3a8f6a,Pengguna Google,tolong min untuk armada jak 10 ditambah lagi dibanding armada lain jak 10 yg paling sering dan banyak yg mengantri panjang di stasiun Tanah abang,3,0,2026-01-26 07:53:43
1115c683-6a57-433a-8d73-ca056f0b757a,Pengguna Google,"liat google, katanya bisa liat cctv buat mantau kondisi jalan ternyata ngga ada",2,0,2026-01-23 12:12:11
0e3b2925-88a7-4f86-a7db-a14068caf77f,Pengguna Google,aplikasinya Tdk bisa di gunakan....aduh gmana mau melapor. gmana ini min,3,0,2026-01-22 12:43:38
990a2f25-a8d4-4646-bf1b-1127d7c5d8e1,Pengguna Google,"pelayanan ambulance nya lama di tlpn sih cepet cuman nunggu 2 menit di tlpn, nunggu ambulance nya lama bukan Pusat Krisis dan Kegawatdaruratan Kesehatan Daerah, nama nya butuh ambulance buat laka lantas malah cepetan ambulance yayasan / personal",1,0,2026-01-22 12:23:59
ede4bfcc-9c7e-41f0-b97c-6ae492bfab09,Pengguna Google,aplikasi lemot,2,0,2026-01-19 21:49:27
fa5a73a1-922a-48bd-9fc4-f40ad6248ea0,Pengguna Google,terima kasih n kami coba bersurat kepada KaSuDin Perhubungan juga berharap jadi perhatian bersama,5,1,2026-01-19 11:24:47
55493444-62ba-4915-8595-755551f74846,Pengguna Google,"aplikasi gak jelas verifikasi gagal terus gimana bisa mau nge check bansos nya, klo udah bener ratingnya bakal gw ubah, sekarang cukup 1 sangat mengecewakan",1,1,2026-01-16 17:26:17
bf0adee7-d23d-4b7c-ab9c-89832a0a1c37,Pengguna Google,Baru mulai pakai.,5,1,2026-01-16 10:08:46
52c518b3-c039-44c5-933c-f8eb34ff30c2,Pengguna Google,Status Kartu Lansia: MENUNGGU,1,1,2026-01-14 18:26:57
ae2e6abc-84c4-457b-bbd5-52690a36eb31,Pengguna Google,"aplikasi telek, cuman tampilan saja, nyari isinya ga ada beritanya sama sekali, nyari info banjir lemotnya minta ampun.",1,0,2026-01-13 10:12:48
e55bcd46-4fdb-4827-81bd-c75f845a7dec,Pengguna Google,jaki g bisa di pake kak,1,0,2026-01-12 17:02:30
67088f40-2ef9-41a7-b6e9-2c52fee22fb4,Pengguna Google,kok sekarang TL nya lama sekali ya? ayolah maksimalin lagi,4,0,2026-01-10 20:45:43
17501ee0-130c-4442-bd03-375b543a1d54,Pengguna Google,"aplikasi kelink yang ada di aplikasi ini tidak berjalan baik (bugging, tidak terkoneksi dan sebagainya)",1,0,2026-01-10 12:23:15
9d839a19-b97f-411e-b00b-fd459d5cd088,Pengguna Google,"laporan saya lama di proses dari tgl 15 Desember 2025 hingga sekarang tgl 7 Januari 2026 belum di tindak lanjutin, sekarang sudah mengeluarkan biaya IPL apartemen grand emerald sini, gimana proses masa harus berbulan-bulan sampai 20 februari 2026, proses lama banget tidak membantu warga jakarta apanya pelaporan cepat tanggap, kalau cepat harus nya tidak makan waktu sampai berbulan-bulan, kalau proses sudah selesai di tindak lanjutin biaya IPL tidak naik baru dikasih bintang 5",1,1,2026-01-07 23:02:25
62b22667-248f-4e22-a265-064f42e1aba2,Pengguna Google,"niat mau bayar pajak motor, eh layanannya cuma bisa ngecek pajaknya saja.. ga canggih seperti aplikasi sapawarga punya jabar",2,1,2026-01-07 11:33:26
14c7b551-5776-41fb-b112-c6bac920f5e2,Pengguna Google,aplikasi ngelag,1,0,2026-01-07 09:08:03
c1a0798d-741e-49c1-a96b-751e4158e66d,Pengguna Google,"Terima kasih keluhan saya untuk kepentingan pengguna jalan di tangani dengan cepat,,aplikasi yang sangat berguna,,bravooo👏👏👏",5,3,2026-01-06 19:21:37
7645efc9-0e2b-49d3-8de5-908ea58c7f24,Pengguna Google,susah masuknya ga bisa buka,1,0,2026-01-02 14:00:15
1a31f27f-cd53-4fce-8637-d6550ddab670,Pengguna Google,oke,5,0,2025-12-30 21:26:58
4a990b51-fcc1-4654-ae39-2bc81dc31119,Pengguna Google,gokilll.. lemodd parahh!! knp sih dibuat Lemot begini??! knp ga sekalian apus aja aplikasi JAKI nya klo keberatan masyarakat Banyak Laporan2. kan emg Laporan Penting semuaa bukan main2. lagian kalian kan Digaji dari Uang Rakyat jd ya harus Melayani Keluhan2 Masyarakat dong!,1,0,2025-12-28 22:50:09
47b82315-55a3-4122-a142-0ed0ad318632,Pengguna Google,Aplikasinya bagus dan lengkap tapi lemot nya minta ampun mau buka pajak saja ga bisa2.,1,1,2025-12-25 10:31:27
5f48ffcf-9513-47ec-859a-87908d31a148,Pengguna Google,"Saya Lansia..Termasuk Keluarga Lemah Ekonomi nya.,Boleh di Cek..👍",5,1,2025-12-23 06:03:58
00e2b7e5-e3e1-4421-8aa2-1a7223631c58,Pengguna Google,"Barusan download mau buat laporan, ampun lemot banget. Udah ngetik dan isi foto buat laporan, eh ga bisa diupload, aplikasinya error parah nih.. kayanya emang mempersulit warga bikin laporan, biar ga banyak kerjaan ya??",1,22,2025-12-22 08:13:50
9e0b0a30-c399-43ee-ad1d-6c5b871ce8e9,Pengguna Google,"payah, buat kasih laporan harus lewat video yg langsung dr kamera apk, bukan dr kamera bawaan hp, ribet ah, bilang aja kalo pd MALES KERJA !!!",1,1,2025-12-21 08:22:15
eae76aa6-1789-4d35-a004-54e98fce1bf3,Pengguna Google,"update malah banyak bug nya, sekelas aplikasi pemerintahan kalah dengan aplikasi swasta",1,0,2025-12-19 09:27:14
b7d999c0-771b-43d3-bc3c-df2e19b347ee,Pengguna Google,"aplikasi busuk, bikin laporan lama loading terus padahal signal bagus bangettttt...!!! tolong IT nya kerja yang bener itu",2,5,2025-12-17 18:52:35
7656fe21-ec72-4d7c-950f-031151e9fea3,Pengguna Google,kenpa saat butuh malah down servernya,3,0,2025-12-14 17:13:11
4b96bca3-2e74-4eff-b3f0-86205dc875d3,Pengguna Google,"aplikasi bagus ada internet gratis. tapi di daerah Saya blom ada internet jakwifi. tolong di pasang jakwifi di daerah belakang kantor walikota jln bakti 1 dan jalan Damai, jalan A dan stasiun Cakung dan sekitarnya",5,5,2025-12-11 17:49:06
21b613f5-3cd3-42b8-9693-3e05109bd30e,Pengguna Google,berat aplikasi nya mau buka aplikasi nya aja lama banget,3,0,2025-12-11 11:43:04
506d0151-17e0-47da-b84f-829961bbecf1,Pengguna Google,"aplikasinya cocok banget merepresentasikan pemerintahan kita yaitu, dipersulit, sulit untuk buat laporan, hrs pake ini itu.. kalau ada yg sulit, kenapa harus mudah? wkwkwk . mantap, kembangkan!",1,0,2025-12-09 11:52:35
6ff7e364-436b-4ea6-a6b7-ac6c077d332d,Pengguna Google,aplikasi apa ini sinyal bagus tapi masih loading,1,0,2025-12-08 11:52:48
28ba8509-90e7-44c8-87c0-587d5a7d46a4,Pengguna Google,"disuruh isi kode akses saat mengisi survey , sedangkan saya tidak tau. minta solusi nya",5,0,2025-12-07 17:24:21
0b78be98-15c3-4d6f-a9b9-82228a3b684c,Pengguna Google,gak becus nih aplikasi khusus nya bagian kelurahan rawa buaya Cengkareng Jakarta Barat dinsos dan dinas pendidikan. gak perduli warga nya butuh bantuan cuma di puter2 doang. semoga pak Purbaya baca ini.,1,0,2025-12-06 22:00:13
f73147b3-1f3a-434e-b53f-3db1a69e44ee,Pengguna Google,"mantab ,,",5,1,2025-12-04 08:23:14
9cfbbdf1-6ae8-4ccc-8a4a-0068d31bbfd3,Pengguna Google,haduh. ulasan jelek.. pas dowload mau laporan. ga jadi.. ga ada respon. hnya bbrpa sja mgkn skdr formalitas. knp si,1,0,2025-12-03 14:38:45
537c01d5-cdf1-4b5e-a5c6-e79602bdbf23,Pengguna Google,no ok,1,0,2025-11-25 16:45:22
c5ea440d-40c9-416d-96c7-1a6935076e86,Pengguna Google,ok,5,1,2025-11-24 12:26:21
0ace5d63-4a81-4dde-aeb6-0ff85da14991,Pengguna Google,"buat login susah, mw ngadu jdi terhambat",4,0,2025-11-23 09:42:13
0bebe621-f6bc-4dc4-98c6-8b69bf86dd0d,Pengguna Google,tidak membantu,1,0,2025-11-21 20:58:32
ea27a50f-71da-4d5b-a7bb-0357a728e5d9,Pengguna Google,Good app,5,1,2025-11-21 14:50:02
accf35df-3854-4cd0-88c5-fc09fd14306a,Pengguna Google,ok,5,1,2025-11-20 07:13:06
d8e8bd72-e4b7-42c1-9327-9bbeb3c860f1,Pengguna Google,mantap,5,1,2025-11-18 16:46:22
ffbf5cb0-0d07-489b-bd54-bab2bd571839,Pengguna Google,"setiap kali mau di gunakan, pasti tulisannya tidak bisa mendapatkan koneksi internet, sudah jelas² saya habis buka² sosmed lancar tanpa kendala. tolong dong, kalo bikin aplikasi tuh yang bisa digunakan lancar. kalau bukan disini, buat laporan lewat mana lagi untuk pemerintah wilayah setempat. haddeeehh",1,25,2025-11-18 06:10:11
6f59cd80-1dff-414a-83c9-721cca57eac0,Pengguna Google,tolong di fast respon dan di tanggapi saya lihat di laporan aplikasi jaki banyak yang menunggu dan koordinasi tidak berubah laporanya.,3,4,2025-11-16 22:09:53
e1e6e01d-0b25-4841-9875-46f5a3fccf9f,Pengguna Google,"sangat sulit untuk melaporkan padahal sudah sesuai prosedur foto dan keterangan sudah di isi sesuai dengan yg ingin di laporkan ketika ingin di kirim selalu buffering tidak bisa di kirim kuota aman, jaringan aman, bahkan sudah pakai Wi-Fi tapi tetap tidak bisa kirim laporan tolong di perbaiki Agar kami warga DKI dapat melaporkan atau menyampaikan suara kami terutama pada fitur kamera hanya bisa foto tidak fitur video",1,1,2025-11-16 10:18:21
5e4b1df7-0845-4ad2-ae09-b7108e2a7f42,Pengguna Google,"TIDAK BISA POSTING ALASANNYA KONEKSI, YAKALI WIFI RUMAH NAN KENCANG MASALAH KONEKSI",1,1,2025-11-13 08:51:38
6c9c555a-10fc-4b8c-a563-18a40a4f154c,Pengguna Google,jelek sering banget ke log out sendiri tolong di perbaiki,1,1,2025-11-12 22:05:13
00b700e1-549f-444e-9b7f-084c8cae53c0,Pengguna Google,penanganan cepat akurat,5,1,2025-11-12 15:08:18
7fa760cd-9f1e-4e28-a96e-a946230af9b3,Pengguna Google,"buruk, apk dan tanggapan dinas terkait teramat sangat lambat. dan banyak laporan sering terjadi pungli kalau laporan ingin selesai. bener2 turun drastis pelayanan, bukan salah apknya, tapi salah semua jajaran yg bertanggung jawab atas tugas mereka. entah berapa busuknya sistem ini, beda jauh dari jaman Ahok. kritik mulai datang secara banyak harusnya langsung instropeksi, bukan malah jawab dengan silahkan kirim aduan kesini, kesitu, kesono. buruk benar benar buruk.",1,3,2025-11-10 14:43:16
6cf61cac-8f2d-41d6-bf33-3918258dc74f,Pengguna Google,aplikasi lemot,1,0,2025-11-10 14:19:35
e6bb264b-2f16-4c51-a2e7-908a7f0dfd07,Pengguna Google,Aplikasi yang sangat membantu masyarakat untuk berkomunikasi dengan Pemda DKI.,5,1,2025-11-08 21:42:22
8cfeb629-40e9-4e80-bd54-7bdfedb1abb3,Pengguna Google,Sangat bagus dan membantu bagi warga jakarta. sukses terus jaki👍,5,1,2025-11-07 19:37:08
f7f72858-f0ff-4db7-8292-fbdaae9cbec4,Pengguna Google,Apl cacad down terus,1,0,2025-11-07 06:12:14
bff08386-e51d-4df8-b532-e232e73b06bd,Pengguna Google,"Aplikasinya bagus, tolong itu kenapa harus ada Amplop juga?. Evaluasi kembali supaya dari pihak Dinas terkait langsung terjun ke lapangan tanpa harus menunggu lama, dan untuk Update perkembangan Banjir di Wilayah Jabodetabek sebaiknya sediakan CCTV pihak terkait di aplikasi JAKI. Jadi, tanpa harus membuka aplikasi yang berbeda untuk mengecek Banjir maupun Lalu lintas di sekitaran Jabodetabek",1,12,2025-11-07 05:35:12
b4dc39f5-bd19-4cef-925c-2efa11fb3bed,Pengguna Google,update selalu,5,1,2025-11-05 21:07:22
b2c55b72-e60e-4882-82ca-90ca2ab2accc,Pengguna Google,"mau laporan susah,,sering server sibuk..!!",1,0,2025-11-05 14:35:23
f1734d89-efdb-45be-87b3-8f38a5a7ecef,Pengguna Google,adakah cara perbaiki email yang salah?karena aplikasinya terus menerus validasi ke email yg salah waktu daftar.dengan nomer tlp yang sebenarnya telah digunakan,3,2,2025-11-05 10:18:51
73034a70-b87f-404d-9784-9d5dd5637ef5,Pengguna Google,"keren sih ini, cepat di tindak lanjuti laporan saya langsung dikerjakan",5,1,2025-11-03 06:07:17
0b05f139-2045-4a44-b3ec-31e9eafe15ca,Pengguna Google,cukup memuaskan,4,0,2025-10-29 20:36:25
e3558761-003c-497d-8bcc-6a71240b1662,Pengguna Google,sekarang sangat parah banget semua nya yah saya bikin laporan pada pea ya allah terlalu gak ada otak nya dan hati nurani nya,1,0,2025-10-25 21:18:15
0265b69d-f892-475b-9f2e-8c1b7431d91f,Pengguna Google,masukan ajah tolong masukin pengaduan tentang PLN di aplikasi jaki,1,0,2025-10-24 16:03:12
59122ec4-0a70-4b72-b106-6e83001c93ed,Pengguna Google,"tolong diperbaiki lagi aplikasinya,team IT masih magang kah?. Mending lapor di lapor.go.id",2,0,2025-10-23 23:28:15
3399ca48-7590-491c-b092-39e5d6a25fa1,Pengguna Google,aplikasi sampah bikin aplikasi gak niat buat pengaduan aja susah banget katanya lancar berak sekebon pegawai pemprov nya kebanyakan di kantor daripada di lapangan,1,0,2025-10-22 18:50:28
6010f17f-f312-4c2b-9e99-a456344af8af,Pengguna Google,aplikasi kok server sibuk mulu mau update nik gagal mulu....ngaco,1,0,2025-10-22 11:02:29
05d8d3e4-126b-4777-aac4-6ce8c4b002d2,Pengguna Google,"untuk pelaporan keluhan warga slow respon, aplikasi lemot parah..beda ma qlue.",1,2,2025-10-14 14:43:57
63422399-6e85-44b8-915a-0ad3797b6fa3,Pengguna Google,"buruk apk ini, sengaja di buat lola karna takut semua ke busukan instansi dan asn terkait yg akan di laporkan terpublikasi ke publik.. mngkin bnyk uang 86 yg di trima apk ini..sdh bnyk laporan yg di lapor kan tanpa ada tindakan tegas dr pemprov DKI..",1,0,2025-10-13 19:38:51
7c996f83-1beb-489b-9829-5a074cb9be22,Pengguna Google,saya selaku ketua RT 003/04 sangat terbantu saya tau segal informasi di wilayah dki,5,1,2025-10-12 17:27:15
f117fe91-19dc-4810-a528-2e4f70047a9c,Pengguna Google,GG (G Guna),1,0,2025-10-11 11:48:21
c12b0efe-3ce8-4c13-905d-9b7436538576,Pengguna Google,"Terima kasih udha suport saya atasin laporan, tapi maaf bintang 1 soalnya laporan cuma tegur doank tidak ada ketegasan secara memaksa kepada tetangga yang susah di atur,tolong lah derek mobil pake jasa dishub biar efek jera",1,0,2025-10-07 20:41:51
2019d90d-9e33-4356-a92e-600fdfa759f7,Pengguna Google,sangat membantu terutama untuk masyarakat/warga negara indonesia,4,0,2025-10-06 07:45:01
2ce7e2a9-4f1e-4ed9-a980-2222ebff0023,Pengguna Google,"tambahin vitur cctv area jakarta , seperti aplikasi jogja",3,0,2025-10-05 10:31:43
bc506c5e-0ee5-4824-aa43-155d05556a88,Pengguna Google,butut ga bisa masuk. 2 tahun lalu padahal bagus,1,0,2025-10-02 17:18:55
2a6794b7-763d-40d6-a697-43cd3dc1c5ce,Pengguna Google,"serves aplikasinya down terus, mau login aja ga bisa2. udh login beberapa hari kemudian logout sendiri. memang kelihatan banget ya apk pemerintah sendiri kualitasnya begini, blm memadai",1,5,2025-09-30 16:04:12
10932790-6069-49f5-8e1d-09f92a6f8334,Pengguna Google,Good job,5,1,2025-09-30 15:20:30
2dd71393-5249-4595-af85-71d76e91a129,Pengguna Google,bagus...,5,1,2025-09-30 08:51:19
6116188c-fda3-4013-b043-d18d123fb426,Pengguna Google,"ini aplikasi bnyk laporan hoax,orang asal lapor aja tapi di ACC sm pusat. Dan ini kadang kasusnya suka gak ditindaklanjuti,cuma buat formalitas aja",1,0,2025-09-29 23:16:59
ad71b5df-f3d6-496b-9638-8db13c88a528,Pengguna Google,"bintang 4 dlu,karna baru mau daftar...",4,0,2025-09-26 23:34:18
6db56c0d-26f3-467b-b5b0-b494b119e3b1,Pengguna Google,"masa iya laporan terus, emang gk keliatan jelas apa tuh? contohnya warung pecel lele yang buka di trotoar, seperti di sebrang PGC, atau bangunan permanen di trotoar dekat basura, padahal itu dekat kelurahan. capek deh, aparat pada ngapain sih kerjanya? masyarakat laporan dulu baru ditindak🤣",5,1,2025-09-26 07:54:27
0aa5f7fc-8517-4704-9a3e-36ee0c1cd453,Pengguna Google,pengerjaan nya tidak maksimal,2,0,2025-09-25 09:04:38
0d3c2f54-cbeb-496b-9017-c2e5eb984707,Pengguna Google,Sangat membantu info yg dibutuhkan cukup baik,5,1,2025-09-24 15:42:53
b3109b29-eaa0-4aa3-b4fa-d5c77109a8ff,Pengguna Google,ribet sekali pakenya. melebihi mau lapor k polisi.,1,1,2025-09-21 23:33:58
ad236d19-b755-4295-b384-1546f5d728ac,Pengguna Google,Aplikasi SAMPAH. Mau buat laporan ga bisa mulu masalahnya eror terus. Tolong perbaiki. Saya tahu banyak laporan ke pemerintah karena banyak busuknya. Tapi kalian harus BEBENAH.,1,5,2025-09-20 14:11:53
0377e5ec-47c0-4638-a845-2119c83c1df9,Pengguna Google,aplikasi buruk pelayanan buruk,1,0,2025-09-20 09:06:28
f41f27cf-4817-4266-bcd7-c15013f389be,Pengguna Google,"log in doang susah banget,ga malu pemerintah bikin aplikasi gini",1,1,2025-09-18 09:34:39
bc1775e2-82c9-41a6-8432-ca28e77926ca,Pengguna Google,kenapa tidak ada JAKPENDA nya.. gimana caranya bayar nya,5,0,2025-09-17 21:20:01
1c92e861-01c9-4390-8f3a-1a7e12049737,Pengguna Google,"penanganan sih bagus, cepat, responsif dalam masalahnya, tp knp data diri sih pelapor harus dibuka oleh pihak kelurahan dan sipelapor lsg di intervensi oleh pihak yang dilaporkan, tolong lebih dijaga privasi pelapor untuk kedepannya agar lebih bijak lg dalan penanganan masalah ditempat kejadian. jangan warga jd takut untuk perbaikan wilayahnya kedepan, klo sdh lebih baik akan diberi bintang 5",1,17,2025-09-17 08:52:25
b1f7532a-062a-4df1-b4f3-660d47ed8664,Pengguna Google,"aplikasi lemot dan sering eror di tambah bermasalah dengan tindak lanjut di lapangan,laporan berulang_ulang kali hasilnya tidak efektif,terkait pkl liar maupun parkir liar,petugas di lapangan bahkan ada yang foto_foto saja kerjanya habis itu pergi,ada juga petugas melindungi pelaku parkir liar maupun pkl liar,dengan mengkoridinasikan pkl liar maupun parkir liar agar tidak beraktivitas dulu,karena akan ada tindak lanjut,bahkan ada yang menerima sedekah dari pelaku pelanggar ketertiban.",2,0,2025-09-14 23:25:43
6f6483f2-e489-42b2-9e9d-3a787dbe4d35,Pengguna Google,aplikasi trouble Mulu tolong dong di perbaiki performa nya,1,1,2025-09-14 17:55:46
3915f8ff-5716-480d-aeec-387da2b5875f,Pengguna Google,"Pengalaman yang Mengecewakan. Saya sangat berharap aplikasi Jaki bisa menjadi solusi praktis untuk pelaporan pengaduan, tapi sayangnya pengalaman saya justru sebaliknya. Aplikasinya lambat, sering ngelag, dan kerap kali error bahkan saat jaringan saya stabil. Fitur utama seperti memposting laporan pengaduan tidak berfungsi dengan baik—laporan gagal terkirim tanpa penjelasan yang jelas. Selain itu, aksesnya sangat terbatas. Saya tidak bisa mengunggah foto dari galeri, padahal dokumentasi visual",1,0,2025-09-14 15:03:09
1259efa6-e925-4e70-9223-442c0865c1a0,Pengguna Google,aplikasinya udah nge leg dan jelem,1,0,2025-09-14 07:19:53
08c7656d-e165-4810-934e-74e6f2b376a7,Pengguna Google,"Tetap rindu dengan aplikasi QLUE jaman gubernur Ahok. Tindaklanjutnya nyata, tidak Gimmick dan tidak sekedar formalitas. Status ""selesai"" di aplikasi ini, belum tentu masalah warga selesai.",1,0,2025-09-13 10:40:10
be79df1b-e2ef-4d01-8576-00540ef44a17,Pengguna Google,sangat membantu,5,1,2025-09-12 15:17:55
14ca7678-33f5-4803-b827-f4e62ae62a6c,Pengguna Google,pertama kali bikin laporan ke jaki prihal parkir liar prosesnya lama berhari hari keterangan di lempar lempar dari kelurahan terus kesudir perhubungan sampai seminggu lebih terus di keterangan di selesaikan tapi tetap masih ada tuh parkir liar.parah dah jakarta darurat parkir liar dari petugas tedak peduli.kerja cuma foto2 trus di tinggal pergi dan tuh tukang parkir masih ada,1,0,2025-09-11 15:34:06
74a09b6d-192d-48d8-89cb-3cfbdfc6a105,Pengguna Google,kenapa kalau sudah logout susah login,4,0,2025-09-11 09:53:22
538f66a7-c5d1-446b-b19e-b74fe6e44c80,Pengguna Google,"info dong untuk aturan pangan murah saat antri penggesekan struk pangan murah, karena ibu ibu dan bapak bapak itu sangat menormalisasikan untuk menyerobot antrian, saya tidak suka ketika saya sudah mengikuti aturan untuk antrian ini lalu di serobot dengan embel embel kenal dengan orang yg sudah antri di depan, sudah berkali kali protes tapi hasilnya selalu sama,",5,0,2025-09-11 07:00:58
059c7d9d-dd63-4bbd-a5c3-8988e0fdf4d7,Pengguna Google,apk taii daftar aja susah gimana mau buat laporanbbrengsek,1,1,2025-09-10 16:24:36
0dcf1773-fbb5-422f-a069-6d0a7ea41e5d,Pengguna Google,"Gimana mau makai aplikasi ini log out sendiri mau log in gak bisa"" delete lah",1,1,2025-09-10 04:05:22
99938d47-1aa0-48b4-9cf0-b44bad4e7dbd,Pengguna Google,"aplikasi bisa dibuka tapi mau buat laporan selalu gagal, udh seminggu begini terus. tolong dong perbaikannya. padahal notifikasi masuk terus, tapi giliran mau buat laporan selalu gagal",3,1,2025-09-09 15:38:03
a80a28b6-7785-49f7-b1a7-743f4cfe4d87,Pengguna Google,"kecewa banget. log-in ga bisa bisa, tapi akun udah terdaftar. tulisannya server sibuk mulu padahal udah berhari-hari nyoba",1,0,2025-09-08 10:51:53
b762da9a-63e2-4458-ae88-4f8d0c236223,Pengguna Google,Sangat bermanfaat menggunakan zaki,5,1,2025-09-08 10:01:06
87eed1b0-2005-47ab-a0e4-68ce4d9ee0de,Pengguna Google,"aplikasi lemot, login jje sudah",1,0,2025-09-07 18:45:08
faf26469-6e5e-40e0-b2b1-42bb33b123c2,Pengguna Google,"mau login aja susah bgt,, loading nya lama bgt, menyusahkan",1,1,2025-09-07 07:31:35
7055980f-608d-46e8-a5bb-3aa812ba12af,Pengguna Google,"Login selalu tidak bisa , keterangannya Server sibuk coba berapa saat lagi kocakk kocak",1,6,2025-09-06 09:59:05
96b08670-44af-4fdd-8aaf-195c021fa8de,Pengguna Google,Aplikasi nya lemot sekali gak bisa login pakai google muter² terus dan malah gagal terus kalah sama aplikasi buatan swasta,1,11,2025-09-06 08:31:17
493b3049-b98f-4fe0-9f6d-cbfcbdacb32f,Pengguna Google,Lemot banget.. mau ngisi survey aja login akses nya lemot banget,1,0,2025-09-05 11:28:25
11ac0d30-20fe-4ca2-a966-44ae080ee5b3,Pengguna Google,tidak bisa login eror,2,0,2025-09-03 17:48:04
decf66d7-a25c-439f-ba31-6fa4ede998d0,Pengguna Google,eror mulu,1,0,2025-09-03 16:42:20
db1e0c3c-f365-4bb6-a548-b969b3eac985,Pengguna Google,mau login aja susah ..... dibenahi lagi min aplikasinya.,1,0,2025-09-02 08:47:09
edb3ab22-4d0a-4ce0-9df3-63d3f91b2dde,Pengguna Google,kok jaksurvei gabisa di akses... kadaluarsa.... tolong dong update... makasih,5,0,2025-09-02 07:55:51
062394e8-0285-483d-ae97-9e96a79f0368,Pengguna Google,nih aplikasi gk guna .. cek STTS dkts malah log out sendiri aplikasi ny,1,1,2025-08-31 22:23:33
158cdc19-3005-4214-8d8b-6d384b029720,Pengguna Google,"login lewat google bacaannya harap tunggu Mulu,GK login login",1,0,2025-08-29 18:30:28
fd2f1072-a5f9-473d-af5e-829f1caa1161,Pengguna Google,"Ini daftar masuk buat akun gak ada verifikasi masuk sama sekali ke email, terus disarankan daftar lagi dari awal malah gak bisa pake data yg sebelumnya katanya udh terdaftar. Coba masuk pake akun yg katanya udh terdaftar, malah gak bisa masuk!! Laaah ini jadi gimana yg bner???? Hadeeeh sumpah ya, buruuuk banget apk nya.. 🙄🙄",1,3,2025-08-27 07:06:59
f02c17c2-6ffd-40ac-a971-7e00b1d39b98,Pengguna Google,aplikasi nya buruk banget. masa mau lihat cek bantuan DTKS tiba-tiba akun keluar sendiri. udah beberapa kali kaya gitu terus.,1,0,2025-08-26 07:09:44
9b27502e-7af3-4895-8f12-9245a4231c57,Pengguna Google,aplikasi yang bagus,5,0,2025-08-25 14:20:55
1f6dd1ca-006d-4026-8c79-dfee91e893fd,Pengguna Google,"makin kesini kualitas JAKI semakin buruk, server kurang memadai sehingga warga tidak bisa melaporkan pelanggaran-pelanggaran 👎",2,0,2025-08-24 09:30:36
14366294-ceb6-4a59-826e-0514fad8348e,Pengguna Google,"daftar gak bisa bisa, trus memulihkan akun lama pun gak bisa hadehhh",2,0,2025-08-24 04:25:47
c50751bc-50d3-4960-a797-7f78103602dd,Pengguna Google,"bagus untuk pelayanan dalam perbaikan sarana dan prasarana, tapi tidak untuk pelayanan yang melibatkan pelanggaran seperti parkir liar, pedagang kaki lima yang berjualan di trotoar ataupun pelanggaran yang berhubungan dengan masyarakat, tidak ada tindak lanjut atau evaluasi dari hasil laporan yang dinilai dengan bintang 1",1,1,2025-08-21 19:46:59
a983f9e8-2d25-4edb-ab6c-b47630a81bb9,Pengguna Google,terbantu dengan adanya aplikasi jaki...,5,0,2025-08-16 05:27:39
1f12e52c-c553-44a3-9103-d361ad078a86,Pengguna Google,mau login aja lemot nya minta ampun.padahal kuota masih banyak dan kenceng..hadehhh,1,0,2025-08-15 02:31:44
540c8306-0d0d-4e39-b19c-3e8362c29cf5,Pengguna Google,belum tersambung dg jangkauan,1,1,2025-08-14 19:26:36
e60dba32-7c53-454b-8cd5-aaa9a21134f6,Pengguna Google,Susah masuknya,1,0,2025-08-13 10:30:10
03b3a0ab-ee97-4c85-acd9-078ff622f7f3,Pengguna Google,"penanganannya cepat, namun masih ada saja uang terimakasihnya, seperti rokok dll. mohon dibuat jakarta sigap tanpa pungli dan birokrasi panjang. thanks.",5,57,2025-08-12 14:48:08
faf2cdc3-332a-4a4c-981d-8d3c0c2ea432,Pengguna Google,"survei internal bermasalah, saya tidak bisa membuat akun. tolong segera diperbaiki",3,3,2025-08-11 12:47:36
3ceea0e9-17de-4690-9083-778208c8fd26,Pengguna Google,"aplikasi buang buang anggaran, tiap melapor selalu error seperti tidak mau menerima laporan warga wkwkkw",1,0,2025-08-11 10:11:35
4a744da2-104e-4b0a-9843-66141c20c404,Pengguna Google,bermasalah apk nya,1,0,2025-08-10 19:11:21
30248475-837d-40fa-b974-e90d4977a1f3,Pengguna Google,"baik, coba dong dibuatin ojek Jak Linko.",5,0,2025-08-06 08:44:09
40f8433b-6052-4d2f-9502-a3de399ec3c5,Pengguna Google,"server bermasalah Mulu, aplikasi lambat lemot gajelas!!! padahal sinyal 4G & pakai wifi juga!!!!",1,13,2025-08-05 16:14:45
8c6af8b9-37ab-478c-8f97-7a13419070eb,Pengguna Google,keren banget si aplikasi nya...makasih ya jaki udh mempercepat laporan dan sigap dalam melayani masyarakat,5,0,2025-08-04 20:04:09
f5bc395e-9122-4d3e-948f-8ee31c0a5aed,Pengguna Google,top,5,0,2025-08-02 05:13:07
108f7946-8142-42fd-88fa-acce9a2e39ad,Pengguna Google,"loading nya lama padahal 5G dan memori aman, tiba tiba ke log out sendiri dan mana sering lagi",1,9,2025-07-30 17:56:48
fb330fc4-8492-4595-acf7-4b25ba7e6eb2,Pengguna Google,mantap lanjutkan sebarkan,5,0,2025-07-30 14:03:57
9f3f0aca-450f-4bf0-8a3d-61f24bb257c3,Pengguna Google,percuma lapor ke jaki kalau hanya buat pajangan pemprov DKI saya sudah beberapa kali laporan mengenai keadaan apartemen menara samawa tau taunya laporan sudah selesai tidak ada tindak lanjut dan yang bikin nyesek jawabannya hanya pakai foto palsu atau foto pengerjaan lama jadi maklumlah plat merah ga dprkp ataupun bumd apalagi sarana jaya seperti mau lepas tangan,1,1,2025-07-26 12:36:50
612f7723-1133-4cb9-bc78-f289cba4c7cf,Pengguna Google,"mau laporan aja susah, server sibuk terus, perbaikilah, sekelas aplikasi pemda kaya ecek-ecek,",1,3,2025-07-25 08:56:03
9389869a-205f-42e0-91a0-fe2c8b1ad2ac,Pengguna Google,tolong perbaiki server nya..setiap lihat laporan warga loading lama dan kadang harus di refresh lagi dan eror harus sambungkan email/Gmail terkait,2,7,2025-07-25 03:59:10
89a7944e-31b7-4bc7-80f2-0edafe15c5b6,Pengguna Google,"Apakah aplikasi JAKI ini bisa melaporkan, Penjual Obat obatan terlarang, seperti kosmetik Yang menjual Obat obatan yang terdaftar G tanpa resep dokter? Saya download ingin Melaporkan Peredaran Obat-obatan terlarang, yang di salah gunakan tanpa resep dokter di perjualkan bebasss di jakarta dan Tangerang kenapa saya bikin laporan di kota Tangerang tidak bisa?",5,8,2025-07-24 23:01:36
9c4142ee-58d9-4f50-890c-32bdb41d2224,Pengguna Google,ok,4,0,2025-07-23 15:40:15
a4dbc3fc-2409-423f-afe3-ef3009ee49a5,Pengguna Google,semua jadi lebih mudah..,5,0,2025-07-23 04:46:02
e56c3202-fdfa-4e53-b28d-051ae43479c7,Pengguna Google,"mau login aja susah setengah mati,muter2 terus ampe bego ga kebuka2.",1,3,2025-07-22 18:14:00
af7ad41a-e7ec-40f7-bad7-355093c7767e,Pengguna Google,app lemot,1,0,2025-07-14 10:40:59
7c8ace77-b302-4392-8e2c-ff76edd4e4d0,Pengguna Google,"ini aplikasi rusak atau gimana ya, mau ngambil PBB ga bisa bisa",1,0,2025-07-14 09:27:55
01a857b7-9f77-4f30-a752-b830ea47d70e,Pengguna Google,kenapa suka eror skrg msih td bisa di buka,1,0,2025-07-09 13:52:30
16c5620f-72de-45c6-b4af-a0f3f79cc19c,Pengguna Google,"JAKI sangat bermanfaat untuk warga Jakarta, terutama pengurus RT/RW",5,0,2025-07-09 10:50:43
83f4485d-2928-413d-97d1-82db78fa45b1,Pengguna Google,sangat membantuu,5,0,2025-07-08 20:47:30
5bb3ba58-fe9d-4452-b377-5e7265c5e095,Pengguna Google,"Kenapa mulai tgl2july 2025 aplokasi jaki dihp sy tdk bs di update lg,mohon bantuannya biar bs aktif lg",1,0,2025-07-08 19:41:18
cb42bbe4-1c01-4b98-ad16-1e3d09c4e8f4,Pengguna Google,selamat sore bapak atau ibu yg terhormat saya mohon minta bantuan got jalanan air yg depan rumah saya mohon di rapihkan agar supaya ditutup karna anak saya sering kecebur karna got saluran air yg depan rumah saya terlalu deras apalagi kalau hujan seperti ini air pada masuk kedalam rumah saya saya mohon dengan hormat kepada bapak got saluran air yg depan rumah saya ingin ditutup biar aman sebelum dan sesudahnya saya ucapkan terimakasih saya warga RT 04/07 Kebagusan Besar,5,0,2025-07-06 17:33:55
c2d55952-b49c-4cd5-9fce-9eb1899e1e2f,Pengguna Google,kendala nya suka lama .. pdahal pakai koneksi wifi dn data lancar jaya,2,6,2025-07-04 15:35:47
fdbd9f82-0bbe-4ab8-a996-bc165b950159,Pengguna Google,"Saya melapor kendala jakwifi lewat nomer telpon kontak yang tersedia tapi diarahkan harus lewat aplikasi dengan tahap yang ribet dan bertele-tele. sekarang rata-rata kecepatan koneksi jakwifi cuma 30/kbps, biasa apa wifi kecepatan segitu? dan ternyata klo mau cepet bayar jakinet. Mengenaskan jadi rakyat indonesia, bahkan wifi gratis dari negara untuk rakyat saja dipermainkan.",1,2,2025-07-04 11:02:47
530e1011-7f0d-40bc-9e2b-babb913df50d,Pengguna Google,Apk lemot parah,1,0,2025-07-03 16:28:24
2f9dfdea-dcd6-426d-964d-bccf3e720091,Pengguna Google,"HP saya DIRETAS Tetangga di Cipete Utara JakSel ( Ridwan Endang Farhan, Suminah Awang, Iwan Mulyani Aurel Rizky, Ari Ira Iyus, Wiyono Cynthia, Ais Tato, Siti Ita Edi, Yadi dll ). Sekeluarga belum pernah registrasi JAKI, IKD, Sentuh Tanahku, Alpukat Betawi. Setelah dicek muncul 250 Pengaduan PALSU, lalu secara sistem berubah menjadi O. Mereka meretas banyak pihak termasuk kepolisian, lalu ubah data kredit/pinjaman online/pembelian mereka ke berbagai perangkat.Sudah lapor ke Dukcapil & Kelurahan.",5,14,2025-07-02 06:15:11
a1b456a5-1e01-451a-91ef-29cd3bd8bf71,Pengguna Google,alhamdulillah terima kasih JAKI,5,0,2025-07-01 13:35:55
0e8ae4d7-3821-4d5a-af3e-57f6ab881e58,Pengguna Google,banyak Belajar dari impomasi jaki,5,0,2025-07-01 09:13:29
e45ab566-7749-46a3-8795-fadc968d9125,Pengguna Google,Bagus pelayanan publik,5,0,2025-06-28 18:44:00
7a0120be-a09f-4e33-a8d3-b699b29c8e37,Pengguna Google,semoga lebih baik lagi dan akurat cepat tanggap.,5,0,2025-06-28 17:07:57
ffd087fc-21e9-4873-8db1-81c1bc0c2560,Pengguna Google,pormalitas doang gak bisa di pakai ini cuma buat alasan jika suatu saat terjadi penindakan fakta nya gak bisa d pakai,1,0,2025-06-27 15:47:50
3bbb9990-9c45-4a32-a20d-999b687bf2c3,Pengguna Google,"sebagai warga jakarta saya sangat puas dengan adanya aplikasi jaki ini sangat mempermudah dalam membuat laporan atau memanggil layanan darurat,untuk kedepannya tolong lebih ditingkatkan lagi aplikasinya terimakasih🙏",5,30,2025-06-27 14:15:23
5e28a9d1-8ff4-4ba2-b2bc-cf08e370466a,Pengguna Google,Oke,5,0,2025-06-27 11:25:21
f4c29db8-eb7b-47b4-aad5-f1f53f58d82d,Pengguna Google,dah banyak perbaikan...lancar jaya untk pemprop DKI,5,0,2025-06-25 19:12:34
ae7bafb4-9912-4660-a240-2f3007d5d639,Pengguna Google,Setiap mau laporan abis foto terus diklik oke balik lagi ke foto begitu terus... aneh ini aplikasi...,3,2,2025-06-25 14:23:00
a6ebf478-a03a-44d1-a773-b3353ef4158f,Pengguna Google,baik,4,0,2025-06-23 14:40:47
b5fcb09a-a040-4ee2-bbb0-68611375cf27,Pengguna Google,"Servernya sering down, tolong pakai servernya yang premium",2,1,2025-06-22 17:16:16
a2de4fba-a8dc-444e-8c4e-6a20840833e3,Pengguna Google,👍,5,0,2025-06-21 19:18:28
69f94d74-fe7b-4ec8-bac3-3a5d76808617,Pengguna Google,server erorr mulu.. gk guna.. duit buat bangun server tuh dikemanakan sampai² server kepemerintahan kalah lawan server B0kef?,1,0,2025-06-21 13:53:03
74c72e87-33d7-41d1-bfb5-89d23b7da9a2,Pengguna Google,"untuk respon aduan apl jaki emang jago, cuma aplikasi nya kaya gk sempurna, masuk k apl jaki gk bisa lebh dr 5 mnt langsung nge lek gk jelas lg",4,5,2025-06-20 23:24:08
10ee21cb-6f2b-4763-aa38-48b6807e3b45,Pengguna Google,"berikan kesempatan validasi ke pelapor. kasih waktu beberapa hari jika melewati batas maka laporan dianggap selesai. hal ini menurut saya perlu, seringkali validasi selesai namun pas sy cek ke lokasi, masalah belum terselesaikan. bukti foto seringkali menipu yang dilakukan kebiasaan licik petugas yg bekerja setengah hati.",1,38,2025-06-20 20:57:58
56a2393d-66ec-46ce-b289-c700114c9244,Pengguna Google,kenapa sekarang tidak bisa cek DTKS dan bansos di aplikasi jaki??,1,0,2025-06-20 16:22:09
5c90621b-4582-44ed-86bf-2960bd5bf23f,Pengguna Google,aplikasi gak guna gak ada tindakan nya,1,0,2025-06-18 00:16:04
88dfa38f-16c3-4e8a-8457-828e0e9a4821,Pengguna Google,tingkatkan yg sudah baik menjadi LBH baik,5,0,2025-06-12 20:05:56
fdd8ab24-6c7b-48e7-832a-47751251cf9d,Pengguna Google,Respon semakin cepat di tangani.terimakasih,5,0,2025-06-11 20:41:31
3a9053d5-49a1-43ef-9628-88367bebcfb1,Pengguna Google,bagus ya jadi apa yg di harapkan warga tersampaikan ke pusat,5,0,2025-06-11 15:24:21
1ed97b7d-2574-43ed-adef-4ab5fe0233a7,Pengguna Google,mempermudah pelayanan kependudukan,5,0,2025-06-11 13:58:59
1aef0267-1acd-4075-b157-898661ae879e,Pengguna Google,bagus baik,5,0,2025-06-11 08:45:19
ba03a1aa-740e-4c1e-8a9a-c1b5b3278258,Pengguna Google,Mau byr PBB link nya g bisa kebuka,1,0,2025-06-08 21:46:01
970d8306-998b-4a47-a206-bcbdeffb3dbe,Pengguna Google,semoga jakarta tambah lebih disiplin warga nya terutama buat pendatang,3,0,2025-06-07 08:17:11
32530d57-3ccd-40b8-b5a7-b9a3199348f8,Pengguna Google,parah gk bs buka padahal jaringan full,1,0,2025-06-05 23:24:38
3921657c-9a96-4247-bcbc-9d2022989442,Pengguna Google,membantu,5,0,2025-06-04 14:21:42
0a5a1f02-3151-48c3-9424-c1d7baa3e589,Pengguna Google,"ada orang yg menjadi kan JAKI sebagai wadah untuk balas dendam antar tetangga, permasalahan sepele di laporkan. yg di sesalkan pengambilan keputusan yg di tindak lanjuti oleh petugas lebih mementingkan pihak pelapor, tidak mengutamakan rasa kemanusiaan, hanya terfokus rating cepat respon. Kecewa banget tindakan yg di ambil oleh petugas yg bertugas.",1,1,2025-06-04 10:38:34
857de7e4-b6bc-4770-92b3-690b1b236b63,Pengguna Google,"lemot banget, mau daftar ke puskesmas online aja sampai 2 hari ga bisa",1,1,2025-06-03 09:19:35
84995dba-ac8f-4867-bd1f-16a8f384f4e4,Pengguna Google,JAKI sangat berguna untuk melaporkan segala mslh,5,0,2025-06-02 17:01:01
fefd93f1-af6a-47d9-93c9-51d060d36b10,Pengguna Google,ga bisa di akses,1,0,2025-06-02 13:49:26
ef7a794c-597a-4e94-96f8-b8ac8a4515a5,Pengguna Google,"apl apa sih.. jaringan 4G+ ditambah Wifi masih lama kebuka, kadang muncul tulisan kesalahan server. Terus orang mau verifikasi NIK gagal mulu kocak banget dah. Gimna mau cepat tanggap, server aja ngdown terus",1,24,2025-06-02 11:53:14
ec91b1f8-ec20-4868-aeee-fc1a1bbed8ac,Pengguna Google,sangat membantu,5,0,2025-05-31 18:55:25
48e42e8f-ebee-4eca-9236-ac9bf68568ca,Pengguna Google,apaan sih aplikasi pemerintah minta di Update terus.,2,0,2025-05-31 16:41:33
2b6c6df1-e496-470d-ad5e-658def56bf40,Pengguna Google,ok,5,0,2025-05-30 08:11:07
33da7731-d2c4-4ff6-b5e5-d560c23414eb,Pengguna Google,sesuai harapan,5,0,2025-05-29 09:10:38
78e6b909-e8ba-4d9b-8b00-379730ca78bb,Pengguna Google,Sekarang ga bisa cek pajak kendaraan lagi,4,0,2025-05-28 08:51:26
090cdb0e-2c7a-4c5b-87a9-41c684802ffc,Pengguna Google,Keren aplikasi jaki suka karna cuacanya akurat dikasih tahu pemberitahuan kalau misalkan mau turun hujan☺️,5,4,2025-05-25 18:06:31
c50da99d-1d2c-433e-861a-4727a0c38e98,Pengguna Google,"Aplikasi ini semenjak pergantian Pejabat Gubernur baru ditahun 2024 lalu.sangat2 kurang diperhatikan dan direspon mslh laporan2 warga melalui Aplikasi ini,beda dngn responnya dngn apa yg dilakukan Pejabat2 sblmnya..",2,0,2025-05-25 05:02:13
a3a237be-7a36-45c8-ad14-c140256cf087,Pengguna Google,nikin laporan responnya akhir2 ini lamaaaaaaaaaaaaaaa sangaaaaaaaattttttttt.,1,0,2025-05-24 21:57:15
362c7165-2c70-4ad1-ae2d-1eaf2d4aa3f5,Pengguna Google,cepat langsung sat set,5,0,2025-05-24 12:35:39
77149d78-f953-40af-81c0-3be181b5e4ea,Pengguna Google,oke,3,0,2025-05-24 10:34:16
20b33e81-6b80-40c6-8736-83de2bbd4d00,Pengguna Google,parah aplikasi ga bisa laporan padahal ada premanisme,1,0,2025-05-24 08:35:43
24056fde-b0fb-4659-be4c-2eccb1ae3bd4,Pengguna Google,"BAGAIMANA SUPAYA BISA MELIHAT SEMUA LAPORAN WARGA SEJAKARTA ❓ KENAPA YANG BISA DILIHAT HANYA LAPORAN WARGA DI SEKITAR ‼️ LEBIH SUKA BISA MEMBACA SEMUA LAPORAN WARGA SE JAKARTA, AGAR KITA BISA MENGETAHUI KELUHAN WARGA² BUKAN HANYA DARI BERITA TELEVISI TETAPI REAL DI "" JAKI "" TERIMA KASIH SALAM WARGA JAKI",3,0,2025-05-23 19:05:02
9511a9dd-5f4f-47a4-abba-822606a6ff03,Pengguna Google,good aplikasi,5,0,2025-05-22 22:33:10
395bcdf7-e49b-4440-9360-6264b6b3f56b,Pengguna Google,lancar,5,0,2025-05-22 20:36:18
5e61543d-f96b-4500-b14e-21e779fc139f,Pengguna Google,lama update,1,0,2025-05-22 19:53:34
5ae81a86-d1e9-415d-80f0-efc55cd99942,Pengguna Google,cek pajak lebih mudah,5,0,2025-05-22 18:30:57
e6b7fd4c-67e0-4091-a462-f14225d87d8a,Pengguna Google,"aplikasi ini tujuan nya bagus, tapi tidak didukung performa yang baik dlm bekerja.. lemot banget.. dan dalam penyelesaian nya hanya formalitas saja.. kurang maksimal dlm penyelesaian masalah yg di laporkan terutama masalah publik seperti bangunan liar dan jalan yang rusak serta pedagang kaki lima yang berjualan di pinggir jalan",1,10,2025-05-22 17:42:33
a48914ca-edc5-4fb5-9346-8af6ed3bfabf,Pengguna Google,terimakasih sangat membantu,5,0,2025-05-22 13:14:13
35bc519f-1205-4092-bb49-fae72d5a412d,Pengguna Google,Bagus,5,0,2025-05-21 19:52:03
a2267aae-c77b-42d5-bd5b-07b09947356b,Pengguna Google,aneh masa laporan jaki di pulau seribu tidak bisa tulisan nya di luar DKI jkrta emng pulau seribu BKN DKI jkrta??,1,0,2025-05-20 20:25:54
79ad9eb7-f42b-4abf-935a-8d40a7967656,Pengguna Google,"payah,mau bikin laporan tapi gak bisa log in",1,0,2025-05-19 15:56:40
782118bd-19e9-408e-bd7f-3468762b4f96,Pengguna Google,"Saya sudah mencoba log in berkali-kali bahkan 2 kali mengganti password, namun masih belum bisa log in. Mohon perbaikannya.",1,4,2025-05-17 15:49:53
34536644-11b7-4d4b-a4c1-d98af75a04eb,Pengguna Google,mantap cok jaki nya lansung menyalurkan ke kantor nanti nya,1,0,2025-05-16 20:44:29
22eb32b7-48d3-4dfd-872b-a67ce769fdca,Pengguna Google,ok,5,0,2025-05-15 20:08:04
2312c033-6575-46ed-82c6-91afb711e836,Pengguna Google,mantaf,5,0,2025-05-15 17:28:29
f0a2658d-e760-44cf-a55a-de5f577f1424,Pengguna Google,mantap,5,0,2025-05-14 21:49:49
2db30e00-a9c3-4cb0-be5a-145da8bda965,Pengguna Google,"aplikasi kok di buka kayak kemedi puter teterusan muter pas selesai mah minta maaf GK bisa masuk karena koneksi,padahal pakai wifi.. tolong di perbaiki kalau mau buat aplikasi,apalagi ini aplikasi mengatasi warga khusus jakarta",2,0,2025-05-14 18:42:47
67198216-42fb-4e0b-b36d-6c0e53b85908,Pengguna Google,"Aplikasi JAKI Makin kesini makin Aneh , Beberapa Laporan Bisa Hilang dari Aplikasi saat proses ke dinas terkait 😁 yang lebih Konyol ada juga Laporan yg Fotonya bisa di edit oleh dinas, Up Dinas SatpolPp Jakarta Barat , Tambora semoga menjadi perhatian serius. Bahkan ada Laporan yang dari 6-12 bulan terakhir Prosesnya tidak diselesaikan tindakan dilapangan, Jadi Laporan di gembok/Tidak selesai 😁😅",2,15,2025-05-14 07:42:35
5101a638-4b9c-4831-b939-fa2b10ce6c76,Pengguna Google,"mungkin bisa memperbaiki kualitas suara ya, soalnya tadi saat konsultasi masalah kesehatan suara nya aga patah patah dan ga jelas.",5,21,2025-05-14 05:40:36
5dcefa83-193a-4780-b4c4-7a17aa1e70a8,Pengguna Google,"ga guna lu,laporan juga percuma",1,0,2025-05-13 12:13:41
7eea65dc-b430-4aab-ab89-56dd057793a1,Pengguna Google,"Alhamdulillah trmksh laporan langsung direspon cepat,semoga warga sekitar menjaga kebersihan lingkungan,TDK membuang sampah sembarangan..good job..sekali LG trmksh",5,5,2025-05-12 22:19:26
a1fbae53-adf3-4a53-a775-f7f5f6615a72,Pengguna Google,kenapa nggak bisa seluruh Indonesia?,5,0,2025-05-09 16:48:46
61ebe166-287c-447e-9d34-88b648fa3c8e,Pengguna Google,okk,5,0,2025-05-09 04:05:07
59f0bfbe-0fc2-46a8-ba8e-433365f92bd9,Pengguna Google,ini saya mau nyari kerja buat daftar akunnya ga bisa kenapa yaa? pemakaian pake hp kalo ada solusinya saya tambahin bintangnya,1,0,2025-05-08 13:50:45
7c53b6bb-25a2-47bb-81bb-24a023f99a98,Pengguna Google,Terima kasih banyak,5,0,2025-05-08 04:22:53
bb88a4c7-aab8-4c58-993b-fdde2ab8dd2e,Pengguna Google,seneng banget dengan adanya aplikasi JAKI ini memudahkan warga untuk melaporkan apapun yang sedang terjadi dan langsung di tindak lanjut saran saya bagian form ambil untuk bisa di perbanyak maksimal 3 lah dan saran saya dihimbau kepada petugas yang meninjau TKP agar melihat dari kedua belah pihak yang sedang terjadi konflik,5,0,2025-05-06 13:31:04
1949f4f0-a4c6-4723-9a29-837ab979b7e6,Pengguna Google,bikin akun alpukat gagal terus,1,0,2025-05-06 11:53:45
ad285452-8724-4d73-a6c6-4aa122612a40,Pengguna Google,Kenapa cek kendaraan tdk terperinci lagi ?????,1,1,2025-05-03 18:29:58
d66ac63c-9626-4479-b36b-ead82a844272,Pengguna Google,respon cepat,5,0,2025-05-03 15:08:31
e3fd3ba9-7d58-43a9-9ad4-efe021f40910,Pengguna Google,aman gak si kalo buat laporan,1,0,2025-05-03 00:14:36
71b4185e-21cb-434b-bb04-4ebdf06f6c6a,Pengguna Google,jaki sekarng ga bisa buat cek tolong di betulkan,1,0,2025-05-01 11:27:28
925ce737-1697-4752-b293-88438eb035e1,Pengguna Google,semoga kedepannya aplikasi ini selalu bisa membantu khususnya warga Jakarta untuk melaporkan fasilitas yang harus diperbaiki.terima kasih JAKI,5,0,2025-04-30 14:04:19
0b17870a-c9fe-435d-8882-6adc07349f38,Pengguna Google,"abis instal aplikasi ini , trus buka wifi gratis . tiba2 hotspot dan wifi hp saya tidak berfungsi",2,2,2025-04-29 19:58:56
c425d440-a9b2-4af8-8ddf-28b75fb167cd,Pengguna Google,"3 thun pke aplikasi ini.sngat mmbantu.smpai brubah logo jadi j..smkin ksini bukan smkun bauk malah tambah bobrok,aplikasi sm skali gk berguna",1,0,2025-04-28 20:53:25
28a4d8fe-9420-4d1e-970c-28930fd2c38a,Pengguna Google,disuruh daftar caten online lewat jaki giliran uda uda daftar malah g bisa umum g bisa bpjs g bisa najis dah,1,0,2025-04-27 17:22:30
000a2e41-bddc-45cd-9edf-7b2c4b78d6e8,Pengguna Google,ok bgt,5,0,2025-04-25 07:44:03
8cf8d416-b01d-4e2a-b641-869b80973318,Pengguna Google,lokasi wifi,5,0,2025-04-23 10:43:34
482ff079-47d2-41b5-acaa-e872bcb28a83,Pengguna Google,nggak ada follow upnya....,1,0,2025-04-21 12:21:29
16b9883b-8050-4248-bbb4-eb5348cea287,Pengguna Google,Bermanfaat bgt,5,0,2025-04-19 18:32:42
59828fdd-446a-498a-9d60-55ab2d0e609d,Pengguna Google,"aplikasi super dan sangat mrmbantu, sayang bngt ama jaki",5,8,2025-04-19 01:13:21
c7c1a659-88db-4e25-becf-448ede10dc2e,Pengguna Google,mantap sekarang aku tidak bengong di layar HP di youtube sekarang aku bisa make wifi mantap walaupun aga bingung,5,0,2025-04-17 08:09:20
1c7decdb-cc78-4b51-897e-5356f7b1721e,Pengguna Google,Memakai aplikasi ini karena sengaja ingin melaporkan pemotor yang masuk ke trotoar jalan karena sudah meresahkan,5,0,2025-04-16 17:30:23
924cc685-741e-4b65-a4e3-cfe19ec87255,Pengguna Google,mau buat laporan udah photo & kasih alamat malah balik ke awal terus,1,0,2025-04-15 16:35:11
7642ed52-c926-4c52-b205-3baca807584a,Pengguna Google,"pelayanan publik blu baik jaklinko, transjakart, kebersihan area umum sangat baik 👍👍👍🇲🇨",4,0,2025-04-15 11:32:30
ca4ff843-8cd1-4887-a0a0-16d2f1d5bc25,Pengguna Google,Sangat Bermanfaat dan Responsif membantu sekali dalam Penindakan dan Penyelesaian aduan Masyarakat,5,0,2025-04-14 13:38:24
aba6a7e7-54ee-4f62-a9f8-8bf8d59d25e4,Pengguna Google,baru pertama kali menggunakan jaki.semoga aplikasi ini membantu,5,0,2025-04-13 17:27:32
25eb351b-1078-40fc-bd5d-0192386dd23d,Pengguna Google,Knp tdk bisa kebuka ya utk e-sppt pbb 2025,5,0,2025-04-11 12:58:46
5cd316ec-6010-4b68-8fc2-0e3ef7df1e69,Pengguna Google,Alhamdulillah lebih dipermudah dengan adanya aplikasi jaki,5,0,2025-04-11 11:25:26
857fcba2-5c49-4f18-9e6f-215e9a220c5c,Pengguna Google,"Kacau nih aplikasi.. Kalau ngirim notifikasi lancar banget, giliran mau di pakai buat kerja jadi lemot dan bulak balik info kehabisan waktu. perbaiki lah",1,0,2025-04-10 16:19:31
1a117493-2b96-4e14-905e-3e6a3b970eae,Pengguna Google,ok,5,0,2025-04-10 11:42:58
2becc018-3888-424a-8b60-a96d38b683f9,Pengguna Google,bagaimana cara bayar pajak kendaraan diaplikasi jaki ?,3,0,2025-04-09 20:40:03
2e388ec5-e7cc-4d9c-9fac-86e7d72a0091,Pengguna Google,Bagus jg buat cari kerja,4,0,2025-04-09 10:34:53
0d890576-1fda-4c12-adda-2717adeb2518,Pengguna Google,ok.pelayanannya cepat.terpercaya,5,0,2025-04-08 15:59:03
57a7f91d-cc96-440f-beb0-8df991ff9a99,Pengguna Google,sangat membantu,5,0,2025-04-07 22:16:01
87e52e5f-9619-4d31-881d-24befe507225,Pengguna Google,Cepat tanggap,5,0,2025-04-07 14:01:53
ebc24a2c-06e7-4031-9192-c681c4d233a0,Pengguna Google,keren,5,0,2025-04-07 10:59:45
77d58c13-14fc-45e7-954c-196010cae2ed,Pengguna Google,Ok,5,0,2025-04-07 10:36:21
79bdd437-7c65-4c82-b7c6-867150a8c2a0,Pengguna Google,"aplikasi apaan error mulu kek aplikasi murahan, gagal koneksi ke server teruss -_- pake starlink padahal heran dahh korup mulu si",1,6,2025-04-06 14:43:04
a463066a-86bb-4072-af44-eac9dd3e3887,Pengguna Google,info nya memberikan pengalaman dan pengetahuan,5,0,2025-04-03 21:20:08
586997b4-0ee3-4740-865f-4783d032f03a,Pengguna Google,aplikasi lemot,1,0,2025-04-03 17:12:32
2a7f28ad-52f7-456d-9a17-228e36032309,Pengguna Google,teeima kasih jadi mudah lihat pajak,5,0,2025-04-02 13:22:42
227cced3-0cc1-4fba-8619-38f030e02271,Pengguna Google,"aplikasi cacat, gk siap bikin aplikasi jgn di paksain",1,0,2025-03-28 21:24:24
07f22ba5-3a4c-4f76-8d18-d642d94f0ee7,Pengguna Google,"Aplikasi tidak berguna untuk android lama, aplikasi untuk pelayanan masyarakat tidak bisa di gunakan dalam android lama.Aplikasi ini tak pantas dipakai,sok elit gaya kampungan di pakai orang kaya.Ini aplikasi untuk masyarakat, artinya bisa di gunakan untuk semua kalangan di negara ini. Hei.... Developer tak berguna,tak usah bergaya elit.Gaya kampungan di bawa ke sini,ini aplikasinya untuk masyarakat semua kalangan.Bukan,khusus untuk kalangan tertentu.Aplikasi tidak berguna untuk masyarakat bawah",1,0,2025-03-27 05:24:26
22425249-6b69-4555-badf-ae10ddb53304,Pengguna Google,gk bisa di update.bagai mana ini,1,0,2025-03-26 11:58:12
3f2fb375-7539-49a0-a7d9-a59c2410732d,Pengguna Google,jujur ini ngebantu banget sih program pemerintah yang sangat sangat mantaaappp,5,0,2025-03-14 14:15:22
fa9bb0dc-9b26-43cc-82d9-077eaa27c96a,Pengguna Google,"Mau ganti password karena lupa sandi, oke ikutin lupa password tuh ya. Dapat email untuk mengubah pasword, pas sudah dibuat password eh ga bisa. Tau"" nongol tulisan ""Kesalahan aplikasi: pengecualian sisi klien telah terjadi (lihat konsol browser untuk informasi lebih lanjut)""",1,50,2025-03-12 11:28:01
817d5312-05e2-4c97-abd3-da6952c6362d,Pengguna Google,Berguna,5,0,2025-03-12 06:43:27
a7366fe6-ec31-4897-8ad3-8a34ef0c803d,Pengguna Google,"Ini aplikasi apa kabarnya si? Saya telah blokir kendaraan, tapi di aplikasi ini total kepemilikan kendaraan masih 2. Jadikan di lembar STNK masih tetap tertera 002 (kak bengkak kak bengkak dingsss) duh aduh duh aduh",1,3,2025-03-11 12:26:23
2f0bcb09-d10a-414e-b66f-ef28694bee2c,Pengguna Google,Leleeeeeet,1,0,2025-03-11 09:04:06
a3e0e515-b942-4b8c-b173-97595e050105,Pengguna Google,"loading terus aplikasinya, tolong diperbaiki lagi",3,4,2025-03-11 00:25:37
d2c0036f-5c3b-4957-b000-fde8c4a8fcfe,Pengguna Google,Mantabs,5,0,2025-03-10 13:29:53
8af0dabb-460c-413c-9600-989234a82afd,Pengguna Google,"Mau log in selalu gagal,",1,0,2025-03-10 08:35:54
dfc19b79-4ce0-41cf-804f-71670ebc4740,Pengguna Google,"Akhir akhir ini saya mengajukan laporan tentang Trantibmas selalu tidak bisa,dan memphoto laporan selalu mengulang2 dan akhir tidak saya laporkan",2,0,2025-03-09 13:41:34
5fbefc2d-dfa9-4c18-b524-e6d1f9166814,Pengguna Google,Yg dilaporkan apa yg dikerjain apa... aplikasi cuma pencitraan saja..ga ada yg becus ...,1,0,2025-03-08 08:34:10
faee5ca6-05f4-44c0-8255-e86945110558,Pengguna Google,Ok good,5,0,2025-03-07 10:31:04
4b861ae9-f70d-44e1-babb-c3dbd6cf1f81,Pengguna Google,"Alhamdulillah semoga program jaki yang di adakan oleh Pemprov DKI tetap berjalan karna sangat membantu warga, walaupun terkadang tindak lanjut di lapangan agak lambat tapi kami sebagai warga memaklumi karna yang terpenting ada tindak lanjut dari laporan warga Mantap recommend apps untuk warga DKI",5,0,2025-03-05 01:15:24
32140e0c-67c4-49b5-ba79-3cdd275e5275,Pengguna Google,"Maaf min,saya mau buat jak survei ketua RT kok tidak bisa ya min,tolong di bantu min.terimakasih",4,0,2025-03-04 13:46:39
b98228b1-1790-4c8c-8466-ce078f325b07,Pengguna Google,"Udah gak kaya dulu, sekarang penanganan lama bangettttt",1,0,2025-03-04 03:59:00
924f5d62-989b-4ab6-9a4e-5cde79ead3e0,Pengguna Google,"Halo tim terkait JAKI. sy ingin menginfokan bahwa sy tidak dapat menggunakan aplikasi ini dikarenakan update an terbaru ini aplikasinya tidak kompatibel dgn gadget sy. Tlg bs diturunkan utk versinya, krn yang gak smua org bs pumya gadget utk generasi terbaru. Terima kasih",3,0,2025-03-03 09:29:43
e3d39271-81e7-4431-a569-2bbdab39d0eb,Pengguna Google,Sat set penanganannya 👍,5,0,2025-03-03 07:45:01
7abcdbb7-9d28-4104-9510-6f3f99199ac1,Pengguna Google,Ok bagus,5,0,2025-03-02 01:44:25
8eafd367-c090-4c9d-becb-1071da5b6cd9,Pengguna Google,sangat membantu,5,0,2025-03-01 14:17:59
23b91bc6-c4ab-41a0-8705-7d1d58791a4a,Pengguna Google,Aplikasi yang sangat bagus dan membantu...,5,0,2025-03-01 12:10:41
cdd8ee31-62ab-4c18-8a15-eaec4bb78bb5,Pengguna Google,"Izin , knp di hp ada pemberitahuan perangkat tidak kompatible u kirim laporan perangkat jaki?",5,0,2025-03-01 10:00:38
37047d8c-f24d-4633-8e9f-e363daf8a588,Pengguna Google,Baik berstruktur...,4,0,2025-03-01 06:48:35
f6fed27e-40e9-458c-9b77-d3606b847b0a,Pengguna Google,Kenapa akun jak tidak bisa dininstal di hp samsung galaxy not5 saya,1,0,2025-02-28 19:10:49
26a9f26c-430a-46b1-a292-e2d1ea7abeb7,Pengguna Google,bagus,5,0,2025-02-28 13:49:20
1aa06d70-56b2-4a5e-9d08-58c88f0d221a,Pengguna Google,ga bisa ke buka aplikasi ya,2,0,2025-02-28 11:29:47
7d3d5da3-99d8-454d-a682-e7d3f93adec7,Pengguna Google,Kenapa jaki tidak bisa berfungsi,3,0,2025-02-28 00:49:58
fe47c6ee-8fba-4416-90e8-8c42314b7158,Pengguna Google,"Tidak berfungsi di Oppo A37fw saya. Dan pilihan menunya hanya update dan keluar, sehingga saya tidak bisa menggunakan jaki.",1,0,2025-02-27 12:14:03
1948a83b-1399-4f4e-9da0-f593605f1976,Pengguna Google,"Kenapa di hp saya gk bisa dibuka,, karna saya sebagai pengurus lingkungan sangat penting dengan aplikasi jaki ini",5,0,2025-02-27 10:57:44
c386eb6e-1a24-4488-8a7a-1ce99cfcf12c,Pengguna Google,Kenapa ya ko aplikasinya kompatible begini,5,0,2025-02-26 22:06:54
f680f9db-0d0b-404e-a045-ececc1e2ef04,Pengguna Google,Ok,5,0,2025-02-24 13:02:56
34bba467-887a-4867-835b-e05230eb80f3,Pengguna Google,"3 kali bikin laporan, semuanya ditindak lanjut dengan baik dan cepet. Terima kasih",5,26,2025-02-24 10:14:03
5dfd09b3-a2eb-411d-a9fc-5ad63e7c1c3e,Pengguna Google,"Lapor lampu jalan mati,respon cepat dan mantap...",5,1,2025-02-22 00:15:16
0baa2e2f-ac41-4cdc-a425-b48f1ed20e3d,Pengguna Google,Kurang bagus ada laporan tindak lanjuti lama bengit... Perbaikilah supaya jakarta tertib GK ada parkir liar.,4,0,2025-02-21 20:56:38
2d0f819c-c864-4bfc-b711-91c8b20cba5e,Pengguna Google,Good,5,0,2025-02-19 23:36:38
235814e8-c1cb-44c0-a066-50380c783f60,Pengguna Google,Akun yang belum terverifikasi jangan diberi akses untuk fitur laporan warga karena khawatir ada penyalahgunaan laporan palsu dengan identitas palsu,4,1,2025-02-19 14:33:00
9d1407e1-b58f-4388-9257-e3248f08582e,Pengguna Google,oke,5,0,2025-02-18 18:20:58
3c1cbfb9-1b46-4f8c-a2ac-723e13538412,Pengguna Google,sangat membantu sekali,4,0,2025-02-18 17:15:02
edb3c486-a640-460e-8c41-a2950cf9cd0f,Pengguna Google,"Semenjak update versi terbaru, aplikasi selalu crash. Tidak bisa membuat laporan.",1,5,2025-02-18 08:20:33
12010927-ab60-44b7-96a2-ca245eefaed9,Pengguna Google,Kok GK bisa login,1,0,2025-02-17 18:54:40
fb363abb-c880-4a07-a2fc-32dfd6fc751f,Pengguna Google,Klo bisa jagan foto aj bisa di aplod fidio jga.,4,0,2025-02-17 14:26:09
63816ac8-73e2-41f5-854b-064b07fb968a,Pengguna Google,penunjang tugas buat masyarakat,5,0,2025-02-16 08:41:05
a4e5fecd-e4fa-41f0-828f-bfce52a65ab1,Pengguna Google,Mantap bangets,4,0,2025-02-14 14:09:23
0277b20d-27ab-45be-b326-30e1c2cfe0d4,Pengguna Google,bagus banget,5,0,2025-02-14 09:53:10
4c53ff73-30af-4277-8646-afc02065f3a0,Pengguna Google,Puas,5,0,2025-02-12 11:43:45
8f01c529-02fe-4460-ab35-1eb58cd1ce9d,Pengguna Google,Sangat membantu,5,0,2025-02-12 07:52:28
4a595abb-199a-43de-90d6-4e403d0c3e13,Pengguna Google,Mantap ada pembaharuan,5,0,2025-02-11 18:53:26
c1119300-0f66-4fc3-90be-d51b6b879d41,Pengguna Google,Harus cepat dan tanggal terhadap laporan masarakat,5,0,2025-02-11 07:47:43
2bc86083-edfa-4e8a-8a90-f35be67f8dcd,Pengguna Google,Selalu logout pas mau submit laporan. Memang antikritik,1,0,2025-02-10 18:41:34
a1267c39-dc2b-4378-9338-a6198a619f09,Pengguna Google,Sukses,5,0,2025-02-08 09:46:09
82bae0bd-e754-45e4-bce5-e2ca8cfc9912,Pengguna Google,Laporan PJU..Mati lama sekali sampai 3 hari,5,0,2025-02-07 20:17:25
1ccfafb0-f93f-4e09-9069-32b07376b253,Pengguna Google,Bagus,4,0,2025-02-07 13:17:41
6a8d9b03-57f5-4bbd-9484-d90f44c36abf,Pengguna Google,Sangat cocok untuk saya gunakan,5,0,2025-02-07 09:43:21
bdafc6ba-efe5-4f62-a34e-c5930f3e96be,Pengguna Google,GOODS ¥,5,0,2025-02-06 14:07:17
dcb56c87-a0f5-430d-a37e-a48187d20453,Pengguna Google,"DANANYA ADA TAPI APLIKASI SERING ERROR! IT NYA NGAPAIN AJA?? PADAHAL BANYAK SEKALI PERMASALAHAN DI JAKARTA INI YANG HARUS DITANGANI DENGAN SEGERA (JALAN RUSAK, LAMPU LALU LINTAS MATI, LAMPU JALAN MATI, DLL). TOLONG SEGERA DIPERBAIKI!!",1,0,2025-02-06 01:00:36
29ffab79-0372-47fa-b1d2-fefadac4052f,Pengguna Google,sangat ngebantu,5,0,2025-02-05 13:40:12
4b97a1dc-5852-465d-a751-4d10f6ec7bc8,Pengguna Google,Top,5,0,2025-02-05 13:03:25
4e55affe-5085-481b-9440-e9cad6b35e2d,Pengguna Google,Update malah ga bisa login.,1,1,2025-02-03 21:37:37
5d20b84c-0a5d-4075-9ab2-b1b3fbd09013,Pengguna Google,Ok.JAKI,5,0,2025-02-03 14:40:04
c7f9cfe0-6631-4078-a78b-73e9f10c9bf5,Pengguna Google,Hp ga suport,5,0,2025-02-03 01:08:11
2ad3cb79-5a07-42d8-9d47-d5fbfb999f9a,Pengguna Google,Mau lapor jalan rusak sja ribet.,1,0,2025-02-02 20:54:21
e35892ed-c8e9-4276-bb56-85760491f296,Pengguna Google,KK KLO BLH aplikasi jaki diintegrasikan dengan cctv atcs dishub DKI KK klo blh,5,0,2025-02-02 17:39:05
19325005-5136-4156-9ae8-7aa37968787a,Pengguna Google,Mudah dan akurat,5,0,2025-02-02 12:37:17
c0949db1-1a62-4327-966f-f5d5ef50283f,Pengguna Google,sangat bagus dan membantu dalam playanan pajak dll,2,0,2025-02-01 20:38:41
745f2dd3-fc2f-44b5-a332-45c5e2e3add3,Pengguna Google,Dengan perangkat jaki saya sangat terbantu.,4,1,2025-02-01 17:08:44
777fe775-b590-4c20-8d59-a9304eeffaaf,Pengguna Google,Jaki luar biasa ....pengaduan cepat di tangani ....mantab untuk jaki yes,5,0,2025-02-01 16:31:59
44435c2e-244e-40ab-b983-f495c9ea9605,Pengguna Google,Good,5,0,2025-02-01 14:14:48
69a4cb40-ad17-4e22-82df-ca5490bbcfcc,Pengguna Google,Ka tolong parkir liar di daerah tanah Abang di tertibkan karna sudah meresahkan pengguna jalan......cara minta parkir di paksa 10k klo nunggu orang malah di usir malah saya mau di ancam di gebukin di sana tolong di tertibkan 🙏 saya lapor di tanggal 1 Febuari 2025,5,0,2025-02-01 10:57:39
38f92b8e-2760-46b7-a537-b916f35076ff,Pengguna Google,Terima kasih JAKI.,5,0,2025-02-01 06:45:10
f1e1408b-508e-4039-9658-146289e2ae4a,Pengguna Google,Thanks jaki,5,0,2025-01-31 21:16:27
87ff5561-a2b6-4632-94df-c5e0b23d14e2,Pengguna Google,Baik dan bermanfaat,5,0,2025-01-31 17:16:34
b4b9396b-d630-42cc-81c3-78ac934cda37,Pengguna Google,Bagusss,5,0,2025-01-31 17:06:39
dabfc3d8-11f9-4975-96da-21bce196638e,Pengguna Google,"Saya login gagal trs, udh coba login lewat google tetep gabisa, bikin akun baru gabisa, ganti pasword gabisa, trs saya gunainnya gmna kalau login aja gabisa ^^ saya mau buat laporan soal banjir malah kehalang soal login ini, tadi saya udh kirim email belom di respon, tolong ya agar kedepan nya lebih baik lagi jaki",1,0,2025-01-31 16:35:41
265e11c5-7d00-4868-826e-e1cc58a1d52e,Pengguna Google,Apk mantap,5,0,2025-01-31 12:36:27
28dffbb5-73c5-4488-bea1-db21a7675c9a,Pengguna Google,Sulit untuk mengakses masuk,3,0,2025-01-31 12:22:11
d9f0da9a-b054-4b9f-8584-e111031b14cd,Pengguna Google,Maaf saya ksh bintang 1 dlu Karna akun tiba tiba log out sistem eror trus Abis buat laporan bsk nya akun tiba tiba log out sendri,1,0,2025-01-31 00:36:22
068e4fbb-ba6d-4f46-9113-105bcb0ba945,Pengguna Google,"Mau login kaga bisa bisa, jelek bener sistemnya",1,0,2025-01-30 22:04:08
d14291fe-573b-4268-acfe-eeb028f9c8f4,Pengguna Google,pak anis top,5,0,2025-01-28 18:29:01
516f90c6-45aa-4e90-9369-ce041688c1d1,Pengguna Google,"Sudah dua kali bikin laporan di jaki,di lapangan di bilangnya sudah selesai tapi kenyataannya belum selesai sama sekali,coba jaki pikin piturnya bila sudah selesai ada Poto dari petugas bahwa apa yg di laporkan warga memang benar2 sudah selesai,jangan belum di kerjain bilangnya sudah selesai",2,0,2025-01-27 07:10:46
828221af-d2cd-434c-8eed-3160af9e5274,Pengguna Google,SUKSES UNTUK JAKARTA 🔥🔥,5,0,2025-01-21 10:23:02
aff7fb3d-2131-4739-b8b8-989a38461013,Pengguna Google,Lama dalam penanganan terhadap suatu masalah,1,0,2025-01-20 17:49:34
6489ee28-64b6-4af1-bf4a-df8fd1d5ddcc,Pengguna Google,Irpan olimpiade trade genetik,5,0,2025-01-20 14:35:34
4feb0b5f-50ae-4b2f-a2a9-806fe973a572,Pengguna Google,"kode captcha mempersulit pelaporan , sebaiknya jaki dan Qlue hapus saja , serba salah , laporan masuk , yg di laporkan sudah koordinasi , jadi pelapornya yang di buang . Sudahlahhhh Sudahhhh Sudahhhh",1,0,2025-01-19 20:36:11
08dfc7de-7a6c-4619-8736-7a04c276f135,Pengguna Google,"Ada 2 laporan tidak di tanggulangi/tdk ada tindaklanjutnya, tanpa ada keterangan apapun, terkait penopingan pohon, laporan hanya sampai di kelurahan, tolong bantuan penyelesaiannya",2,26,2025-01-14 16:36:24
65d1c9fb-48c8-42d9-bfdf-c0fe5e3416d6,Pengguna Google,"Selalu tidak bisa meng submit, silahkan ulangi terus",1,0,2025-01-10 15:12:42
4f567871-63dd-4375-bcce-10387bc3ffe9,Pengguna Google,"daftar aja ribetnya minta ampun,",1,0,2025-01-09 14:54:05
2432c883-ac6c-4136-8570-d78b59033e51,Pengguna Google,Bagus sekali apps nya,5,0,2025-01-06 21:10:44
be832f1d-dfaa-466f-8125-f31a54026c6f,Pengguna Google,"Proses penanganan butuh waktu lama tidak langsung di tanganin harus nunggu 10 hari dulu baru di tangani,, ditingkatkan lagi hari itu ada laporan masuk seharusnya hari itu juga langsung di sidak",1,2,2025-01-05 22:05:49
a298975d-da3f-432d-968b-423eac2fef10,Pengguna Google,good,5,0,2025-01-05 05:11:04
126025fd-ae7c-4ab1-be8d-a15912aa3beb,Pengguna Google,Beberapa kali bikin laporan ga pnah ditanggapi mulai dari sampah diselokan & pohon yg sudah sangat lebat menggangu pengguna jalan.percuma ada aplikasi ini kalo petugas yg terkait ga mau kerja👎👎,1,0,2024-12-31 10:13:04
d6d3e9d9-c663-4dfa-ba32-1a5c1fa86a48,Pengguna Google,Trima kasih jaki bagus sangat membantu,5,0,2024-12-31 06:39:07
e7d0045b-c6fb-4758-be27-e54a22915ddd,Pengguna Google,"Sekarang aplikasi JAKI ribet harus pake tag lokasi segala, kebetulan kan saya lagi pergi jadi ribet",1,0,2024-12-29 09:06:34
a26c047f-ae8d-4385-a92e-3ed6c48b2713,Pengguna Google,"Kasih tahu kita, laporan yang tidak layak itu seperti apa ya? Bukannya langsung di bikin tidak layak terus menghilang...",1,0,2024-12-28 05:08:05
6a3e3bea-a2e8-4a64-a5f7-5b57a24d69a1,Pengguna Google,"Tolong yaa bapak gubernur dan jajarannya, aplikasi ini pada fungsi nyata menjadi wadah bagi para tetangga yang tidak bertetengga untuk ajang menyebaran hoax dan kebencian yang merugikan orang lain demi keuntungan pribadi. Tolong bisa di filter untuk pengaduan yang bersifat hubungan sosial antar warga",1,0,2024-12-26 01:28:20
7db73802-2e88-4e49-867d-a74173fc4bee,Pengguna Google,Tolong kalau warga laporan yang TL petugas yang berwenang Jangan PPSU,1,0,2024-12-23 17:28:42
7ee3b709-eff1-44b9-91a2-dc659c8c2c2b,Pengguna Google,Jak survei ngga ada di aplikasi baru ya,5,0,2024-12-22 09:46:19
c3bb0917-79cd-4e25-be00-3f35f5395d8c,Pengguna Google,Knp aplikasi jaki tdk bisa di download,5,0,2024-12-20 18:53:16
f59e949d-1964-45e5-aa51-5ac6c3475838,Pengguna Google,Ok,5,0,2024-12-20 14:34:55
e780ae03-25cf-441e-8080-4445e282e38d,Pengguna Google,APP SANGAT BERMANFAAT. WAJIB DOWNLOAD BAGI WARGA JAKARTA,5,0,2024-12-20 00:17:18
a1fd0e1c-2d94-4368-9649-89597f273db5,Pengguna Google,Aplikasi kurang bagus.jln depan Rumah sudah sering banjir. Sudah sering buat laporan lwt jaki. Tapi gak ada kelanjutannya. Fake,1,3,2024-12-17 20:24:43
6ca982a7-3449-4944-a34b-037b213634d7,Pengguna Google,Bagus,5,0,2024-12-17 15:33:22
064bac4b-8da6-421b-8185-68f1baa97ce5,Pengguna Google,Sangat bagus,5,0,2024-12-17 10:02:34
086d985c-cc9d-4554-920f-5b14c83c197d,Pengguna Google,Mantap sangat membantu 👍👍👍👍👍👍👍,5,0,2024-12-17 10:02:23
0d2013ba-2f60-45fe-a49b-0db9595d0a88,Pengguna Google,Sanga bagus keren jakarta forever,5,0,2024-12-17 10:02:15
788da4b8-7f9f-4168-bbd8-097a071a2af7,Pengguna Google,Aplikasi sangat membantu sekali,5,0,2024-12-16 00:21:05
0c318c04-53f2-472f-a0b2-342976d750a9,Pengguna Google,"Pd laporan Anonim tipe publik di kategori Unggas perda 4 malah ada 2-3 kasus pembocoran identitas. Kasubag KPKP Jakpus Vera kerekam bilang bukannya 2 x laporan sama ketahuan. Mau 1 s.d 10 x laporan sama dilarang bocor,tanya sj Satpol kecamatan. saat didatangi dg punya bukti video ada terlapor nya dukung plapor,dg sosialisasi PP 96/2012 bhw penyelenggara pemerintahan sperti RT,lurah bs kena pembebasan jabatan karna udah tandatangan Maklumat Pernyataan akhirnya Bu Vera paham",2,0,2024-12-14 08:02:30
93c18591-28c5-4937-a861-3a9fcc5f0fc4,Pengguna Google,Oke,5,0,2024-12-12 10:02:51
a3bbe5f5-46d0-4934-b0ba-61d39e763974,Pengguna Google,Ok,5,0,2024-12-11 18:13:56
ad75fa47-1429-4352-a82c-cbc10addb8f0,Pengguna Google,Aplikasi sangat bermanfaat,4,0,2024-12-10 23:42:10
a0fa4085-ceba-4a07-a7d8-c21c4feb4ba9,Pengguna Google,Semenjak ada kode captha menjadi lebih sulit dalam membuat laporan. Kode sudah benar tetapi selalu salah. Mohon untuk dikoreksi. Bila perlu dihapus kembali terhadap kode captha atau kode input. Terimakasih,2,6,2024-12-08 19:10:33
8019717f-5ce0-42b4-a289-e4a1c5a731b8,Pengguna Google,Ok,5,0,2024-12-07 18:36:12
01d7f134-d002-4a18-b2b1-bafe4c5170c1,Pengguna Google,Entah saya harus ngomong apa yang pastinya tidak puas karena laporan dan yg ngerjain laporan tidak sesuai sama apa yg di kerjakan seakan akan jadi main main,1,0,2024-12-05 14:34:06
e210788b-0f82-4e2b-b662-2b2f9b6ed4ed,Pengguna Google,Aplikasi yg sangat bermanfaat.sy menggunakan aplikasi ambulans..trimaksih kepada petugas medis ambulan.yg cepat tanggap.pelayanan super memuaskan.dihimbau untuk warga jakarta harus standby aplikasi jaki di handphone.trimakasih,5,26,2024-12-05 04:28:23
43412dec-3906-48fe-9b7c-9a12d8608276,Pengguna Google,Sangat membantu,5,0,2024-11-23 15:26:38
36f3569c-91dd-4cc7-aa2a-b263cb2be2c3,Pengguna Google,Mohon infonya min bagaimana caranya kita untuk mencabut laporan kita yang sudah kita laporkan apakah harus melalui email atau call center,5,0,2024-11-22 09:53:28
bba2bdcc-2a36-4a13-a595-9f3dcee4dc23,Pengguna Google,Baik ..,3,0,2024-11-21 01:46:29
18606856-af30-47cc-99e6-fdfd797cfd7f,Pengguna Google,Sangat nembantu untuk pembayra pajak,4,0,2024-11-20 18:06:38
298a9ecc-a022-44a1-8f1f-f97bd376fbd2,Pengguna Google,"Tolong ,sya sudah tidak d lokasi paling beberapa hari lagi sya ,surve lgi dan juga sudah saya laporkan ke wapres,,di pasar Pramuka,sampah masyarakat banyak itu preman preman,sya mau ribut Kmren dasar Pramuka,saya mau cari obat ,sampai d parkiran, sya d mintai duit,saya bilang ga ada, masih d ikutin sampai atas,hingga akhirnya cekcok mulut, akhirnya ga jadi jadi nyari obat,sya bwa anak istri,udah ktakutan,,sampah2 itu ada d pintu masuk sebelah kiri bnyak gerombolannya,polisi tindak tegas",5,0,2024-11-17 18:17:19
c5f6086d-62a0-479d-8814-65db901478dc,Pengguna Google,"Pake jaki, cepat di tanggapi",5,0,2024-11-17 17:49:16
b87678ce-f506-46b0-a748-3b4c9b0fa810,Pengguna Google,TERBAIKKKKKKKKKKK❤️,5,0,2024-11-13 16:36:31
75fbb8f6-07cf-4d35-95b6-16a17fe437ac,Pengguna Google,Gila buat laporan sudah 1bulan. Masih tetap tidak di kerjakan.,1,0,2024-11-13 16:07:10
f7deb878-348b-4097-9d77-eb77bb566e5d,Pengguna Google,"Min, web/aplikasi alpukat tidak berguna sama sekali pengurusan akta anak baru lahir pas dateng kekelurahan harus bawa semua yang asli dan FC... itu sama saja ngurus manual. Hapus saja min sistem digitalisasinya tidak berguna sama sekali.",1,5,2024-11-10 17:36:02
4cd53a61-e250-4063-b533-1ecfcc0ec26f,Pengguna Google,membantu,5,0,2024-11-03 02:00:42
af27cac1-e223-4b37-953e-16df61b68e13,Pengguna Google,"Aplikasi payah . Mau lapor foto ribet .harus foto baru,harus ada tag lokasi . Kalo gw lapor preman atau kekerasan atau hal yg mengganggu langsung di lokasi yg ada keburu ketauan sama orangnya . Iya kalo orangnya orang biasa . Kalo yg dilaporin penjahat yg ada udah keburu di matiin yg lapor",1,0,2024-11-02 23:52:39
2f828f25-559b-415a-85dd-9ee726733327,Pengguna Google,"Saya mau lapor, tapi takut data saya bocor.. Perihal KJP jadi beberapa warga disekitar rumah saya menurut saya banyak yang mampu tapi malah mengajukan diri ga mampu dan memakai data orang lain seperti rumah palsu agar saat di survei bisa di ACC KJP nya apakah aman min? Serius saya nanya.. Dan semoga di jawab..",5,0,2024-11-01 14:37:50
ba450304-77b8-49f0-bf90-28ed0b9fe3bf,Pengguna Google,"Izin , Aspirasi untuk smartcity atau Jaki . Terus kembangkan segala laporan agar warga yang tertindas dapat terbantu . Terutama masyarakat kurang mampu yang etik nya atau figur nya di omongin/di gosipkan oleh orang-orang yang tidak ada kerjaan . Maaf . Serta utamakan laporan fasilitas umum dan lebih validasi lagi untuk segala laporan yang masuk .",5,0,2024-10-31 21:41:55
340ccab4-6512-43a3-99ef-0138237b5992,Pengguna Google,Agar ASN PNS YG di gaji besar bekerja sesuai tanggung jawab dan tidak melanggar SOP (SYARAT OPERASIONAL PROSEDUR) digaji besar tidak untuk santai kopi dan merokok . Terimakasih...,5,0,2024-10-29 09:54:50
c6ad3421-2d21-4bb0-9a64-00d4c7ffa79c,Pengguna Google,Alhamdulillah,5,0,2024-10-27 17:43:54
21f87f63-25ef-463a-aeac-02cfdbc970c2,Pengguna Google,Kenapa jakwifi sekarang susah di akses dan mau di hilang kan..,1,0,2024-10-23 17:51:32
4f572e2a-def7-4c8e-9858-2120a659469c,Pengguna Google,"Tolong lah itu pengangkutan sampah yang di jalan pasar induk jakarta timur dilakukan lebih pagi, tidak pada jam masyarakat pergi ke kantor, sehingga timbul kemacetan.",2,1,2024-10-22 06:38:48
2a51bf9b-b33d-4cf9-8e76-46c35da527a4,Pengguna Google,Good,5,0,2024-10-21 19:59:34
d23df631-c96e-4c7a-b023-c638687c558f,Pengguna Google,App. Susah dipakai.. mau lapor video susah,1,0,2024-10-21 07:41:59
5163e4fb-56a4-4ba0-a070-30f283678b44,Pengguna Google,ok,5,0,2024-10-20 22:13:48
abe77459-dbc4-45e7-a187-d3db98a1218a,Pengguna Google,"RESPON LAPORANYA LAMBAT DI SELESAIKAN, SUDAH SAMPAI SATU MINGGU MASIH BELUM JUGA ADA TINDAKAN",1,0,2024-10-20 17:42:14
dd97ab7a-a835-4725-98c6-d3bbe7146d22,Pengguna Google,Oh iya pengen banget rasanya jaki bisa ngelacak keberadaan motor yang hilang :( dengan mencantumkan plan nomor saja..,5,0,2024-10-20 09:32:31
75f818e9-69b2-48a2-9ed2-cf79f5097a45,Pengguna Google,Kenapa sekarang susah sekali bikin laporan padahal aplikasi ini sangat membantu?,1,0,2024-10-19 02:29:00
1efe1516-b69e-41e6-a3fa-9977a7a1ac0b,Pengguna Google,Aplikasi dibuat utk mempermudah pihak Pemda mendapat laporan dari warganya tetapi ketika sudah dilaporkan malah action tindak lanjutnya sangat2 lambat ....nol besar,1,2,2024-10-17 13:37:24
f1c22b7c-5522-49b7-ba7c-bf5f6403f374,Pengguna Google,"Aplikasi ini sebenarnya baik tapi aplikasi ini hanya bsa 1 arah baiknya aplikasi ini dibuat 2 arah agar permasalahan yg dilaporkan jika dianggap selesai oleh petugas tapi ternyata masih ada kendala agar dapat ditindak lanjuti kembali, jadi untuk masalah yg dilaporkan pelapor diberi akses jg untuk menilai apakah laporannya sudah sesuai dengan tindak lanjutnya, dan dapat mengomentari diriwayat penyelesaian laporan....",1,4,2024-10-12 17:29:49
95dc905a-dc3c-42fa-b564-92c7d6c1655a,Pengguna Google,"Payah...sdh 2 hari coba bikin laporan sdh 5 langkah, terakhir masukkan kode tertolak terus. Ga boleh warga DKJ melapor ya? lebih enak zaman Anies",1,0,2024-10-10 06:21:08
c0a06488-9007-4e17-b921-78b3cbb49039,Pengguna Google,Keren semoga jakarta lebih maju ke depannya,5,0,2024-10-09 12:54:05
ba7d6aa2-48b4-4ca6-8a9e-fd906e44962c,Pengguna Google,knp gbs dipake buat antri faskes lg?,1,0,2024-10-09 09:44:26
ffc10a5e-9351-4eb1-b227-bff497f4ba8c,Pengguna Google,Aplikasi eror saat ingin input laporan selalu salah input captcha padahal sudah benar isinya berkali-kali,1,4,2024-10-06 20:14:59
a8a107a3-057d-40b1-ab2a-398cb21dc645,Pengguna Google,Pengaduan secara cepat... Dan responsif,5,0,2024-10-05 08:50:05
e03069a3-d7cf-49ac-b2b8-80d0cb2c828b,Pengguna Google,Ini kenapa sekarang tiap mau lapor ada kode captchanya yang udah diketik selalu salah terus heran,3,4,2024-10-04 14:39:41
a24d978c-91eb-43dc-bd3b-c782d4db5e24,Pengguna Google,"Akhir akhir ini ngga bisa buat laporan, Selalu ""terdapat kesalahan pada data yang anda input"". Ketika klik kirim lalu eror itu muncul. Padahal captcha yang diinput sudah benar. Terjadi sudah 1 minggu ke belakang ini selalu tidak bisa lapor. Tolong pihak developer aplikasi harus segera dibenahi.",1,33,2024-10-03 08:16:34
8d5f9f02-a75e-4338-af48-614736ec4136,Pengguna Google,MANTAP,5,0,2024-10-03 07:08:53
b3f9333c-8048-476a-9b50-83eec9d6197a,Pengguna Google,Aplikasi terkeren & terpercaya. Makasih Jaki.,5,0,2024-09-30 20:57:07
1bb4e312-19eb-44a9-8afa-6a8ca8db965c,Pengguna Google,Cukup membantu,5,0,2024-09-30 19:58:37
395d9344-8cfc-4a4d-8ef8-78191699bf95,Pengguna Google,Makasih jaki ambulan gratis untuk mama saya sangat membantuu,5,0,2024-09-29 19:09:28
38508acb-fbd9-402c-b0bd-aebaf7554a30,Pengguna Google,Memuaskan,5,0,2024-09-29 13:16:06
e2d943af-8f6f-4e30-9115-6aa0bbffbc67,Pengguna Google,"Aplikasi sering tidak bisa submit laporan. Laporan yang ditindaklanjuti tidak tuntazzzz, hanya pencitraan.",2,0,2024-09-28 10:50:32
c3c58407-a3ff-4178-8411-be4df4de5316,Pengguna Google,"Aplikasi sudah bagus, tapi itu tolong di hilangkan fitur masukan kode karena lebih sering error dalam input nya",3,2,2024-09-28 01:51:20
8f35d548-dfed-4bc6-8ebb-f03e3c8f58be,Pengguna Google,"Sekarang mau lapor aja susah banget, isi kode gagal mulu. Makin kesini makin ribet, turun bintang lah!!!!",2,0,2024-09-26 07:36:52
402892ca-978d-4bd2-99b7-f32d97765c46,Pengguna Google,"Baru baru ini saat mau posting laporan gagal terus, karena captcha huruf dan angka salah terus, padahal isinya sudah benar",1,4,2024-09-26 07:14:50
e3869a67-ae76-4908-8ee4-22f4220cb5f9,Pengguna Google,Siaaaap,3,0,2024-09-26 05:18:50
0eb8a77d-ae58-466f-b585-7084133d1e8b,Pengguna Google,Aplikasi nya sih bagus. Tapi kinerja manusia di lapangan perlu peningkatan lagi,4,2,2024-09-23 17:31:38
af85cc6a-ff60-4170-a3df-3295f5a18430,Pengguna Google,Aplikasinya sangat membantu,5,0,2024-09-23 13:44:58
99c4f907-150b-4c2b-9f90-cfb389c508d9,Pengguna Google,"Setiap mau jaksurvei dalam pengisian sklm saya tidak pernah bisa dan tidak muncul padahal sudah persi terbaru, apanya yang salah ya...mohon dong infonya terimakasih",1,5,2024-09-23 01:18:47
be2723d3-8dcb-4e1c-8a0f-eacb8b17a8b0,Pengguna Google,Jaki selalu terdepan dalam menyelesaikan masalah setiao laporan warga masyarakat jakarta,5,0,2024-09-21 20:49:39
aebb433d-f660-461a-afb9-2d80cbb56b9f,Pengguna Google,APLIKASI YANG HANYA BIKIN ORANG SENGAJA CAPEK UTK LAPORAN KRN DISURUH DTNG SAAT JAM KEJADIAN DI SIANG HARI MALAH DATANG PAGI HARI YA JELAS GA ADA MSLH LAH.. MANA ADA YG LAPORAN SAMPE 74X PERMASALAHAN KAGAK KELAR2,2,0,2024-09-19 15:29:12
7be5fcf8-9d22-43bc-9144-54e56a5086b7,Pengguna Google,Ahh notifikasi mulu permintaan topping gk dikerja2in payah,1,0,2024-09-18 20:21:38
f92f1d41-b8a6-4b15-a8b3-b77ad6a75ccd,Pengguna Google,"Susah direspon oleh pihak terkait,masuk untuk log in aja pake kode rahasia",1,0,2024-09-18 20:11:48
be56bb60-26d0-4b6b-b1ff-98b422acbe5f,Pengguna Google,Lebih bagus bila berkordinasi dengan pihak2 perusahan untuk menambah fitur lowongan pekerjaan apabila ada perusahaan yg membutuhkan tenaga kerja.,4,0,2024-09-18 10:27:08
f9da0ca0-421f-4eb5-aac1-69718e702a36,Pengguna Google,"Mau buat laporan aja persaratan ribet padahal sudah benar semua, SULIT-SULIT",2,0,2024-09-14 11:16:50
c9594bb3-63c9-4aaf-9a9c-13003681c0c2,Pengguna Google,"Aplikasinya sulit atau memang sengaja dibuat sulit untuk upload,dan kinerja dilapangannya juga seperti kurang diperhatikan dg baik,banyak kerjaan yg hanya asal asalan mengerjakanya",2,3,2024-09-13 14:40:52
86a08d74-26c6-4dac-9d7f-d810a37c52c4,Pengguna Google,"Yah payah mau antrean faskes aja loading/buffering mulu sampe nungguin 30menit lewat, jaringan hp saya aman terus udah update apk terbaru... Payah dah....!!!!!",1,3,2024-09-08 00:05:39
b14b595e-d8a5-4eb3-b312-1474f3b168ff,Pengguna Google,Bagus,5,0,2024-09-06 06:24:26
3a1fb542-cffa-4eb5-a9b1-e61b0ea5164a,Pengguna Google,"Saya mau tanya dong min, cara mengganti email di aplikasi jaki ini gimana ya? Soalnya email saya ganti Semoga dibalas🙏",2,0,2024-09-03 21:47:04
6eaf6f12-8cc6-4b9d-8c4d-49c1392fc5fb,Pengguna Google,Ini aplikasi sesungguhnya niat dibuat utk publik tidak??? Setiap ingin cek SPT PBB selalu SERVER ERROR . IT harus ganti orang Mumpuni agar tak error,1,1,2024-08-31 07:55:21
78bf143c-8854-4406-ad75-566db5a03318,Pengguna Google,Saya baru daftar di aplikasinya krn mau mengajukan pelaporan. Tapi kenapa sampai pada tahap isi chapta kog gagal terus. Tolong segera dibantu min.,3,2,2024-08-29 19:16:20
96164e19-3fae-45f9-8e04-c402bf944c09,Pengguna Google,Ga bisa lapor keterangan nya ada kesalahan pada data yang anda input mulu,2,1,2024-08-25 17:15:10
84ce992d-952f-408e-9176-667cb25ce99e,Pengguna Google,ok,5,0,2024-08-24 09:38:57
2c1e9f2c-b360-44a6-b425-44815cbbfdf2,Pengguna Google,"Padahal pakai WiFi untuk laporan dijalan, tapi tulisannya harap tunggu terus.. Hadeehh",1,4,2024-08-21 07:47:22
6038e08b-9a6f-48aa-bf96-f0e941cfcc64,Pengguna Google,Input capchanya susah amat,1,0,2024-08-20 11:30:04
3a9432c2-307d-41ae-8cd4-a8c944f27636,Pengguna Google,Good,5,0,2024-08-12 20:52:14
c79e421a-7b8a-4060-a32e-681c3f2d1b9f,Pengguna Google,Gak bisa daftar karena buffering/loading terus padahal koneksi pake wifi. Padahal saya mau mengadukan masalah di dekat rumah saya. Hadeehh...jadi gak berguna nih aplikasi 👎🏻👎🏻👎🏻👎🏻👎🏻. Pantesan banyak warga yg komplen sama aplikasi JAKI ini. Mohon di perbaiki masalah aplikasi ini agar warga Jakarta aman & tenang.,1,17,2024-08-11 19:23:25
f7dc0a37-a66b-4db9-8686-36e626c1e624,Pengguna Google,BUAT LAPORAN GAK DI TERIMA MASUKIN MEDIA AJA APLIKASI GAK GUNA.BIAR MEDIA BERBICARA.,1,1,2024-08-11 14:22:38
5e4193f5-a31c-4f09-914c-bad3b6899376,Pengguna Google,untuk penanganan nya sedikit lambat dan kurang terintegrasi kebagian yg bersangkutan,4,0,2024-08-08 15:15:13
e8ddf9eb-251b-49bb-875a-241bcf96b669,Pengguna Google,"Pihak2 terkait cuma foto2, permasalahan lalu disimpulkan selesai padahal tidak ada yg dikerjakan.",1,0,2024-08-06 22:46:04
57950b38-1578-4015-ab12-51a81b88a421,Pengguna Google,Bisa ga sih kota Cikampek masuk daerah dki jakarta,5,0,2024-08-05 22:42:25
46b2faad-0a3c-4056-9691-44c716573ea7,Pengguna Google,Mantap,5,0,2024-08-04 06:51:35
4eacc934-4c78-4b25-be33-2a3feda65df2,Pengguna Google,Masih error,5,0,2024-08-03 18:55:23
feeadecb-b69a-4233-a7c8-d9f4054b05f8,Pengguna Google,Top,5,0,2024-08-03 10:53:40
eb6eb725-26fb-4ac3-bac5-ad07111f45c2,Pengguna Google,Semangat terus membangun kota...mantap JAKI👍 Mohon dengan sangat untuk segera menindaklanjuti segala jenis laporan yg sifatnya merusak agar segera menjadi lebih baik ....,5,5,2024-08-03 09:25:16
79d90c48-6b79-477e-969e-2d2772274725,Pengguna Google,Proses daftar di persulit,1,0,2024-08-01 21:33:53
b17df361-d917-4d69-a932-19da79aa0eb0,Pengguna Google,Ga bisa lapor udh berkali² ganti verifikasi code,1,0,2024-08-01 12:52:18
b046ec1e-e93d-474c-87c7-d1e92b289b0c,Pengguna Google,Baik,5,0,2024-07-30 16:44:27
3f434221-05d7-4ba4-96ec-0ccb8e42cb77,Pengguna Google,Sudah bagus tapi saya sudah vaksin covid - 19 sebanyak 4x tidak muncul di aplikasi,4,1,2024-07-27 16:53:26
2b563f98-5519-4547-9f25-3213f296d3ed,Pengguna Google,lengkap dan sangat membantu,5,1,2024-07-27 12:44:41
f510ab04-6faf-4243-ae08-de60381e802d,Pengguna Google,Sngat membantu,5,0,2024-07-26 10:16:17
fa7ca3d6-2521-4a3c-b2b1-86549591083d,Pengguna Google,JakWifi yang buruk,1,0,2024-07-24 00:33:51
a90acd34-4452-45f6-8713-927a5152aff5,Pengguna Google,Sgt brmanfaat Apl ini...dan mberilan Informasi yg Bagus Goods,4,1,2024-07-23 21:10:19
0ae01643-eb38-40e7-80e4-b67549b064d6,Pengguna Google,aplikasi gak guna mending hapuss,1,0,2024-07-22 12:56:44
1be76cc4-5266-441b-9027-20ae2c1cc174,Pengguna Google,Sangat di perlukan untuk mendapatkan informasi penting sekitar jakarta.,5,0,2024-07-22 10:30:38
8da7d00d-64d8-4abf-9072-b51829d54b8f,Pengguna Google,luar biasa..sangat membantu..terimakasih,5,0,2024-07-21 19:40:17
7e792f19-b045-4da7-8995-db1fd2f23edf,Pengguna Google,Bagus,5,0,2024-07-21 19:34:19
0c172760-8c4d-453a-bd78-287eb7216a20,Pengguna Google,"Makin Jelek aja, dulu bagus banget dan responsif, laporan sy sudah hampir 3 bulan belum ditindak lanjuti perihal pohon sudah menjorok kejalan dan menimpa kaber rumah rumah warga",1,0,2024-07-21 13:18:51
b1f46cc4-b208-4602-84fe-6cadfdccbf4f,Pengguna Google,Kok hbs update malah ga bs y,1,0,2024-07-21 12:50:54
e826c987-30da-43bf-b1d2-6ffe5763684b,Pengguna Google,Semoga Lancar Jakarta jaya,5,0,2024-07-21 07:36:26
3b666564-e22c-4212-9e56-a9c3e5768874,Pengguna Google,Ok...laporan terjamin..,5,0,2024-07-21 07:32:21
af81df8d-7a1c-421c-9c1e-b86c04beb063,Pengguna Google,"info membantu Warga Jakarta, ...🇲🇨👍",5,0,2024-07-20 22:27:47
6465486d-52d7-404e-9695-23307e8975d8,Pengguna Google,JAKI Mempermudah segala urusan..,5,0,2024-07-20 13:08:29
0582af9e-40fa-4321-9226-5e80ac4353f2,Pengguna Google,"dengan adanya Aplikasi Jaki saya sangat² terbantu bila ada trupble di wilayah, baik mengenai Listrik, sampah, got, ambulan, info pajak (PBB/KENDARAAN) dan hampir semua bisa dilaporkan langsung dan diTindak Lanjuti lgsg oleh pihak terkait.",5,24,2024-07-20 05:56:17
c7f38fa3-cc79-47fe-96bf-604210c31cc2,Pengguna Google,Informatif u DKJ dan sekitar,4,0,2024-07-19 20:41:03
844f7226-5d21-4a2d-b77e-f5421f79dd56,Pengguna Google,Dulu aplikasi ini sangat bagus waktu gubernur nya masih pak anis skrg lmbat dan proses nya hanya foto bahkan terbaru skrg malah ga di kerjain laporan nya cuma di nyatakan selesai doank,1,24,2024-07-19 15:17:50
204b8277-8d44-4d95-9c01-a5111ab5e6f4,Pengguna Google,"Terlalu sulit untuk bikin laporan. Buat aturan jangan yang mempersulit warga dong. Foto harus memakai tagar lokasi segala, ribet kalo gitu.",2,0,2024-07-18 23:14:42
aa9ea5d7-0a61-4399-b52e-4e52771c9c6a,Pengguna Google,Untuk pelaporan kordinasinya via aplikasi cukup baik cepat tanggap oleh dinas terkait tapi tindakannya di lapangan cukup lama,2,1,2024-07-18 14:39:34
b58b616d-8e25-408f-a097-e20d5ee461b4,Pengguna Google,Good,5,0,2024-07-17 13:36:21
5244fa23-e5a5-4c65-80c6-08f0ab59eaaf,Pengguna Google,"Saran.. Alangkah baiknya di aplikasi JAKI ini ada menu CCTV online live jakarta, baik itu cctv binamarga, cctv etle ,cctv traffic line dan CCtv yg lain lain. Trimss",5,0,2024-07-14 15:11:48
5f2999dc-f890-4f89-b141-2cc795eed428,Pengguna Google,"Saya melaporkan tentang parkir liar dari tanggal 8 Juli dan sampai sekarang belum di tindak, masih dalam proses, sampai kapan proses nya, jalan nya kecil di buat parkir oleh sejumlah angkot dan sepeda motor mohon di perbaiki",1,2,2024-07-14 10:39:08
a2b50dfe-5940-4c46-945b-b3becb31f7b3,Pengguna Google,"Bintang 4 dulu ya, Berapa Persen keamanan bagi pembuat berita, atau pengadu yang di kirim lewat jaki, siapa yang tanggung jawab atas identitas pengaduan, apakah ada personal yang bisa bebas buka Jaki dari pusat (server) nya???, apalagi info kebocoran data sekarang lagi marak. Terima kasih",4,0,2024-07-12 18:35:31
67ef8244-9f7b-4c14-a6eb-dd9030cc9ebb,Pengguna Google,Top,5,0,2024-07-12 12:16:57
6bd1ca1e-fa57-44f9-88dd-3d2c6973d059,Pengguna Google,Mempermudah informasi untuk warga jakarta,5,0,2024-07-11 19:56:04
7d14cc5b-2742-4660-ac0b-1d58f92bc91d,Pengguna Google,"Idiot, gak guna. mau daftar suruh konfirmasi lewat link yg dikirim ke Email tp gak masuk masuk. anggran banyak buat apa kalo bikin app gak becus.",1,3,2024-07-11 17:49:39
1da28e95-b402-4ab1-a6f4-102e4e1a8685,Pengguna Google,"Aplikasi fitnah, tidak efektif cuma jadi kegaduhan antara warga dengan warga, ataupun warga dengan pemerintahan",1,0,2024-07-10 08:18:39
b293a7d4-b550-4f3d-8146-6efc0e601bef,Pengguna Google,"Aplikasi nya sering erorr, tolong di perbaiki lagi aplikasi nya.",1,2,2024-07-07 02:35:44
6d5bff74-dce9-4560-901c-32bcf784c271,Pengguna Google,JAKI gak pokus apa yang menjadi keperluan/info dari pengguna....,3,0,2024-07-05 22:45:03
998828f5-e973-45b9-8fb8-3920a5b33a8d,Pengguna Google,Email saya tidak d respon2 mind ?,5,0,2024-07-05 18:19:03
c6409b90-b1b3-46ac-9b5b-519ea7b80c2b,Pengguna Google,"Aplikasi jaki semakin buruk, mau login aja sekarang susah gagal terus",1,1,2024-07-05 06:21:21
0ee27d46-5932-47ba-91d7-9b07aa1e2f52,Pengguna Google,Akurat terpecaya mantap Tq. Tetap jujur dan amanah.,5,0,2024-07-03 19:53:19
d343a630-17f2-46da-aa19-cd9546c78c5c,Pengguna Google,Ga bisa booking venue olahraga,1,0,2024-07-01 11:27:48
2f98d0a6-7598-42a2-8e6e-6c0abd6ad97e,Pengguna Google,Cepat penanganan nya,5,0,2024-07-01 07:08:44
97778812-c4f5-4add-81cb-348167b91119,Pengguna Google,"Saya ingin membuat laporan. Tetapi selalu gagal dengan alasan request rejected your support id is ,,,,,, Padahal ada keadaan mengganggu d dekat rumah",5,0,2024-06-29 01:52:19
bab7ec0a-0a74-4c06-9d94-1a437eab8fdb,Pengguna Google,sangat membantu dan memudahkan terimakasih,5,0,2024-06-25 20:57:29
42f76d4f-3ae6-4b55-9ef0-0a62fcee6b99,Pengguna Google,Bagus si tapi sayang aplikasi ini online,4,0,2024-06-25 17:54:19
56a530aa-97b0-4334-9f20-3a1630004d15,Pengguna Google,"Belum di coba, klo bagus saya naikin bintangnya",3,0,2024-06-23 23:41:00
fcaef386-988f-4981-99f3-b9541ab22ccc,Pengguna Google,THE BEST,5,0,2024-06-22 19:08:24
4757e148-d11f-4d4b-84a7-442005ce84c2,Pengguna Google,Ok mantap applikasi nya,5,0,2024-06-20 14:21:30
d8b908f9-faec-4c7d-8af9-00d7b9dc475c,Pengguna Google,Lumayan bagus,4,0,2024-06-14 22:02:31
3ae97a3e-18d4-4b81-a6ce-31352729eca5,Pengguna Google,"Saran dong, buat jaki biar bisa bikin laporan/kotak saran tanpa foto. Jadi segala saran dari warga bisa langsung dilakukan di mana saja. Siapa tau ada saran yg menarik yg bisa diterapkan",5,0,2024-06-14 01:26:59
8f168290-658c-46c8-a4a2-ea654fa1e6ec,Pengguna Google,Payah aplikasi buruk gak bisa dibuka,1,0,2024-06-11 17:24:40
02f622d9-107d-4d5c-8614-f7dce6bf1a33,Pengguna Google,"Maaf, terjadi kesalahan pada sistem. Coba ulangi beberapa saat lagi, ya! Sistem tolong di benerin",1,1,2024-06-11 09:15:29
a34b5d85-0b31-49f4-99ee-7744e426e0d4,Pengguna Google,Bikin laporan hari ini tiga hari kemudian baru di tindak... Halo males nerima laporan dan nindak laporan mending apus aja nih aplikasi .. ga kaya jaman ahok abis lapor langsung di tindak... Aplikasi ga guna !!!!,1,0,2024-06-09 22:51:35
4bd65448-62af-4e59-afd2-94f67565dc4d,Pengguna Google,"Keren, fast respon.. dipertahankan ya",5,0,2024-06-08 09:09:52
86b32021-0c38-49f6-a001-d5aad5fa1481,Pengguna Google,"Dengan adanya Aplikasi JAKI warga bisa ikut serta membangun jakarta untuk menjadi kota yg bersih, aman dan nyaman, dengan cara memberi tahu pihak² terkait👍👍",5,13,2024-06-08 08:12:07
38f37a5c-742f-427b-ad4a-6cda83c56724,Pengguna Google,Mantaab Dki,5,0,2024-06-05 09:08:24
5200b4f6-9916-4191-b3a7-1edb7f8cb9f8,Pengguna Google,ga bs laporan..,1,0,2024-06-04 10:20:16
7d75487c-ffc7-43ad-b457-6464b6994d60,Pengguna Google,aplikasi sagat berat..selalu loading terus..tolong di up,3,0,2024-06-01 09:02:02
447f8372-3d3e-420d-8ddf-f86dd1a678aa,Pengguna Google,"Tolong kinerja kelurahan Cilincing ataupun aparatur setempat diperbaiki, sangat lambat bahkan tidak ada penyelesaian dalam laporan, jng makan gaji buta aja.",1,1,2024-05-24 22:25:04
a464394d-5b97-4a15-9a4b-ae0a0bb40b49,Pengguna Google,"Halo, saya pengguna baru aplikasi ini. Apakah aplikasi ini masih berfungsi? Karena saya tidak bisa akses, hanya logo jaki saja tidak bisa lihat yg lainnya. Koneksi saya bagus. Mohon infonya Terima Kasih",4,5,2024-05-24 09:56:45
6211cd65-1ae4-4bf2-a4ae-cb9a03c91599,Pengguna Google,Terimakasih...... 🙏🏻🙏🏻🙏🏻🙏🏻🙏🏻🙏🏻🙏🏻🙏🏻🙏🏻🙏🏻,5,0,2024-05-23 01:01:19
4b49ec31-ca24-4250-aaaa-3db92bf36399,Pengguna Google,Mantap 👍🏾,5,0,2024-05-21 22:14:46
507d5fc8-bd03-4b0b-bcfd-f297d3dff91e,Pengguna Google,"Buat laporan selalu gagal,",2,0,2024-05-18 19:27:43
b50d2684-65d8-4f50-96c2-118f33c71709,Pengguna Google,Senang saya pernah minta got di bersihin.. langsung..malah di bangun... gotnya.. mantap respon cepat..,5,4,2024-05-17 05:32:05
a2f6a9e9-bb95-43b9-aca4-66a14fecbdfb,Pengguna Google,"Sebenarnya bagus ada aplikasi ini 🤗🤗tp knp kok data si pelapor kejadian tidak di rahasiakan malah di share k aparat setempat sedikit kecewa sih ,pdhl si pelapor itu niat nya baik dan bagus buat kemajuan dan kebaikan bersama ,mohon lebih d perhatikan lagi data dan mama si pelapor jgn di share ,maju terus kota jakarta .tetap saya kasih bintang 3 kok",3,0,2024-05-16 05:40:29
a3e4b3aa-df3d-4ca7-9935-e32ab76d5978,Pengguna Google,JAKI - Jakarta Kini Aplikasi Terbaik 💯,5,0,2024-05-13 00:57:37
5364130a-5a06-4bdb-b036-0930934d3f8e,Pengguna Google,pasang Aplikasi JAKI,5,0,2024-05-10 18:33:46
30835bf6-c094-49ef-9247-6563d9311744,Pengguna Google,Gak bisa daftar.ya mungkin memang warga Indonesia birokrasinya di persulit.dan disuruh lewat calo biar rakyat tambah susah.,1,2,2024-05-09 17:42:14
35d000a7-9361-4fe4-ada0-1dbb22bfa99a,Pengguna Google,"Sangat membantu masyarakat,mudah melapor terkait yg meresahkan lingkungan",5,0,2024-05-05 16:39:53
15922589-6b9f-439f-b8ab-90e4390a83e1,Pengguna Google,Aplikasi Bagus aman Saya sangat menyukai nya,5,0,2024-05-01 18:50:01
10592442-1349-4a50-b9c1-29d327bc9b8a,Pengguna Google,Aplikasi bagus .. Bermanfaat buat info pajak kendaraan..,5,3,2024-05-01 10:19:21
4dd62934-401e-4fdf-a32e-76244b00799c,Pengguna Google,"Tolong pihak jaki, jakwifi eror tidak ada jaringan kami butuh untuk kebutuhan matapelajaran, informasi terkait pendidikan, kebutuhan untuk sehari² bagi kami.....",2,0,2024-05-01 09:15:58
3b9f3c4a-8dd7-4630-a129-1b6bdb138d95,Pengguna Google,Ok mantap boz,5,0,2024-04-30 11:38:56
5a44734f-beb2-46f4-9ca5-35d78b94ecfb,Pengguna Google,Good jaki,5,0,2024-04-24 13:15:02
a20f7353-9cb9-48a4-9897-ede5123244e2,Pengguna Google,"versi udh terbaru, jaringan lancar tp skrg gagal mulu kirim laporan, udah coba berkali2 tetep gagal",1,27,2024-04-21 22:47:55
4aa79068-67a4-4396-8953-fdfdbcc081f5,Pengguna Google,Bagus,5,0,2024-04-16 14:35:16
57353d0a-8552-4d0c-885a-94278500b099,Pengguna Google,Jaknaker error gak bisa login,1,0,2024-04-07 00:54:39
4d6c80d0-cf2c-4653-a228-80150c9fc913,Pengguna Google,"Sekarang Tidak bisa kirim Laporan, Aplikasinya Jadi tidak Berguna untuk Warga Jakarta.",1,6,2024-03-30 14:08:14
7d5da617-ce74-4b90-a43b-4950a1c509b1,Pengguna Google,"Bulan Maret ini udah mencoba beberapa kali mau lapor jalan rusak gagal terus pas mau dikirim, padahal kuota ada sinyal bagus",3,3,2024-03-28 19:05:40
e54d5924-dbe1-4b47-bdd3-f46ec1229fd4,Pengguna Google,Karena mudah untuk melapor sehingga Mampu membuat warga menjadi malas dan tidak mau menjaga kebersihan lingkungan nya sendiri...buat apa dijaga kebersihan lingkungan nya..tinggal buang sampah sembarangan..lalu tinggal melapor.. Rendahnya kesadaran masyarakat akan pentingnya kebersihan lingkungan sendiri,1,0,2024-03-28 10:56:02
93f19949-8f91-4c20-91ef-0b0bb82818f3,Pengguna Google,Aplikasi ini gak bisa daftar online berobat lagi pada ada kendala jak sehat lagi rusak download ini ternyata gak bisa juga buat boking puskes,2,0,2024-03-28 06:48:42
10beb7c4-40f2-4a1f-b247-d784acd23f86,Pengguna Google,"Tolong dong di permudah ini apk buat orang orang tua, gw yg nggk pake apk ini di tanya mulu padahal gw nggk ngerti ini apk gw juga nggk pake ini apk. Tolong di permudah ya apk nya. (Sip... Respon keluhannya, keluahan saya itu cuman cara survei di permudah untuk orang tua aja kalo nggk tolong di beri video cara pakai apknya supaya tidak membingungkan pengguna) saya kasih tambahan bintang karena responnya. Dari 3 jadi 4. 👍",4,0,2024-03-27 19:07:19
c4afebb0-0ca2-4796-b31c-6669e2205073,Pengguna Google,Saya daftar kenapa ga bisa2?,5,0,2024-03-27 11:18:31
0b8f15fa-6627-44c5-9941-24148c526ecb,Pengguna Google,Good,5,0,2024-03-26 15:35:03
b3fb26fc-7fc7-47ec-9094-3947a9cba2a1,Pengguna Google,good,5,0,2024-03-26 09:28:53
f197d3b9-b16c-4079-b623-ff8103749e73,Pengguna Google,Paling oke,5,0,2024-03-25 23:56:51
f64f0a7d-fd0d-47f7-b1e0-f1efe616ece7,Pengguna Google,suka nge lag. katanya DKI PEMPROV banyak anggaran. Kok pemeliharaan sistem susah DNA suka lag,1,1,2024-03-25 09:14:34
85831636-a520-4100-ac15-85902d559005,Pengguna Google,Membuka jaksurvei,5,0,2024-03-24 09:12:34
ee390747-9bfd-4dff-9372-01b097ccfed1,Pengguna Google,Ngeleg,1,0,2024-03-22 09:57:19
e6bcbfdb-0e28-4257-bb23-15271ab9d182,Pengguna Google,"Aplikasi terbaik milik pemerintah, Amazing sama responnya yang cepat. Good Job Pemprov DKI",5,0,2024-03-20 12:44:50
21355eca-17ae-4ab1-b1dd-f56655ca4a94,Pengguna Google,Inging punya lencana sertifikat covid tp tidak bisa karena kterangan nya tdk dpt info dri peduli lindungi. Sedangkan aplikasi pedulilindungi skg sudah berubah menjadi SATUSEHAT. MOHON INFO admin secepatnya,4,3,2024-03-19 10:07:32
3625161f-9604-4a84-8a70-ff6b92dc73b5,Pengguna Google,Aplikasi bagus buat mendampingi kinerja pemerintah,5,0,2024-03-17 17:12:35
c16291e8-5d51-401e-aeb5-da99b17648e4,Pengguna Google,No commentlah..,5,0,2024-03-16 22:24:05
03e005a2-7b09-45b3-980a-10af71aa67b2,Pengguna Google,Aplikasi yang sangat berfaedah,5,0,2024-03-15 11:56:46
e41511f5-5e23-4dac-b9a1-b32ef645dec3,Pengguna Google,Aplikasi nya keren abis,5,0,2024-03-14 20:36:35
120edbb7-b53b-41cc-93a2-283ccf9320e9,Pengguna Google,"""Terima Kasih Aplikasi JAKI (JAkarta-KIni) yg dapat Membantu Warga Jakarta dgn layanan On-Lines', bagi mereka yg ingin berobat dapat mendaftar melalui Aplikasi JAKI, tanpa harus mengantri !!!"" Sukses Selalu buat Aplikasi JAKI & Untuk Indonesia Maju. TERIMA KASIH. 🙏🙏 Kepada YTH Aplikasi JAKI, saya ingin bertanya, Mengapa saat saya mengganti Ponsel yg lebih bagus, tapi saya Tidak bisa Masuk & mendaftar kesehatan serta terkoneksi, padahal Akun saya Tidak saya Ubah & Tetap Sama ?? Wassalam.",5,67,2024-03-12 10:03:59
a1359fef-f9e0-4db7-a823-a73ac1f1fef1,Pengguna Google,"Maf sistem aplikasi y susah unk download bukti pembayaran SPPT,,, mohon info y lebih lanjut",2,0,2024-03-11 15:26:58
972ef84f-8980-464a-a6c1-7116bf305d18,Pengguna Google,"Percuma ada fitur laporan warga kalo semua laporan saya tidak pernah diatasi, Sudah buat 5 laporan hasilnya semua laporan cuma dikomentari berkoordinasi oleh kelurahan.payah",1,0,2024-03-10 18:39:56
fcd0834d-d75c-4172-82a7-e4317fd5be7f,Pengguna Google,"Sangat membantu, tapi PBB tidak terupdate secara berkala",5,0,2024-03-08 14:11:19
946ecd8c-15ed-407f-9bc5-d130e29c1b61,Pengguna Google,"Trimakasih ,semoga lebih banyak lagi manfaat untuk semua warga.( jakarta khususnya).",5,0,2024-03-07 13:20:03
87388b91-763e-4ec8-a537-560918a911b4,Pengguna Google,Lumayan juga,5,0,2024-03-05 05:33:41
a2d984e0-9973-445f-93ba-216ab16c8347,Pengguna Google,"Harusnya Ditambahin Lagi Untuk Fitur Panggilan Darurat Untuk Kepolisian Dan Pemadam Kebakaran Di Jakarta, Jangan Hanya Ambulance Saja, Agar Saat Keadaan Darurat Dapat Memanggil Aparat Kemananan Yang Sesuai Di Bidangnya.",3,0,2024-03-03 13:42:31
1f78291f-5314-4d32-9e13-f2e928abbd3e,Pengguna Google,Info mudik gratis dari Pemprov Jakarta yang valid? Apa bisa dapatkan disini..?,5,0,2024-03-01 12:05:03
ed6a049d-d426-480d-bbdf-16af4cf62883,Pengguna Google,Oke.,5,0,2024-02-28 10:14:12
678c1438-cc09-429f-9572-c2d9bcff4853,Pengguna Google,Alhamdulillah,5,0,2024-02-22 08:17:49
9d0a17ba-b4b8-43ac-ae79-b0c4c7c18e3d,Pengguna Google,"Aplikasi yang sangat bermanfaat untuk warga jakarta, laporan di kerjakan sangat bagus",5,0,2024-02-20 11:48:47
5b93bc4b-2c92-4af3-9d11-41d14bc31b93,Pengguna Google,Bingung bayar pajak motor belum bisa cuma. Cek,4,0,2024-02-19 10:25:19
f8a64f75-ea01-49b1-8958-b1024344a3d4,Pengguna Google,Bagus sangat membantu,5,0,2024-02-19 10:02:00
50a2a928-2f3f-4ec5-9b73-833d96cefc6e,Pengguna Google,SANGAT BAGUS SAAT ERA ANIES BASWEDAN,5,0,2024-02-17 03:38:50
50111c8d-df52-4556-be05-6e0c77672c8f,Pengguna Google,Kalau mw clue diwajibkan foto pakai timestamp lah..,1,0,2024-02-13 09:48:26
dd0c6339-a67b-4b91-8d65-907fd9a21939,Pengguna Google,Wah ga bener nih aplikasi ...sy lapor A yg di kerjain tempat B udah gitu laporannya selesai pdahal kenyataannya belum,1,0,2024-02-11 15:24:26
84729faa-e21e-40b3-95bb-fdcc23840eb7,Pengguna Google,"Tolong buatin laporan pakai vidio juga, kalau foto kurang efektif",1,0,2024-02-08 16:16:32
2f211d40-75d6-49c6-9d62-ed9cab18f223,Pengguna Google,keren loh,5,0,2024-02-03 23:20:11
71288a93-59bb-4ee5-a429-f3bc491749d7,Pengguna Google,Server sibuk terus?? Gabisa bikin laporan,1,0,2024-02-03 07:15:10
cfc95fe1-c3b3-4228-bf3b-886e4621a055,Pengguna Google,Setelah update tidak bisa filter lokasi terdekat untuk cek laporan warga.. semoga segera teratasi,2,0,2024-02-02 07:40:16
393b51e0-4afd-4af8-8a71-c9cd854a1236,Pengguna Google,Memuaskan,4,0,2024-02-01 12:13:18
f06215db-8d04-401f-9481-4c57ee35d778,Pengguna Google,Sangat baik🙏🏻👍🏻,5,0,2024-02-01 09:34:50
64ab0434-f2f8-4536-87ff-8ae71b52b60a,Pengguna Google,Mantap sangat bermanfaat sekali,5,0,2024-01-31 20:55:59
e0265875-f771-4d8c-8b6a-40258410db21,Pengguna Google,Aplikasi yang bagus. Bisa untuk lihat berita terupadate di jakarta,5,3,2024-01-30 08:50:12
525af930-6567-461b-ae55-49144136ae72,Pengguna Google,"Sangat Buruk aplikasi ini, kaku nggak inovatif",1,0,2024-01-26 06:41:21
d3c7a145-3c23-4bdb-984b-b4ed9eb4486e,Pengguna Google,Good,5,0,2024-01-25 21:50:44
ed54e743-77b1-42ab-9eef-5c112d9194ad,Pengguna Google,"Sebelumnya bagus untuk laporan, udah 3 hari belakangan tdk bisa melapor untuk pohon rindang..mohon di perbaiki",3,0,2024-01-24 16:21:41
c4fbfe83-10cd-420f-b909-d2606cd432b8,Pengguna Google,"Percuma ada fitur laporan warga di aplikasi kalo nyatanya ada komentar petugas kalo harus ke kelurahan setempat, buat laporan jalan rusak di komen oleh petugas kalo sudah berkali-kali di perbaiki tapi rusak lagi dan ada alasan karena saluran air yg tidak bagus disuruh lapor ke kelurahan untuk perbaiki saluran air dulu, kenapa ngga sekalian perbaiki aja saluran air nya, kenapa harus nunggu laporan dulu?? Sedangkan jalan berlubang udah ada 1 bulan lebih dan lumayan dalam kalo kondisi hujan bahaya.",1,22,2024-01-22 15:54:54
6db70d91-7f01-4495-9d50-12844c041985,Pengguna Google,Skrg mau antre faskes jadi susah bgt ya padahal sebelum nya mudah bgt tolong di perbaiki,2,1,2024-01-20 20:26:19
33c79171-cd06-4cd2-ac56-6a93905faf7d,Pengguna Google,"MANTAP Sangat membantu sekali apalagi anak rantau, Sukses terus Program Pak Anies Baswedan",5,0,2024-01-19 16:30:34
6c003312-0873-4c6a-85f4-a3015f6d17aa,Pengguna Google,Sangat membantu untuk mengenal jakarta dengan sangat efisien,5,0,2024-01-17 22:40:15
43938f84-98dd-40fe-85d3-e29db3bbdd79,Pengguna Google,mau daftar eco park error jink gabisa submit,1,0,2024-01-16 16:49:41
9d84cf2a-6def-4073-9183-9924902a63bc,Pengguna Google,BAGUUUSSS BET,5,0,2024-01-16 16:15:06
2cb4f489-084f-472d-8b01-0be7bc8c00a4,Pengguna Google,mantab,5,0,2024-01-16 00:37:21
125af71f-7775-43a6-be03-be6a2abed622,Pengguna Google,tetap semangat pemprov DKI untuk mengembangkan kreativitas untuk negri ini dan untuk generasi² emas Indonesia,5,0,2024-01-13 20:57:12
737baacb-3b93-4f7a-9e4a-83d991199fe3,Pengguna Google,Allahu akbarrrrrrrrrrrrrr,5,0,2024-01-13 10:41:39
f7b39891-f9f0-420f-bb43-113e0b20fbb5,Pengguna Google,Sangat Membantu,5,0,2024-01-13 06:06:01
e94ce183-4ac3-450a-bae5-e2949defd761,Pengguna Google,"Mantap,,,",5,0,2024-01-12 16:12:10
2e4d0d96-b991-4f76-ac8a-735b78fc771c,Pengguna Google,saya mengirim laporan susah sekali untuk terkirim bahkan tidak bisa,1,1,2024-01-12 11:52:44
e9df0006-be61-4b4a-a117-763b726edcb4,Pengguna Google,Sangat bermanfaat dan berguna untuk keamanan serta kenyamanan warga DKI Jakarta!!,5,0,2024-01-11 17:52:49
9b3b495d-a09c-4a82-b969-8bd5730dfc10,Pengguna Google,Ok,5,0,2024-01-11 17:20:21
77d1cb9c-372f-460c-a350-b5cec0ddfc21,Pengguna Google,Program pak anies emng ga kaleng kaleng semua nya kereeeeennnnn,5,0,2024-01-10 19:22:36
98c56485-bab9-48d1-95e3-7b0adb7e79a7,Pengguna Google,Mau masuk ke page prakerja aja pintu nya banyak banget..loging no hp otp bolak balik ga masuk2.. parah bgt..,1,0,2024-01-09 13:07:15
28d6ce3e-96f1-4eb7-b060-7349a2fcc41f,Pengguna Google,Sekarang aplikasi nya susah buat laporan,1,40,2024-01-09 08:09:26
1360eadf-05a2-4ee7-9f67-5d71a30e25a9,Pengguna Google,"Payah, padahal cuman pengen ngelaporin Jakarta sekarang beda.. Pengen samarin nama bisa lah! Di tempat saya jakarta ni begitu liatrya kendaraan bodong, kendaraan yang tidak memenuhi standar atau kita pribadi sebut kendaraan (motor/mobil) rusak dengan kenalpot bisingnya ampun jakarta udah kaya kampung kumuh penduduk kampungan ajah isisny,gila stres gua laah pak Jokowi ini masi tanggung jawab anda kemana tanggung jawab anda, itu hewan2 yang pakai kendaraan rusak di publik begitu meresahkan!!!!!!",1,0,2024-01-08 23:55:24
c1a3c80b-ac97-4850-8512-bfc784e6d817,Pengguna Google,Informasi jalur jakarta yang akurat,5,1,2024-01-08 17:02:02
8c9880f7-c743-46a2-be0a-abb5006f239c,Pengguna Google,Bagus,5,1,2024-01-08 14:56:17
cee01b13-56be-4d70-83fd-a192b6d1a2ad,Pengguna Google,Langkah krhdhs,5,1,2024-01-07 21:19:19
1bfd73c8-9ccc-4714-b3c9-91adb8f13d75,Pengguna Google,Rame n nyaman,5,1,2024-01-07 08:17:38
40e87d49-a0c6-41ec-8620-39386a65df46,Pengguna Google,"Proses nya lama ,ga butuh sehari ,padahal bukti foto Uda jelas & TKP lengkap tertera !!",1,1,2024-01-06 21:50:31
a7ea6a0a-7402-415d-ae74-323272d66fd7,Pengguna Google,Berguna bermanfaat dan respon sangat cepat. Tqu pak anies,5,3,2024-01-06 16:51:59
963e2665-15f8-4558-ab89-5df3a0480482,Pengguna Google,Terima Kasih Ambulance JAKI..,5,1,2024-01-05 14:02:34
afd10c58-42b1-4ccf-b671-d1ac4a7eed41,Pengguna Google,Bermanfaat banget!,5,1,2024-01-05 01:12:38
735286af-afde-4c57-969e-1c2e0311f3fe,Pengguna Google,Oke,5,1,2024-01-04 11:48:50
248a098b-4520-4ffd-a3c9-28fc7e409263,Pengguna Google,Sangat membantu,5,1,2024-01-03 19:19:53
4f6a876b-d6b2-4989-89df-5fe66a78fc3a,Pengguna Google,JAKARTA KINI merupakan langkah positif menuju kenyamanan untuk memenuhi kebutuhan informasi dan fasilitas umum dalam kehidupan sehari-hari masyarakat DKI JAKARTA.,5,2,2023-12-30 12:47:49
7f66a13c-b585-442a-8dfe-1b54d7ae5bad,Pengguna Google,Sangat mempermudah warga DKI .. terimakasih,5,3,2023-12-29 15:11:54
263465aa-b3cd-4334-b568-6b6581a3e5ba,Pengguna Google,Sangat berguna sekali.paket komplit kalo mnurut saya...sangat membantu.ibarwt nya ad kartu sakti.yg ini aplikasi sakti.semua hal ada di sini.sukses terus jaki.sujsee Pemprov DKI...saya bangga menjadi warga DKI👍,5,3,2023-12-28 11:05:01
b1696cda-32f2-4158-83be-8ce761087dfb,Pengguna Google,"Saya klik panduan keliling Jakarta, kemudian klik destinasi wisata, yang muncul situs porno?",1,0,2023-12-26 11:12:13
4806f83f-de1f-4328-9182-5c3cdf59c284,Pengguna Google,Semenjak ganti gubernur layanan ini jadi mengalami kemunduran parah bukanya inovasi malah kacau,1,0,2023-12-21 17:58:27
688c76e7-a6ad-4a3a-83f9-871bccd19eac,Pengguna Google,Mantap,5,1,2023-12-20 20:10:27
6f6dd9da-5699-4297-853c-76820d71acb2,Pengguna Google,"Aplikasi yg bagus, sangat membantu bagi warga DKI Jakarta yg perlu bantuan ambulan. Terimakasih Dinas Kesehatan DKI Jakarta. 👍",5,1,2023-12-20 19:35:02
53879f3b-9ba9-46ff-a17a-19341a623764,Pengguna Google,Bagus aplikasi buatan gubenur pak anis baswedan,5,1,2023-12-19 13:03:30
2baeb8ea-6dfd-4f2f-a22b-e4720811ec9d,Pengguna Google,"Dari tahun 2019 sampai sekarang ga beres beres. Bug dimana-mana, mending di hapus aja. Angaran berapa nih buat ginian ? bleh.",1,0,2023-12-18 00:37:12
f13e0dfc-76bb-4fa8-b63c-ed1f303fca4b,Pengguna Google,Aplikasi josss,5,1,2023-12-16 21:38:08
dc60796a-eaa7-4ed8-ba4c-a07a16d58d50,Pengguna Google,Aplikasi gak jelas udah laporan g prnh di kerjain payah lu,1,0,2023-12-15 23:33:45
18744398-2b40-494a-8c20-58caf3dc50e5,Pengguna Google,Maintenace,5,0,2023-12-14 21:23:29
28991c6a-0562-4faf-b4b7-6a3d65b02fe7,Pengguna Google,Bagus menarik bermanfaat. Sangat membantu,5,0,2023-12-14 08:42:33
507f39f8-afa7-4f99-8ac7-098e4f9d1f3b,Pengguna Google,Sangat membantu saya sebagai perantau,5,3,2023-12-13 09:41:43
aa691068-7a5f-446d-b204-37dd15fc3ab6,Pengguna Google,Error sudah versi baru tidak bisa di gunakan apk nya payah IT tolong di perbaikin,1,4,2023-12-12 10:03:56
0c2d1a8d-5403-4790-8836-53e37a4355e9,Pengguna Google,Errorga bisa dibuka setelah update,1,1,2023-12-11 11:12:37
fa175b1e-7078-4ce2-b324-58c44bb2eb72,Pengguna Google,"Aplikasi sering bermasalah, alasannya jaringan internet tidak stabil, akibat saya tidak bisa melaporkan kejadian, saat ini saya menggunakan jaringan internet Smartfren unlimited & saya coba untuk aplikasi YouTube & tiktok tidak ada masalah, namun utk aplikasi Jaki selalu bermasalah, info tambahan aplikasi Jaki sudah di update bulan September 2023.",1,0,2023-12-08 12:03:18
364c3d45-daa9-42d3-93b1-5bc1fda7a3d7,Pengguna Google,Enakan jaman pak Anies responnya bagus. Ganti pak Heru semua jd engga sinkron,5,0,2023-12-05 11:29:37
57ea73fb-7744-4989-8d88-813bbdac814b,Pengguna Google,Aplikasi Jaki ini apakah dikhususkan untuk warga DKI Jakarta saja atau apakah juga boleh digunakan oleh warga daerah lain terutama yang sedang berada atau berencana datang ke DKI Jakarta ? Mohon kiranya dijawab.!,4,0,2023-12-04 07:37:32
6d01a5dc-de85-414e-b8e1-2c7b6b9b7158,Pengguna Google,Jempol 7,5,0,2023-12-02 12:58:16
ebdfd9f3-adc0-46c7-ac7e-009bbfa5fc9e,Pengguna Google,"Tidak bisa buat laporan lagi sekarang, alasan jaringan, pada hal pakai wifi 40mbps dan jaringan normal, aneh dan nyata, apakah aplikasi ini tdk berfungsi mengingat sudah ganti gerbong",1,1,2023-12-02 06:35:21
1cb1fb20-484d-44b0-a06a-30dc38fc6f70,Pengguna Google,Laporan Skkl RT RW,4,0,2023-12-01 11:22:19
5d039ed1-608a-4f94-b225-65b8c95372b4,Pengguna Google,Maaf saya hapus...masa makin kesini makin ribet bikin laporan nya....payah,1,0,2023-11-28 19:49:15
5a8b876d-f660-4563-8a1e-51b67d92f645,Pengguna Google,"pertama bikin laporan got sampah, dari minggu lalu setiap hari sllu tentang masalah koneksi padahal koneksi baik, coba d hp lain ternyata sama aja",3,0,2023-11-28 07:25:08
4c0d377b-4dd3-4456-b01c-6ca18beb288b,Pengguna Google,Sayang bgt sekarang app nya di take down. Jadi ga bisa buat laporan lagi. Semenjak gubernurnya di ganti sama pj jadi acak2an.,1,0,2023-11-24 11:30:41
57040a24-4f43-4dde-943e-045d06f07aae,Pengguna Google,Makin tingkatkan lagi kualitas aplikasinya semoga lapor lapor makin mudah ya Terima kasih,5,0,2023-11-23 18:08:27
8816a905-1e54-4a25-989c-bb4c68df5f9c,Pengguna Google,"TLnya palsu, cuma foto buat acting",1,0,2023-11-23 06:25:03
f1128fae-cdc5-446c-92f9-6d491589d332,Pengguna Google,"App sampah, jaringan dibilang gak ada pdhl internet lancar!!!",1,1,2023-11-17 08:48:09
a643d342-c51f-4f5d-9bd0-6402959dc471,Pengguna Google,"Katanya sampe jam 10, padahal saya nunggu dari jam 9 malah tutup semua pintu jaklingko nya, banyak juga yang ngelewatin saya doang, parah banget",1,0,2023-11-16 21:45:56
c1d0180c-f9f7-4229-9067-2bce8a77d555,Pengguna Google,"Kenapa gak bisa buat laporan sekarang? Jaringan stabil, app versi terbaru... Sudah gak berfungsi ya.? Setelah pejabat yang mengusulkan app ini sudah tidak menjabat. Kirim email untuk kronologi masalah. Masyarakat tidak akan percaya....",1,13,2023-11-15 15:16:11
6633cab3-386f-4c8f-94a1-81c00ea52b84,Pengguna Google,"Sejak update malah jadi error, gabisa upload laporan, alasan jaringan bermasalah, padahal jaringan baik"" aja, sampah!!",1,12,2023-11-14 08:27:49
bd4e51b4-42d9-4921-9726-cb9f7d57c8bf,Pengguna Google,"Aplikasi pemprov DKI jakarta, super App pemprov DKI jakarta memudahkan seluruh warga Jakarta dalam menerima dan melaporkan pelayanan yg ada di Jakarta, bravo terus Jakarta dgn berbagai perubahan yg positif",5,0,2023-11-13 13:13:51
7086599a-85cc-414a-b74f-bd6d293332ca,Pengguna Google,Klo blh cctv terminal pulogebang klo dimasukan juga di aplikasi jaki Jakarta kini,5,0,2023-11-13 11:20:35
bd29ab85-0342-4c05-8e61-07e5a3995590,Pengguna Google,Aplikasi ini sangat membantu,5,0,2023-11-12 12:14:04
a751c641-c97f-4944-954e-28acb11291c1,Pengguna Google,Jaki kalo lapor biasanya ditangani berapa lama prosesnya? Semoga jaki bisa bertindak cepat tanggap ya..,4,59,2023-11-08 21:01:33
5441538a-1fe0-4336-9bd7-3ac1040df22b,Pengguna Google,Penanganan bagus..awal pake kt pake cctv foto dan edit lokasi..skrng mau lapor gk bs krn hrs langsung foto gitu..lah kl misalkan gangguan jam 3 pagi masa ya kt foto in jam 3 pagi..kan aneh ya,2,7,2023-11-07 11:01:39
42d63e03-c5ea-436d-8ccd-f4138d87f14d,Pengguna Google,Good,5,0,2023-11-04 05:33:59
54544d1c-3a39-44e8-8a45-c65f417507e9,Pengguna Google,Kurang bagus,1,0,2023-10-31 10:52:40
8b6d196a-2ec7-4c10-968b-1cd6ec2fd59f,Pengguna Google,Sangat membantu,5,0,2023-10-30 17:34:29
9ce5af1e-0148-4f7a-9a44-5d4d01a5a3c2,Pengguna Google,Baii,5,0,2023-10-30 08:39:02
fe505a09-0099-4ee4-a871-6be26da27e0c,Pengguna Google,"Develop. System nya sampah, masa mau buat laporan , alasannya eror , masalah jaringan , padahal saat buka menu lain lancar ... Perbaikilah",1,12,2023-10-24 18:35:12
83245ee7-8530-41aa-bc4b-4afe94f5691b,Pengguna Google,nice,5,0,2023-10-24 11:38:09
98ca4cc1-fc8a-4c43-8952-3e367e77bc39,Pengguna Google,Ok,5,0,2023-10-23 18:25:15
c774e403-171c-4ae3-a321-7274466196e1,Pengguna Google,"Satu aplikasi yg cukup lengkap, dan sangat bermanfaat bagi kita sebagai warga DKI Jakarta",5,3,2023-10-17 15:52:41
edcd5d0a-8d44-45e4-9153-eb393a109f10,Pengguna Google,Semakin canggih semoga semua masalah bisa teratasi tanoa.menimbulkan masalah baru,5,1,2023-10-16 10:25:22
d18be012-8e60-4392-a00e-ace19c54bc0c,Pengguna Google,Oke,5,0,2023-10-11 06:23:46
21ae6eb6-45ca-4232-8464-bb2dd41f8a13,Pengguna Google,"Tanggal 4/10 : Saya pakai aplikasi ini bayar PBB. Memang ga kena denda. Tp pas bayar ke ATM, struk polos gada tulisan. Trus pas di aplikasi Masi belum lunas, dicoba lagi untuk bayar sudah tidak bisa. Coba bayar di aplikasi lain, ms ada tagihan. Bingung. Kemana harus melapor? Tanggal 5/10: Saya ke UPPD Kebon Jeruk, mengecek apakah pembayaran saya masuk ke sistem mereka? Ternyata setelah dicek, akhirnya pembayaran saya beneran sudah diterima dan lunas TANPA Denda keterlambatan. Thank You JAKI",5,14,2023-10-06 19:15:01
c21c7823-9f99-4aab-bd11-2085548c46bb,Pengguna Google,Sukses selalu,5,0,2023-10-05 11:20:49
5b0e6bef-79c0-42b7-b869-14fbc6a5cf1d,Pengguna Google,Aplikasi kok erro melulu jaringanya !!!,1,1,2023-10-05 11:17:21
cf45e2ee-6ad7-49a2-b72f-8738d01214ba,Pengguna Google,"Mau upload foto ga bisa, bolak balik aja",1,0,2023-10-04 09:25:48
65e6ddb1-abb8-43f4-a5cb-52dc7cabb00e,Pengguna Google,Sangat disarankan,5,0,2023-10-03 12:24:20
c0bbb10a-507c-42d2-b933-276cf1e6768b,Pengguna Google,"Respon cepat, tks JAKI",5,0,2023-10-03 09:42:48
3ea6cf22-4d38-42ae-906f-c47aba169c72,Pengguna Google,Aplikasi sangat membantu..namun perlu diperbaiki kembali untuk layanan pengaduan masyarakat. Terima kasih🙏🏼,5,5,2023-10-02 16:50:10
446122c3-54d9-4f98-94c6-8ed0877aca4c,Pengguna Google,Aplikasi Yg tidak berguna,1,0,2023-09-30 15:18:02
d1bea3c9-f99d-4511-b8bf-3cf544346c03,Pengguna Google,Terima kasih.,5,0,2023-09-30 10:31:50
3c84a82e-ae37-4f12-a5a0-6d63bf1dbe3c,Pengguna Google,Kembangkan terus terutama adanya fitur chat online,5,0,2023-09-29 15:17:48
a3daea6a-58d2-45b5-bf33-17bafab08ba3,Pengguna Google,Kenapa sekarang aplikasinya jadi trouble terus ya? Benerin lagi dong,3,0,2023-09-27 08:34:49
207aa2e8-a8a1-425e-8063-8af9f6194bb7,Pengguna Google,"Saya bikin laporan tertulis koneksi saya bermasalah padahal enggak sama sekali, apa aplikasinya yang eror",1,5,2023-09-26 17:13:12
385d8566-321a-4caa-a337-7a65ed1b5fbd,Pengguna Google,Terimakasih,5,0,2023-09-20 10:40:55
d7bbfced-1c9b-430f-bcd2-1faca2bf02ae,Pengguna Google,"Aplikasi ini Sangat membantu warga DKI , warga dapat berkontribusi dalam menjaga kota jakarta menjadi lebih baik.",5,0,2023-09-19 11:15:34
ea2b015f-9024-4184-8763-93b7f82e4a4a,Pengguna Google,Ribet mau berkunjung aja sulit banget ... Jauh banget sama RPTRA dan taman Jokowi ...,1,0,2023-09-17 19:14:16
bd2b225d-4a3f-4206-a2ee-00c0c3a36095,Pengguna Google,Aplikasi bagus dan membantu... Cm proses penindakan saya gak suka.. Masa saya malah dibilang membuat laporan palsu. Ud jelas2 bukti dan foto ada. Keputusan sepihak tanpa konfirmasi kepihak pelapor.,2,3,2023-09-17 01:35:23
b4cf0549-b26f-4323-aaec-6ec6ccc4f225,Pengguna Google,Aplikasi hebat',5,0,2023-09-15 22:53:26
610c24a9-26b3-4d46-bd60-c44742706041,Pengguna Google,Sangat puas,5,0,2023-09-15 07:45:06
0357cd4a-12f2-4e60-b594-907ed5f0aaad,Pengguna Google,"Aplikasi luar biasa ,untuk tindak lanjut permasalahan",5,0,2023-09-14 23:46:19
62ef49f6-eec6-4213-b4be-0119b884c7dc,Pengguna Google,"aplikasi masih prematur, sekelas pemerintahan masih banyak bug dan User Interface (UI) nya Kurang canggih, ribet makan waktu, kalau selesai klik dan lihat lapora laporan warga kenapa harus dari atas lagi, tidak bisa dilnjut setelah di kembalikan kemenu sebelumnya,,, bener2 harus ditingkatkan kembali yaa IT nya... untuk FASUM tolong jangan bikin asalkan lah,,, ☺️ rakyat udah pada pinter teknologi, JD jangan buat asal asalan untuk aplikasi FASUMnya,,, Startup untuk aplikasi ini kan lumayan besar!",1,6,2023-09-14 02:55:23
0652c7f8-5091-4d71-b9d6-e28f753e4b2b,Pengguna Google,Ko aplikasiny JD ngaco stlh beda gubernur ya. Saya ud trdftar (ud trverifikasi) masa g BS dbuka hrus dftr LG gmn crtanya itu . Bagusan djaman Anis ini aplikasi skr ancur stlh Anis g mimpin lagi brntakan ini aplikasi apa sngja dbuat JD jelek ini apk. Jangan gtulah ini apk anak bangsa bkn pnya rezim,1,0,2023-09-13 22:46:28
95d09a00-c5e0-4dd7-9243-3a7918af2020,Pengguna Google,Ini kenapa aplikasi ga bisa2 dibuka yaa?,2,0,2023-09-12 19:56:00
f0a373ac-30cc-46fb-9485-1fda365cbdeb,Pengguna Google,Mantap,5,0,2023-09-10 20:05:32
def23e5c-a38b-48bf-8863-cb6e91cd22d0,Pengguna Google,Alhamdulillah,5,0,2023-09-08 17:06:09
54a13af9-306f-4cf4-b22c-d5fcb2486b6a,Pengguna Google,Harus foto dan sudah di izin kan untuk akse tp kok aplikasi menolak dan harus di izinkan . Sehat aplikasi ini yg makan apbd miliyaran,1,0,2023-09-08 14:33:15
96cc26ad-edbd-42aa-9239-7db6c5a36204,Pengguna Google,Mantapp,5,0,2023-09-08 10:22:20
499d1216-fe40-4fb6-b54c-04ede5e80af5,Pengguna Google,Mantap,5,0,2023-09-06 23:42:33
9cf8f5c4-a770-4bcc-a186-f36883166e1c,Pengguna Google,Ok,5,0,2023-09-06 14:29:06
b18d1be1-9bed-46fe-b2b1-0a9a82f3acd2,Pengguna Google,perkerjo. penbatu. dirumah,5,0,2023-09-05 16:50:50
f5082594-4a20-46bb-84ae-533cfdf578dc,Pengguna Google,Kurang merespon soal pengaduan warga Jakarta,1,1,2023-09-05 16:15:07
2fc13103-401f-43bb-b23c-8f668d4829ec,Pengguna Google,Good Aplication,5,0,2023-09-05 15:26:59
128fede7-e58c-4842-8d79-f41ada01cc27,Pengguna Google,Bagus infonya,5,0,2023-09-04 16:04:08
11556b79-3acd-4b91-9e9c-14796c2b1454,Pengguna Google,"After updating the Jaki application, it often has problems and cannot send reports, unlike the previous Jaki application which could send reports!!!",1,0,2023-09-03 21:43:50
13bba3a5-1d4b-4b2f-9b32-bca3fc09c8f2,Pengguna Google,"aplikasi kocak, oh ini ya aplikasi yang sistem pemerintah wkwkwk, padahal ga make komputer kok tampilannya dekstop, jadi tulisannya kecil ga keliatan kek semut, + vaksin booster sudah gaada kah? atau gimana ya? dari pemerintah si disuruh vaksin booster tapi cakupan wilayah vaksinnya kurang nih, apa udh ga make booster lagi? atau data dari apk jaki ini kurang valid? Note 1. perbaiki sistem apk nya 2.muter mulu jaringan padahal stabil 3.tampilan aplikasi bikin pusing",1,17,2023-09-01 23:28:00
44ac8200-ac47-4ab4-978f-1ff279ada742,Pengguna Google,Bagus,4,0,2023-09-01 14:04:22
35f1312d-9a2d-4538-9dcf-13af403593d7,Pengguna Google,"Sangat membantu, gercep serta tuntas... Bravo.......",5,0,2023-09-01 00:32:37
5a0b2127-4c89-46f3-a239-1c67d1f6653c,Pengguna Google,Good,5,0,2023-08-31 23:35:35
cfd7180f-0a98-41e7-aa56-d2b12ebd728d,Pengguna Google,Alamat d mana? Kalau d JAK TIM.,4,0,2023-08-31 13:07:23
f3d9ae05-95fc-492d-8c80-f8133236f341,Pengguna Google,ok,5,0,2023-08-31 12:29:38
b44a7e8d-6c89-45e1-a80a-81b546e9f82f,Pengguna Google,Ok,5,0,2023-08-31 10:25:23
8bbe66f9-cc6d-4dbc-94be-316c6161ff7e,Pengguna Google,Ok,5,0,2023-08-31 02:17:39
a921eb64-decd-421f-ae23-e4e10b79a0dc,Pengguna Google,gak jelas,1,0,2023-08-30 19:26:31
2e651ea4-7374-4cab-996a-a34705d63222,Pengguna Google,Kacau nggak bisa di buka,1,0,2023-08-30 17:13:09
4a500461-64bc-4e29-929e-4efd3a933ec6,Pengguna Google,Good,5,0,2023-08-30 16:51:34
20339bae-9352-4e49-b9ca-a51a57bc196a,Pengguna Google,"Katanya uji emisi gratis,kok lewat aplikasi ini malah bayar,cuan dong mana 40rb lagi buat motor mobil 100rb Wkwk",1,2,2023-08-30 16:41:51
154c68e3-f9fc-4a2d-acad-0fe4c460fc2b,Pengguna Google,"Mau cek PKB GK bisa ktanya GK plat Jakarta,sue dah nyesel gua download hbs2 in kuota",1,0,2023-08-30 16:40:17
65f34003-def3-4d13-881c-ef3c2cb8d7f2,Pengguna Google,Lokasi uji emisi..,5,0,2023-08-30 16:13:17
b9ba93c4-55bf-4390-a18d-635ee95b4c20,Pengguna Google,Good,5,0,2023-08-30 16:06:22
3040fff3-0aa9-4dae-9f35-74edc2ef2696,Pengguna Google,"Perubahan aplikasi, sedikit membingungkan",5,0,2023-08-30 07:29:10
3546109f-dcd2-4f57-a0a9-60306b74a50a,Pengguna Google,Ngek,5,0,2023-08-25 13:32:26
f6ebc7aa-45d1-49f0-a3b5-f6bcd9bc04d9,Pengguna Google,Klo blh di tambah kyk di masukan cctv,5,0,2023-08-22 00:34:15
5af08d28-f2eb-4e57-9e13-f0613e05250d,Pengguna Google,Terimakasih sangat membantu,5,0,2023-08-21 22:59:41
9d5504fd-b426-4c14-b792-cc26ca57be6c,Pengguna Google,Email verifikasi ga dikirim2. Ud coba lebih dr 5x tetep ga bs,1,2,2023-08-20 15:47:36
db7c5f07-f025-40e7-909a-4e3f4f41b916,Pengguna Google,Koordinasi terlalu lama. Seharusnya langsung masuk ke bagian terkait tidak harus melalui kelurahan setempat.,1,2,2023-08-20 09:04:22
913dc826-41e9-4aae-a823-da393fa9140e,Pengguna Google,Tindakan laporan selalu lama proses nyaa,1,0,2023-08-18 00:15:34
f598dfe4-6a22-4087-887f-70ef5859a163,Pengguna Google,"Jaklapornya si bagus cepat tanggap, tapi si pelapor jadi buat bahan bullying karena terdeteksi dari alamat, saran kalo bisa kasih kolom khusus alamat lengkap yg ga bisa masuk ke google maps.. Makasih",2,0,2023-08-16 21:53:04
afe5538d-66f7-4806-a5d6-314d6b5f0e88,Pengguna Google,Very Good...👍👍,5,0,2023-08-15 02:36:21
db6df007-b63f-4af8-acca-8d3612adccd5,Pengguna Google,Ga bs verifikasi....mau foto ktp kamera ga bs...selalu mnta di izinkan...padahal sudah di izin kan....masih blm beres aplikasin,1,9,2023-08-11 17:35:17
82475aea-76a9-4dae-8782-ae508e89ae02,Pengguna Google,"Parah bgt! Laporan gw blom dikerjain udah dianggap selesai, kecewa. Wkwk kocak 🤣",1,0,2023-08-10 07:14:45
410c3f88-3c02-44e6-a51e-f03965a895ae,Pengguna Google,Aku pake ini ke tebet eco park lancar cuman gitu kadang nge lag,4,0,2023-08-09 17:56:33
0ea33c97-d2bc-41e2-a034-adcd9abda766,Pengguna Google,"Jakarta pusat.kartini sawah besar 9 agustus 2023. Bagus sekali jika melapor suatu kejadian,cepat di respon dan di TL🙏 says sudah 4x bikin laporan disini. IZIN BERTANYA..APAKAH BISA MELAPORAKAN KENAKALAN REMAJA CEWEK UMUR 23 DI TKP RUMAH NYA SENDIRI KARNA KURANG PENGAWASAN ORTU.ANAK NYA ANAK KANDUNG SAYA SENDIRI. TAPI SAYA TIDAK TINGGAL SERUMAH. YG SUKA MEMBAWA LAKI2 KERUMAH DAN DICURIGAI NARKOBA DI RUMAHNYA. KARENA SAYA TIDAK ADA SODARA FAMILY SEBAGAI TEMPAT MENGADU🙏",5,0,2023-08-09 02:45:42
37b5769e-898b-45ae-8dc4-2ddf55a1f35e,Pengguna Google,Bagus aplikasinya 👍,5,0,2023-08-08 19:36:20
3c316153-c6f0-47a0-86d8-19f34cd4d6dd,Pengguna Google,MASIH ENAKAN QLUE JAMAN DULU. BAPUK BANGET NIH APPS SERTA QUALITAS PELAYANANNYA JAUH BANGET DENGAN QLUE DULU.,1,1,2023-08-08 07:15:22
9059ea26-a6a5-4659-871e-06208c32bcc8,Pengguna Google,"Parah,aktivasi akun via email. Kode verivikasi masuk stlh 3hr aktivasi,pdhl kn wktu ny cm 24 jam,kl lwt dr itu exp. Percuma muncul notif kn,auto exp,krn sdh lbh dr 24jam",1,0,2023-08-07 10:12:45
d053c74c-c757-4f59-b0ed-cd599cece2ec,Pengguna Google,Nik ga bisa terverifikasi... setiap mo upload foto ktp ga bisa terbuka kolom fotonya...aneh!!,2,5,2023-08-05 14:05:13
017c0631-b89c-450d-a97a-142e9008ac7e,Pengguna Google,Mau daftar aja susah banget... kayak sengaja males ada laporan2 dari warga,1,0,2023-08-03 10:21:44
8cf44ff3-bd5e-4aba-b1c2-bb55c6f9d552,Pengguna Google,"ngirim verif ke email aja lama, malah gabisa hadehhh",1,0,2023-08-02 15:31:15
458ed135-cbb8-48cb-9160-9c808aca8e01,Pengguna Google,Great,5,0,2023-07-31 18:32:00
e732ec76-2ec7-4de7-bc8f-54de1af1bbc5,Pengguna Google,"Tidak memuaskan,laporan saya tidak diterima",1,0,2023-07-31 11:20:47
cee20d83-c6c6-45b2-8714-cdd65aa473b9,Pengguna Google,Mo upload ga pernah bisa... Padahal udh veritifiaksi. Ngarep banget ini bisa...,1,3,2023-07-30 12:35:46
d75262ee-3289-4cf4-9ba0-374c10ab3344,Pengguna Google,Ada jaki .kita makin berkolaborasi👍👍👍👍,5,0,2023-07-28 10:00:03
d73b6f0b-d4e6-4f7a-9cc0-ba61a4e0a0da,Pengguna Google,Aplikasi suka error ga bisa kirim laporan!!,1,28,2023-07-28 09:04:50
a2d108d6-79d0-4837-8141-439fbd3efb8b,Pengguna Google,ini aplikasi khusus warga Jakarta doang,1,3,2023-07-16 06:06:19
6930183e-010f-42f7-a548-34977cc2a6ca,Pengguna Google,Saya tidak bisa mendownload pbb rumah ? Kenapa yaaaa,5,6,2023-07-15 20:23:34
3f153246-8cd8-4b88-af02-6cf50d3a3b1d,Pengguna Google,Jakarta tetap jaya,5,0,2023-07-14 14:33:58
2761d005-bd24-43b4-8333-8e9425b5cdab,Pengguna Google,server nya lemot . tolong d perbaiki,3,0,2023-07-14 06:03:22
a11b42ce-95b5-45b6-acc7-52dc68319a01,Pengguna Google,Oke banget,5,0,2023-07-12 19:48:11
2f0b986d-9915-49ef-a6bd-6c9e4ee5e9e9,Pengguna Google,Oke,5,0,2023-07-06 22:15:46
95ba6bb6-ad39-4fcb-9634-9645e8842dd6,Pengguna Google,"Pengalaman ttg pengaduan saya kemarin, apl ini sangat"" membantu..bravo jaki",5,3,2023-07-06 14:22:56
6022260d-ebcf-4cb7-81d5-1bdae28a156b,Pengguna Google,"Aplikasi nya bagus, tapi untuk laporan warga tolong setelah liat laporan jangan ulang lagi dari atas",5,2,2023-07-04 23:12:59
dd2930a3-2d87-4766-a072-169f42ab345b,Pengguna Google,Udah daftar email dan verifikasi akun dari imbox. Pas mau login katanya engga terdaftar emailnya. Pas coba reset password udah dikirim lewat inbox eh pas login katanya email engga terdaftar aneh. Ini aplikasi gimana sih lucu mau ketawa,1,22,2023-07-03 10:40:45
c2380332-2a98-41e5-8d6b-55220c13c261,Pengguna Google,Oke,4,0,2023-06-30 20:13:01
e74474c5-e895-4335-9d88-1a2534a3efd8,Pengguna Google,Mantap terus tingkatkan layanan,5,0,2023-06-29 00:39:34
24690d69-c4b6-40fd-824b-c015ac3c2150,Pengguna Google,Good.,5,0,2023-06-28 09:45:39
97e0bfad-ee48-4329-a04b-5568df461d3a,Pengguna Google,Baru coba.. Tpi mw daftar ga bisa2.. Mungkin server sibuk,3,0,2023-06-25 00:42:23
cdb2cfe6-3f55-493c-b4f4-4ecc643ef132,Pengguna Google,Mohon tambahkan fitur pembayaran pajak motor/ mobil donk..biar makin mudah,5,17,2023-06-24 00:29:05
f5b22c0f-ca27-454c-9d35-8ce60da01669,Pengguna Google,Good...👍👍👍,5,0,2023-06-23 06:49:53
47f61aed-ee42-49ff-9fc0-e795ec86aadd,Pengguna Google,Bagus,5,0,2023-06-21 12:12:07
0c56a02b-34f6-4e6f-af7c-366931bcaa1f,Pengguna Google,Ingin donlod jaki,5,0,2023-06-16 18:18:02
fb4863eb-b9e9-4369-ad8f-74500f7835d8,Pengguna Google,Aplikasi nggak guna. Nanti kalo udah berguna tak tambahin bintang. Soalnya apa2 di klik minta maaf Mulu.,1,3,2023-06-16 03:02:54
576e079c-52e0-4033-b181-43cfdacc4562,Pengguna Google,"RIBETTT TIAP MAU MASUK MESTI MASUK EMAIL TRS ,PDHL UDH CUKUP SEKLI AJA , BUAT NGSH SURVAI KELURAHAN RIBETT BNGT",1,1,2023-06-14 20:06:46
2bff64f8-031d-4708-b32b-2e77b0b6ea10,Pengguna Google,Megi,5,0,2023-06-10 16:31:09
e78183d4-0b5d-47d9-9836-c42497a5e31a,Pengguna Google,Sangat baik,5,0,2023-06-08 14:41:58
106bb190-bf88-4cf2-99c7-2d094b54ea96,Pengguna Google,aplikasi JAKI - Jakarta kini berat sangat buka apk nya padahal pake wifi,2,0,2023-06-07 13:08:14
8282fbab-d568-4661-9bab-6a8456c5cede,Pengguna Google,kece apk buatan pak anies,5,3,2023-06-07 07:38:57
71f26753-4f3c-4f6e-af43-bcc1479323d6,Pengguna Google,Sangat membantu,5,0,2023-06-04 14:31:55
73ed0b47-2f3b-4db9-a8c4-6fd5f166415e,Pengguna Google,Good application,5,0,2023-06-04 06:06:13
37478936-6703-4f9b-97b1-3e734dac33d4,Pengguna Google,Oke,5,0,2023-06-03 12:58:48
893b55e9-98e2-4e89-88b5-45ad19aabe2f,Pengguna Google,"Mau ngurus dokumen susahnya minta ampun . Malah diperintahkan download aplikasi ini-itu dulu . Giliran udah di download ujung2nya gak bisa juga . Terus gunanya buat apa aplikasi ini? Mempermudah juga enggak , yg ada makin susah.",1,11,2023-06-03 11:44:31
5fccdc75-72b8-4b4a-809a-272035c1b113,Pengguna Google,"Mau kasih saran aja, Khusus untuk wilayah Jakarta utara... Bisa gak pemerintah memberikan akses jalan.... Jangan mau di tutup aja,tapi gak memberikan alternatif... Seharusnya cari dulu jalan alternatif,baru anda tutup.. Rakyat udah susah jangan di tambahin kesusahannya.. Contoh di wilayah Ancol... Di sana sedang ada pembanguan jalur MRT.. jalan di tutup setengah tanpa ada solusi terbaik untuk jalan.. Itu Jakarta pak ,yang notabennya kendaraanya lebih banyak.. Tolong Carikan solusi ,JANGAN TIDUR",1,1,2023-06-01 15:04:35
6f61e87b-22fb-49ce-9dee-faebaa201b77,Pengguna Google,Semoga selalu bermanfaat untuk hal yg positif,5,0,2023-05-31 11:21:08
1a7e5dd7-ee9c-489b-8efa-e9192771dada,Pengguna Google,"Pembuatan laporan terkait pohon yg sudah lebat tidak ada penanganan dari dinas terkait sudah hampir 1 bulan, percuma donk buat aplikasi beginian. Disposisi mulu aplikasinya. Tp tdk ada penanganan",2,1,2023-05-30 12:06:37
ca3ffd47-31b6-439c-ac80-18c612184ff0,Pengguna Google,Ga bisa diakses,1,1,2023-05-28 20:50:54
e4a3ab34-e34d-4284-874c-efffbe9800d8,Pengguna Google,"Sementara ini saya puas atas kinerja seluruh pihak di belakang aplikasi Jaki, laporan cepat di tindak lanjuti dan cepat juga sampai ke pihak yang bersangkutan, semoga kedepanya Jaki akan terus responsif terhadap laporan dari masyarakat...sehingga semakin banyak masyarakat yang percaya bahwa pemerintah masih perduli dengan aspirasi masyarakat terkait pelayanan masyarakat, terimakasih",5,1,2023-05-26 12:54:53
fa6b2409-b2a6-4f63-87e2-f0d9a7471b78,Pengguna Google,Kok keterangan pajak motor nya bisa berubah yaa?? Kemaren sy cek di jaki pajak motor saya sudah terblokir dan tadi saya cek lagi plat motor nya kok belum terblokir yaa??,4,0,2023-05-24 19:56:40
15562624-35f8-4aff-830d-9f322e26853e,Pengguna Google,"cba tolong buat pihak terkait saya urus KTP yg hilang di keluran Tegal alur ,kok kaya di persulit,di janjiin 2 mggu suruh datang,saya datang pgi2,,di suruh nunggu udh nunggu lama malah kata ny tr bis jam istrhat siang,saya datang LG malah di suruh bsok LG,,kok bsa di persulit si ,makin ke sini npa makin bobrok ajh birokrasi kita,apa harus pake suap y biar urusan lancar cba tolong pihak terkait utk selidiki di keluraha Tegal alur ,,kami warga jakarta kata ny harus punya identitas npa ngurus rib",5,0,2023-05-22 23:20:25
dd4dd8a5-e505-4b9c-8850-06c50474b161,Pengguna Google,APAAN LEMOT BANGETTT 4 JAM NUNGGU BISA KE PAKE HDHHH PERBAIKI DEH,2,0,2023-05-20 15:00:03
1765eec1-6d48-4c73-8c84-8fb7421df050,Pengguna Google,Kenapa saya lapor tapi tidak bisa klik simpan ya,4,0,2023-05-17 12:48:04
73168827-67b7-463a-b93e-3a43195180e7,Pengguna Google,"Bikin ktp pindahan baru 2bulan blm diproses , lapor jaki cepet respon ,lapor skrng besok jadi tuh fisik ktp nya .klo lapor jaki mengenai dtks bagaimana bisa tdk ya ?",5,0,2023-05-15 23:38:12
b63ba66b-ec68-4cea-97c0-e3734e7eee71,Pengguna Google,Taman yg indah,5,0,2023-05-15 10:22:06
c987ca71-4b14-4b6c-9954-53b4eb5a6a03,Pengguna Google,Foto lokasi sudah update sesuai gps tp gak bs upload foto,1,3,2023-05-13 10:21:51
943cf757-0846-4a7e-b881-6e09a4962b3f,Pengguna Google,"Gangguan server , mau lapor jadi gagal. Payah",1,2,2023-05-11 11:16:05
ebf556ed-9cf1-4260-ad5a-a9eca2481940,Pengguna Google,Tidak bisa di gunakan,1,1,2023-05-09 20:33:44
de65bca1-5139-4135-ab55-2f75c794cd85,Pengguna Google,Aplikasi bagus sangat membantu.,5,3,2023-05-04 08:52:56
395a83a7-53cc-4973-b69d-c3d70441e3f5,Pengguna Google,Mon mau daftar vaksin lagi maintence?,4,0,2023-05-03 15:40:24
c19fec7a-3379-43bb-a691-0a804143af66,Pengguna Google,Oklah,5,0,2023-05-03 11:02:34
273300ac-1efc-479b-9713-d7d27a3cc235,Pengguna Google,"Halo admin, kenapa sampai sekarang fitur pendaftaran vaksin covid-19 belum bisa ya? apakah ada solusinya?",4,0,2023-05-03 09:38:48
5ad77d3a-4ed7-421d-9363-e74edbdb1423,Pengguna Google,"Saya ingin daftar vaksin booster, tapi sejak awal puasa saya coba klik menu daftar vaksin slalu muncul tulisan ""Maaf, fitur sedang tidak bisa digunakan, pembaruan sistem dr kmentrian ksehatan."" Lalu gimana saya bisa vaksin,, mohon bantuannya. Terimakasih",3,7,2023-05-02 19:07:39
ae0d102c-46af-4e69-9ed8-a976866977a4,Pengguna Google,"Dulu laporan selalu di TL, tapi kenapa skrg di reject ? Apa krn sudah ganti gubernur ? Apa setiap pergantian pimpinan akan selalu beda ? Dulu jaman AHOK aplikasinya Qlue Dijaman ANIES aplikasinya Jaki Kedua duanya bagus dan cepat di TL Tapi kenapa sekrg Qlue kurang tanggap Dan Jaki selalu reject... Tolong diperbaiki donk sistemnya🙏",5,7,2023-05-01 20:42:24
44ccf6aa-a8e5-4b26-8463-ebfd0547e011,Pengguna Google,Op GDe r c R,2,0,2023-05-01 12:34:03
f9485013-2d61-4179-a606-9f1be6cb611d,Pengguna Google,Aplikasi sangat membantu rakyat Indonesia,5,3,2023-05-01 07:37:20
d741bf8c-7477-4d7c-9b1d-52aa22178fbb,Pengguna Google,WA sudah kedaluarsa.,5,0,2023-05-01 04:25:20
8d60d678-1f0b-466d-a2e4-129fe44f2a9e,Pengguna Google,Aplikasinya cukup membantu warga jakarta tp memang perlu perbaikkan2 dari tim IT Jaki....sukses,5,3,2023-04-30 12:31:37
de8156e1-a28b-467f-958b-ced17b77a01a,Pengguna Google,Mantab,4,0,2023-04-30 07:42:42
577e6c81-91aa-4473-88c7-66347d085a24,Pengguna Google,"Tolong sy hari ini harus melaporkan sesuatu yg penting, namun berulang kali permohonan yg sy ajukan direject, untuk sementara harus report melalui apa? Ditunggu penanggulangan nya.",4,0,2023-04-29 18:14:16
9759a1e7-49b5-403e-ae15-23c48fdbaba2,Pengguna Google,"Hello jaki saya buat laporan mengenai masalah di perusahaan saya , tapi status sudah dinyatakan selesai faktanya belum ada sama sekali tindakan dari petugas untuk penyelesaian masalah saya .",1,1,2023-04-29 11:10:42
fe508726-fcdb-45e6-8c2b-a0a6887d1e54,Pengguna Google,"Gara2 progam Saluran air IPAL di lingkungan warga,,Saluran pembungan air mandi malah jadi mampet trus n banjir d kamar mandi,krn progam ipal nya ,,saluran air mandi d hubungkan ke IPAl malah jadi mampet n bikin banjir kamar mandi,, Solusi n reaksi nya lambat banget d tangani nya",1,1,2023-04-25 15:08:14
a29a4548-84ec-473e-8057-83a5c8737c8b,Pengguna Google,Fasitasnya kurang aman byk copet byk hipnotis ga nyaman jd nya,1,1,2023-04-23 22:40:32
42038379-8220-4781-8286-fa980d493535,Pengguna Google,ok,5,0,2023-04-23 08:20:44
e6bcdad0-808d-4685-8e2c-92a3bbed4dc7,Pengguna Google,Membantu sekali,5,0,2023-04-20 08:22:20
bebc74c6-c978-4b4a-b500-6daeb49fad63,Pengguna Google,Hallo admin untuk vaksin di aplikasi jaki kapan bisa di gunakan kembali ya?,5,0,2023-04-13 18:44:49
39d50cbd-e3a3-4c81-8dfe-7141a18298b9,Pengguna Google,lemot gak bisa unduh pbb,1,1,2023-04-13 13:07:15
23321e8d-079d-4d46-8f9e-a1e4975fabd3,Pengguna Google,"mau daftar vaksin booster malah tidak,karena sudah dtg ke puskesmas cengkareng info dari petugas harus menunggu tiket terbit,kenapa jadi ribet begini yah utk vaksin knp harus pakai tiket booster? ada yg menyediakan non tiket tidak utk vaksin booster 1?",3,0,2023-04-13 10:07:42
3478966f-c86b-4e69-a6c1-9467c0e33db3,Pengguna Google,Good,5,0,2023-04-13 08:49:49
f326b8bb-3069-4bbd-94de-555012728c7a,Pengguna Google,Mohon lebih di tingkatkan,5,0,2023-04-12 15:27:49
9d20cda9-b995-4ed4-927c-481f589b0e8d,Pengguna Google,Sangat bagus,5,0,2023-04-12 07:35:43
d332d540-62d4-49f2-957d-af485b40730e,Pengguna Google,Gimana si nih aplikasi saya mau daftar vaksin lewat jaki jdi gak bisa tolong dong di benerin nyusahin pengguna aja gimana bisa tau tempat lokasi vaksin kalo aplikasinya aja gk bener kaya gini lewat website rata-rata udh tutup semua bad banget si sekarang jaki,1,3,2023-04-07 19:25:05
5f44588d-b475-43b5-8873-c2d7222ec67e,Pengguna Google,"Kenapa tidak bisa membuka survei , dan survei selalu tidak ada ? Udah chat via email resmi jg blm ada tanggapan",2,0,2023-04-06 09:46:13
71b55615-50aa-4999-8fc3-3c3af3f35a23,Pengguna Google,Berfaedah atau bermanfaat,5,0,2023-04-05 22:34:13
e87e6d07-242f-4d68-a7e0-1127b9283c86,Pengguna Google,Kenapa saya gak bisa login,1,1,2023-04-05 16:01:58
e7115a74-224b-41c7-9336-811170e14279,Pengguna Google,Tanggapan nya cepat gx y,5,3,2023-04-05 10:54:03
036be5f9-6e40-424d-946c-8a6bec154435,Pengguna Google,Okok,5,0,2023-04-05 10:23:43
c2352986-cb7c-4631-8ee4-082882db04a2,Pengguna Google,Untuk saat ini apakah pendaftaran vaksin masih blm bisa?,3,0,2023-04-04 22:57:53
b4cd09d0-b84b-4856-8d33-572f7941aeb0,Pengguna Google,"Tolong dong gimana caranya daftar vaksin selain di jaki, biasanya di jaki sekarang ga bisa, rekomen buat vaksin 3 daftarnya dimana, soalnya butuh banget😔",4,5,2023-04-04 18:54:19
4e420b89-6c01-4618-992e-9578db4d07dd,Pengguna Google,"halo, bagaimana caranya bisa download sppt pbb. keterangannya sockettimeot terus.",2,0,2023-04-03 10:32:33
fcb50716-db15-49ae-8be4-95f76931bdd0,Pengguna Google,Akurasi dan penanganan sesuai dengan real-time based,5,2,2023-04-02 22:31:41
08265f87-7713-420a-864f-0db995b2aff8,Pengguna Google,Bagus jaki,5,0,2023-04-02 15:19:31
3f2f2f00-c59e-4e5f-b43d-580ee5d1187e,Pengguna Google,"tidak bisa ke menu jaki vaksin, ini kenapa sih sudah seminggu lebih gabiza di akses menu vaksinnya 🥲 tolong dong diperbaiki.",3,4,2023-03-29 10:08:36
6d0e2dc6-43ac-430b-9306-19ec51ef6a3f,Pengguna Google,"Terima kasih kepada pemrov DKI yang telah menyediakan aplikasi ini, aplikasi sangat membantu dari info vaksin, booking pelayanan kesehatan sampai menyampaikan permasalahan yang di hadapi oleh warga DKI Jakarta Sangat bermanfaat",5,0,2023-03-29 02:44:36
fe752965-d324-4e8c-b222-2e9579339fe2,Pengguna Google,Baru pakai,4,0,2023-03-28 18:21:42
38c791a9-2e3f-4b3d-b0cc-94ee20a4f1e1,Pengguna Google,sangat bagus untuk info hujan,5,0,2023-03-28 12:09:08
8dbd31f6-638b-475e-8fbe-f2e68651f8d0,Pengguna Google,Senang sekali hatiku,5,0,2023-03-27 10:38:53
2d4b0bc1-da5d-47cc-9cf6-8b44f34bd92d,Pengguna Google,Mau daftar vaksin malah maintance ga kelar2,1,1,2023-03-27 00:42:44
8eda2d06-5fa0-4ecf-af99-cbe6ac1f21ee,Pengguna Google,"Min sekarang jakwifi yang di kantor RW 7 sumur batu Kemayoran kalo mau konek harus tulis username dan password, mohon info username dan password nya?",3,0,2023-03-26 06:44:19
11e67eab-7b87-43c3-94e7-8fe2ddbb8687,Pengguna Google,Daftar vaksin 3 tidak bisa,1,1,2023-03-25 12:53:45
7511c835-5200-4313-8eaa-8e10876ed5fc,Pengguna Google,sangat bermanfaat dan free wifi nya cepat.,5,3,2023-03-22 22:51:33
373025bf-bfc0-4099-9025-677e8fb159e6,Pengguna Google,Mau tanya. Klo mau nyari plat no mobil bisa ga leter Jakarta. Tapi mobilnya ada d jawabarat soal nya mobilnya nabrak orang dan kabur,4,0,2023-03-18 13:59:00
c97c21ae-6df9-4f49-a057-b86ee2173cdc,Pengguna Google,Gak guna gk bisa dpake,1,1,2023-03-16 21:41:57
a97e60be-813c-42b9-ac3d-e5159c159aa2,Pengguna Google,Fitur pendaftaran vaksinasi kapan bisa dipakai lagi?,4,0,2023-03-16 20:59:56
d0db3147-6f7b-4ced-a6a5-55633730ea0c,Pengguna Google,"Alhamdullah semua laporan lewat aplikasi JAKI , selalu cepat di respon.. 👍",5,3,2023-03-15 17:45:49
ca21b279-6f52-44c7-8147-c915a025b30e,Pengguna Google,aplikasinya bagus buat laporan ini itu.. cuma saya mau kritik soal jak wifi.. ribet tidak bisa diakses alias ada paswordnya. dan katanya harus nanya ke petugas justru itu yang membuat ribet sebab misal kita datang ke taman ya untuk duduk santai sambil nemenin anak bermain kan enak kalo langsung bisa make wifi buat baca berita jadi irit kuota,5,16,2023-03-15 14:46:36
5329db18-7ad2-4f78-867d-481e1beb7b81,Pengguna Google,"Keren laporan besoknya langsung diatasi, kalo perlu buatin etle tapi masyarakat bisa akses",5,3,2023-03-15 07:15:03
e8de946b-bc10-4729-888c-dbb027d97c0c,Pengguna Google,Aplikasi Monyet Tidak bisa Daftar vaksin premier,1,1,2023-03-14 11:59:57
4f0c8dad-e8e9-497d-9563-74be556a870e,Pengguna Google,"Hello JAKI, saya laporkan, aplikasi Jakarta Amannya aplikasinya Error ya? Tolong di bantu ya, Jangan Error. saya Pesonanewsensiclopedia. karena sudah coba beda akun email tetap tidak bisa di gunakan. 10 Maret 2023. sudah lama loh itu. kenapa error terus ya",1,6,2023-03-10 18:04:35
8e26e66c-de08-41b5-8e5c-eff99a468df6,Pengguna Google,Good,5,0,2023-03-10 07:29:27
de1191ea-74b7-453c-b4b2-717f498ce279,Pengguna Google,"System perbaikan terus, mau daftar vaksin tidak bisa",1,3,2023-03-09 23:27:27
7b879f17-065d-456a-8ed2-a49ec05d3479,Pengguna Google,"Sy beri 4 bintang biar makin semangat IT JAKI. Lha mau gunakan JAKI daftar vaksinasi booster ke-2 muncul jawaban ""Maaf, saat ini fitur tidak bisa digunakan"". Terus bgm cara sy daftar vaksinasi? gak ada opsi daftar 'on the spot' di lokasi vaksinasi.",4,2,2023-03-08 13:40:09
68854b49-67d1-4b92-bd75-de3d435b2a24,Pengguna Google,Aplikasi apa coba di gunakan tidk bisa sedang di perbaiki kok ampe sethun Klo ga niat bikin app gausah bikin nyusahin,1,7,2023-03-05 19:04:32
2ddeeb26-bea0-4706-9cd2-7931f2b696e1,Pengguna Google,"Daftar vaksin nya malah ga bisa .. Ke puskesmas pun ga mau on the spot.. Agh kacau nyusahin masyarakat mau vaksin aja ..-_- Katanya gratis , iya sih gratis tapi pake syarat"" ginian mah mempersulit",1,1,2023-03-05 18:09:27
43e44e43-8cdb-4d42-8211-f0dff13a1d72,Pengguna Google,Mau daftar vaksin gimana yah? Kok tulisan nya tidak bisa digunakan terus. Apakah aplikasi nya masih up-to-date? Atau sudah tidak?,1,1,2023-03-05 09:40:54
f4ea9b68-24d3-488f-a68a-0ad870294c58,Pengguna Google,banyak sistem yg masih eror,3,0,2023-03-03 07:45:05
11fdf0d0-bad1-4833-bd5d-743fc2ee16a7,Pengguna Google,Ini aplikasi apaan si minta2 verifikasi ktp muka . Makin kesini makin heran aplikasi minta2 indentitas.,1,1,2023-03-02 17:13:56
162eb5b2-a27b-4975-a67f-71cbe3833017,Pengguna Google,Selamat Pagi Bapak /ibu Yth Saya mau menyampaikan kenapa saya mau mengecek Lokasi Vaksinasi Ke 4 tidak bisa mohon Segera Di Perbaiki pak Salam Sehat,2,0,2023-03-02 12:13:19
e7170612-e7f0-473c-bd21-ea6837b03f0d,Pengguna Google,Jakarte Punye Maenan Okeh Punye Ajib Bre...,3,0,2023-03-01 20:07:49
5476c89e-3891-4b25-b80b-5ab36295c52b,Pengguna Google,"Enak nya pake aplikasi jaki klo kita mau lapor tinggal foto langsung di respon cepat , dan yg paling enak lagi banyak fitur yg lain nya",5,12,2023-02-28 15:51:23
ba400aab-0dca-4e9f-bc65-dfb760b391b3,Pengguna Google,Aplikasi punya si anus alias yohanus tindak lanjut abal abal,1,1,2023-02-26 10:41:53
792e543a-4bec-4c06-9f82-afdee333b888,Pengguna Google,Super mantap sekali,5,0,2023-02-24 01:13:10
2bcce601-a19e-4113-8d3b-84c966ee8e0c,Pengguna Google,Oke sekali,5,0,2023-02-22 16:02:33
85b17f36-dbb9-49ea-88a0-0d6305e74cb0,Pengguna Google,Lemot ketika di pakai,1,1,2023-02-19 16:24:32
2cbb0d5b-01c5-47c3-bbca-4c68cf01dde4,Pengguna Google,"GOOD JOB JAKI!!! SEMOGA KEDEPANNYA MAKIN SUKSES DAN BERKAH!!,,, DALAM MEMBANTU WARGA JAKARTA DISIPLIN DAN NYAMAN MENJAGA LINGKUNGAN HIDUP JAKARTA LEBIH BAIK LAGI DAN MAJU!! SERTA APLIKASI PEMBERITAHUAN TRANSPORTASI UMUM YANG BAIK!!!💖💞💖💞💖💞💖",5,0,2023-02-19 14:36:42
70fe4392-b999-4b79-9fa6-7175ae03f935,Pengguna Google,Minimal jangan sering eror. malu maluin aja.,1,1,2023-02-17 13:35:12
4e9d0dcb-6aea-41dc-88ba-af7210d0c747,Pengguna Google,Jam pelajaran gw kepotong aplikasi kebanyakan promosi,1,1,2023-02-16 07:42:16
dba1b530-97b8-4140-9da0-661cc29fc6a5,Pengguna Google,"Kinerja jaki sangat bagus dan juga cepat saya lapor hari ini hari itu juga dikerjakan, memudahkan permasalahan yg ada di jakarta dengan cepat dan mudah",5,3,2023-02-15 10:20:44
7879d51a-74a2-4030-8696-d79829263b58,Pengguna Google,Ok,5,0,2023-02-10 22:59:21
70b87f30-c102-4520-b0b9-bb0d1931929b,Pengguna Google,Oke,5,0,2023-02-10 19:05:22
23e86ddc-9a9a-4b85-8e5b-00bbdc1bcd1e,Pengguna Google,"Aplikasi paling ribet, mao bikin keterangan laporan aja harus mengarang rangkaian kalimat yang panjang. Kalo kalimat yang belum memenuhi syarat kriteria harus ±200 huruf, maka tidak bisa apply laporannya...",1,4,2023-02-07 23:01:32
af85525c-552a-4abe-8c99-f44d4cda2c76,Pengguna Google,ok,5,0,2023-02-03 02:34:03
ea2b8bcd-56c5-43ff-9aeb-5a851c383c21,Pengguna Google,"beberapa bulan lalu nyoba error trs, ok tinggalin ajalah males... sekarang coba lg masih sama..weslah uninstall ae",1,4,2023-02-01 21:25:44
6fd2c246-077d-4510-b26c-78b89c68356d,Pengguna Google,Banyak informasi penting disini,5,0,2023-01-31 20:35:07
32099c86-fd55-4e4f-a92f-1a2a63b8e892,Pengguna Google,"Keren, waktu mau daftar loading trs gk sudah2",1,2,2023-01-29 07:19:26
d8719efe-0abb-4094-86a4-3510ace2ad4e,Pengguna Google,aplikasi idiot ga bisa dibuka,1,1,2023-01-25 11:01:07
8896b5a6-aa4a-48e1-ad18-e57c04565690,Pengguna Google,"Gak pernah kebagian daftar mendadak kalo mau ke tebet ecopark.. Misal bacaan nya sudah terdaftar 4025 orang . Eh nanti di coba2 lagi berubah lg angka terdaftar nya.. sudah terdaftar 4030 orang . Kluar di coba lagi bacaan nya beda lagi sudah terdaftar 4045 org . Maksudnya klo emng sy daftar gabisa kouta penuh, tp kenapa kouta terdaftar nya malah bertambah sedangkan sy daftar gabisa2 disuru coba hari lain . Maksudnya itu gimana si.. emang bnran nambah orang yg daftar nya apah gimana...",2,5,2023-01-23 10:43:43
5f86b71c-5332-48e7-9f13-1fd5476ebedb,Pengguna Google,"Mau daftar booster aja susah banget loading terus, padahal jaringan nya lgi bgus",1,1,2023-01-22 13:11:07
0baa039d-1f88-4bdf-897a-10235c5825d4,Pengguna Google,"APLIKASI NYA BAGUS, TP PENINDAKAN ATAS LAPORAN JELEK BANGET. BERKALI2 LAPOR PARKIR LIAR D BAHU JALAN, FOLLOW UP NYA CM POTO D SISI JALANAN YG G ADA PARKIR (BIAR TERLIHAT UDAH BERSIH, SEDANGKAN DISISI LAIN MASI ADA YG PARKIR LIAR. UPLOAD FOTO DIGANTI DENGAN VIDEO, BIAR LBH REAL HASIL FOLLOW UP NYA.",1,3,2023-01-21 00:31:59
fa338300-a5c9-461f-8e6a-64c36eeda061,Pengguna Google,Saya sd lengkap vaksin sampai ke 3 tp di Jaki dibilang sy blm vaksin sama sekali 🙄🙄🙄🙄 pdhl nik sy sd diverifikasi loch tp yg hebat bgt komplain sy ditindaklanjutin....👍👍👍👍 Keren Pemprov DKI Jkt.,3,0,2023-01-17 18:27:52
89fd45f9-be52-4da4-96c4-6c0f18469d1b,Pengguna Google,Akun ga jelas yg ga ada manfaatnya sama sekali,1,1,2023-01-17 09:15:38
b24dbf78-e130-4d64-a875-3d499312d5ab,Pengguna Google,Jamettttt,1,1,2023-01-16 07:49:06
30d955b2-f5ab-4e8b-b792-08f60266748a,Pengguna Google,jaki paling top,5,0,2023-01-14 12:38:07
01f13fe5-92cb-423a-82e4-0eda3f4a1c0b,Pengguna Google,Semoga lancar,5,0,2023-01-13 06:54:52
3133a0ba-b398-4ef6-a063-d5de78b37614,Pengguna Google,Aplikasi aduan baik tp server nya buruk,4,0,2023-01-12 00:00:10
e4479b26-a144-4b98-87a3-508120dbd22e,Pengguna Google,Bagus,5,0,2023-01-10 19:07:34
a21abe63-2d45-4e34-b786-436ec309bc96,Pengguna Google,Ok,5,0,2023-01-08 11:13:10
bef3dc27-120f-4979-b7d4-fc9b2d53de33,Pengguna Google,"Jaklapor, ujung2nya di suruh ke PTSP juga,,ini mah offline namanya,,laporan ada yg di gantungin dengan alasan sedang disposisi..",1,1,2023-01-07 12:01:52
4c111d33-6a3c-412b-9967-dcd4e79e5959,Pengguna Google,Ok,5,0,2023-01-02 13:08:00
d6055003-fbcc-477b-82ef-c5f854602139,Pengguna Google,Apk bagus bisa ngecek harga pangan,5,0,2023-01-02 10:24:32
f37c6b2f-acf0-4b86-a3b3-8a658790fd5e,Pengguna Google,Aplikasi inovatif besutan gub Anies emang keren hasil kolaborasi jadi mempermudah warga Jakarta berkomunikasi kepada pemerintah provinsi permasalahannya saya harap 2024 aplikasinya diangkat ke tingkat nasional agar seluruh rakyat Indonesia dapat lebih mudah melaporkan masalah di daerahnya,5,0,2022-12-30 10:09:13
b70443c4-b9cc-4e15-a3fb-cd691b878e0a,Pengguna Google,"Begitu lelah pelaporan terkait lampu jalan yang mati hampir 1 minggu. Sudah 2 kali lapor, tidak juga ada tindaklanjut. Ini orang-orang, kerjanya gimana. Mana dibayar pakai uang pajak rakyat pula. Aduhhhh",1,1,2022-12-29 18:56:19
8fa39dba-5363-464d-8411-f754c7ce7976,Pengguna Google,Kenapa mau cek pajak kendaraan tidak bisa,5,1,2022-12-29 13:04:20
7b018f57-cadd-4b86-9191-96caf72b5e88,Pengguna Google,Keren dah ah,5,1,2022-12-28 16:32:23
1163af45-286a-495a-ae20-21bec6967803,Pengguna Google,Sampah !! AUTO UNINSTALL,1,1,2022-12-28 08:19:11
50b69030-2554-4813-9ca2-98d3752bbee7,Pengguna Google,Fast respons 👍,5,0,2022-12-27 18:33:33
fe4770a3-03b1-4bbb-9df4-686990a5e796,Pengguna Google,Ok,5,0,2022-12-27 16:52:54
1ce5e97e-56a7-4a71-8a09-124c5494456f,Pengguna Google,"Provinsi dan pulau yang paling ramai di Indonesia adalah? Pulau= Jawa Provinsi= DKI JAKARTA, BANTEN, DIY YOGYAKARTA, JAWA BARAT, JAWA TENGAH, JAWA TIMUR. Bangga tinggal di pulau JAWA & BALI Jawa terkenal karena kesuburan nya dan padat penduduknya. Bali terkenal karena khas, kebudayaan, dan kehiburannyah",1,1,2022-12-26 08:20:40
9002baf2-f38c-4f1c-8d37-6f71d30db0cb,Pengguna Google,Mau daftr akun di jaki buat ke taman tebet kenapa tidak masuk buat akun Email saya,1,1,2022-12-25 11:19:19
33d96686-2aee-4dfb-8f9d-ddfef2441405,Pengguna Google,Aplikasinya terlalu bagus sampe susah di gunakan nya.daftar nik alpukat gagal mulu hadeh gaptek nih,4,1,2022-12-24 12:28:05
d603f146-68ba-4ffb-afbd-010eae699235,Pengguna Google,oke,5,0,2022-12-22 19:51:20
d3188b46-326a-48a4-81b4-f563774ac643,Pengguna Google,Aplikasi yang membantu penduduk dki untuk berkegiatan sehari hari,5,0,2022-12-21 16:31:50
5c96e96f-ec73-4bac-9b65-8392f535de5b,Pengguna Google,"Tidak ada gunanya ada nya aplikasi jaki, laporan emang di kerjakan tapi cuma,laporannya cuma pura2 kerja, padahal tidak di apa2 in itu,buktinya aja saya berapa kali buat laporan masih ada parkirliar,dan tidak ditangkap para oknum2,padahal itu jalanan, ada parkir liar jadi sempit",1,14,2022-12-21 09:23:43
70423791-6820-4ee9-a4c4-b14aac3db733,Pengguna Google,"wkwk, gunanya app ini untuk mempermudah. mau vaksin ujung""nya mah daftar offline juga, alasannya kuota abis, tapi pas ke puskesmas vaksin ada dan disuruh ke GOR/tempat lain yang ngadain vaksin. emang hidup di indo itu serba lempar sana lempar sini. koordinasi nya ancur",1,13,2022-12-21 06:26:23
df257e05-fc3a-4b7a-ba8d-e9a31b0b7e18,Pengguna Google,Ok,5,0,2022-12-20 20:43:58
d6b64dd7-790e-41b3-abe4-f39f2dcc05e8,Pengguna Google,sangat membantu.,5,0,2022-12-20 08:26:33
5563c036-8466-43a1-bf67-f1acfd2a5221,Pengguna Google,"aplikasi kaga jelas buruk, daftar vaksin online nyatanya di lapangan tidak buka di tanggal tersebut. orang udah cape cape jauh jauh ngongkos sia sia",1,1,2022-12-18 10:01:46
e3afeb09-be61-47f9-8e7b-31210eccd103,Pengguna Google,Very good,5,0,2022-12-16 23:07:38
c240ee88-a51f-488d-9658-7eff1b7cc85d,Pengguna Google,"Terima kasih, atas kehadiran aplikasi ini. Semoga bermaanfaat aja, kpd pihak2 terkait jaki dan developer jaki lainnya. Skl lg saya ucap terima ksh..",5,0,2022-12-15 23:20:28
3ec66c00-43c4-4824-b081-b3e21b57accc,Pengguna Google,"Katanya aplikasi yg bersifat rahasia,.tetapi knp msh dibocorkan identitas pelapor nya...",1,2,2022-12-15 17:03:53
be08b37d-f4fc-4b0c-ae1b-0cf3eafca4cd,Pengguna Google,- Gabisa login - Gabisa daftar ulang vaksin,1,1,2022-12-15 09:36:18
bd47ea73-4d06-41f7-84d9-86a94515be42,Pengguna Google,Aduhhh susah banget buat daftat atau login .. buang² kouta kalo kaya giniii . Padahal cuma mau ngunjungin taman aja login susah bangeettt-_-,1,2,2022-12-14 07:58:26
57a01d8b-07ed-4ba7-8d3d-775b30deb268,Pengguna Google,bagus🥰,5,0,2022-12-14 07:18:13
2a9be208-384f-4d9f-b947-8581bc898c2a,Pengguna Google,mau login aja loading terus. padahal koneksi internet pake wifi yg diatas 50mbps,1,2,2022-12-13 20:28:11
61a7d2ad-2a51-49b1-8425-1203d4c71d89,Pengguna Google,Koneksi servernya sangat lambat,1,1,2022-12-13 20:00:21
3a916a7d-3436-4b7c-9277-689b11226158,Pengguna Google,"Min kenapa tidak bisa login dengan Gmail? Hanya muncul bacaan harap tunggu, Sampai akhirnya eror",3,0,2022-12-13 19:15:39
af618061-73a7-4f2c-ba74-fb14a8cf3703,Pengguna Google,"""Login error saat ini server sedang sibuk"" selalu seperti itu saat login, terkadang log out dengan sendirinya.",1,2,2022-12-13 17:42:28
6839cee2-ce4f-4015-b00a-13209e19be3d,Pengguna Google,Mau log in dari tadi jaringan sibuk terus ga biasanya,4,0,2022-12-13 17:21:45
ba01838b-c64c-4d5f-9a4d-6902fcb79dd7,Pengguna Google,Responce Laporannya Cepat Bagus Tapi Bug nya Parah banget project Pemerintah Daerah Loh Dengan Dana Yang Bisa Di Bilang Unlimited.,2,0,2022-12-13 15:03:44
44460c32-689e-459a-bc75-a3325253c7cc,Pengguna Google,"Mau login ke jaki susah bgt gk msuk2, mohon di perbaiki secepatnya.",1,4,2022-12-13 13:47:16
f0499747-573b-44f5-b06a-aeb6cd46b9e2,Pengguna Google,"Untuk TL ( selesai) yg mendapat bintang 1 atau 2 harusnya kembali ke laporan/proses kembali, sehingga bisa di TL sampai akhirnya dapat minimal bintang 4. Ini pernah di lakukan aplikasi qlue dan itu sangat baik untuk melihat kinerja petugas di lapangan.",1,1,2022-12-12 21:31:04
9d97f28e-cf22-454a-afe4-40d884b35b14,Pengguna Google,Bagus,5,0,2022-12-11 15:48:14
030448f5-e516-4c1e-9855-9d901e19ac2c,Pengguna Google,Jelwk,2,0,2022-12-08 20:06:30
3b3b8022-e30c-48cd-8068-8b55275153b1,Pengguna Google,Good job,5,0,2022-12-08 10:54:55
7641eab6-a754-43fe-8165-5770031a1937,Pengguna Google,Bagus,5,0,2022-12-06 14:59:24
19ccb604-6ea0-4491-90a7-2def1df6f6ee,Pengguna Google,"Mohon Ijin Bapak Gubernur, Mohon ditambaH Armada Jaklingko 35 (Rawamangun-Pangkalan Jati) Dan Busway (Pulogadung-Pinang Ranti) Saya menunggu sampai 2 jam , jaklingko 35 dan Busway tidak kunjung datang.",1,2,2022-12-05 20:11:19
b7c35c4e-8c17-4055-aeaa-c9da60b4821f,Pengguna Google,"Daftar nya ribet, daftar bank yg milyaran aja mudah.uninstal d gak penting",1,1,2022-12-05 11:10:49
9e49ea1b-5e24-4ce2-aa86-42006528b71c,Pengguna Google,"buat daftar akun aplikasinya ribet banget, ussername yang dipilih katanya udah dipakai semua. gimana dong? kan jumlah manusia di indonesia banyak, wajar dong kalo sama mah",2,1,2022-12-02 14:43:16
23756c0b-229b-4f5e-8648-87441565db22,Pengguna Google,Apk ny bagus cuma knp sllu pas buka dbilang sllu salah kode pas login. Ud brp x sya buat msh bgtu2 aja pdhl benar loh paswordny. Dan kl bs pengaduan kita jgn dberi tahu kpd siapapun biar tdk salah paham tau malah smkin sombong warga yang melanggar. Trima ksih,3,0,2022-12-01 16:05:38
f655922c-30b0-49f9-9245-9e27460828f2,Pengguna Google,Apk bodoh semua yang menyangkut pemerintah apk nya busuk hanya pinter korupsi,1,1,2022-11-30 15:19:36
905cf574-db17-44ff-b79b-3a19c7e44c66,Pengguna Google,"Pihak pelayanannya tanggap untuk cek lokasi.. tp untk ngerjaan yg di laporkan tidak ditanggapi,, dan kurang produktiff",1,2,2022-11-30 12:48:16
d81147af-c11b-4117-810b-83fb543afedf,Pengguna Google,"Sekarang tiap laporan diprosesnya lama, apa karena sudah ganti gubernur jadi orang2 lapangannya cuek bebek...",1,1,2022-11-29 23:51:58
0be7efc0-6339-4436-a606-007e621c74a6,Pengguna Google,Aplikasi yang sangat berguna saya harap aplikasi nya go nasional sehingga rakyat dapat memantau seluruh wilayah indonesia,5,1,2022-11-28 16:42:38
63d3fede-33d3-41f6-865e-0e4c7af33cb1,Pengguna Google,info akurat,5,0,2022-11-28 09:59:36
9234b7e9-890a-4cfc-ab1c-eb30d35f07c8,Pengguna Google,Aplikasi bapuk istri mau vaksin booster di aplikasi jaki malah data istri belum vaksin sama sekali...padahal di peduli lindungi udah ada tiket buat booster....payah,1,1,2022-11-26 07:24:04
7820d122-5425-45b5-8510-98aaecd75fc4,Pengguna Google,"App yg membagongkan tidak berfungsi dengan baik,ketika laporan di Tl abal-abal... Magabut",1,6,2022-11-25 08:20:58
c38f845e-83b4-43bd-b4ef-8c60cae0f692,Pengguna Google,Daftar vaksin malah EROR muluu:((,2,1,2022-11-23 20:16:19
81f15852-a037-468d-9249-2b6c957215b0,Pengguna Google,3 dulu nnti klo good tmbah lgi 1,3,0,2022-11-19 17:52:17
4e95529a-69f9-403a-ab4b-668a646f72fd,Pengguna Google,"PERCUMA Lapor diam"" Ga di tanggapin. Mending Viralin TERBUKA AJA. Warga yg mo urus Bansos ""di Permainkan"". Pegawai yg begini PTDH Aje ! Lurahnye juga Apatis. Rumah Kosong jd tmpt pembuangan sampah sekalian aj pegawai kelurahannye di buang di rumah kosong",1,1,2022-11-18 15:33:16
b5186953-78e8-48a0-aec2-9a42076bbcc7,Pengguna Google,Sangat bermanfaat,5,0,2022-11-17 14:56:58
536d6408-87fc-408c-87d1-32a04fa30f2c,Pengguna Google,Uuh,3,0,2022-11-17 07:05:18
6e97a85f-a9bb-4bb9-b866-a266d95bc430,Pengguna Google,Aplikasi sampah daftar vaksin GK bisa alasan kuota penuh,1,1,2022-11-16 21:29:01
a765dad3-fb8f-41d8-a242-a97fef155fd7,Pengguna Google,Pendaftaran sunggu ribet lbih gampang daftar akun blanja shop payah. Gak smua hp kamera depan bagus juga pencahayaan yang bagus. Mau daftar apa mau photography. Tolong sertain bagikan lewat album atau file karna saya punya file males photo cari pencahayaan dulu. Mau daftar apa mo jadi kang photo ribet banget.,1,17,2022-11-16 06:55:11
a0054e2c-f07d-43b7-9e29-4434cfb90b7f,Pengguna Google,Keren,5,0,2022-11-15 14:12:02
cfb0b9fd-5cbf-4fcf-9c68-0c08c3116ffe,Pengguna Google,Kereennn,5,0,2022-11-14 11:48:41
69c29e41-a915-48df-a399-72180908b545,Pengguna Google,Fitur sesi di penyewaan GOR tidak ada udah datang langsung ke GOR tapi di suruh ke sini dah di sini malah fitur sesi nya ga bisa 🤦,1,2,2022-11-14 09:43:29
4a85e762-b710-4895-9b94-0109a85a3330,Pengguna Google,"Percuma ada menu jaklingko hasilnya memble , jurusan transjakarta tidak jelas malah disuruh download lagi aplikasi jaklingko , setelah didownloadpun jaklingko lebih sering sarankan gojek grab ,padahal tujuannya mencari rute transjakarta",1,1,2022-11-14 03:25:53
636a367a-552a-424b-8ee9-ec621f0c312b,Pengguna Google,Bagus,5,0,2022-11-11 15:08:06
e27b7441-497b-4c59-a15b-be92fb1c7f22,Pengguna Google,"Nik sdh terverifikasi tapi utk login daftar vaksin tdk bisa. Malah Katanya Nik tdk terdaftar. Ditanya lwt ig, katanya mau dibantu ternyata diread doang. Sampai hari ini sdh di dm berkali-kali juga ga di read, tapi update status terus. Heran, niat bantu apa ga karyawan nya.",2,10,2022-11-09 19:13:28
3cc2a9fd-0a57-43a2-b20c-e0023fd6fed3,Pengguna Google,Upload surat surat malah makin lama urusanga bukan makin cepet,1,1,2022-11-09 17:42:30
72ad32ff-e619-4000-8ad7-1100852514e3,Pengguna Google,Terima kasih atas pelayanan ramah dan kreatif,5,0,2022-11-09 15:02:36
04be2f7c-2338-457b-aec2-501d9cd7e2bb,Pengguna Google,Sangat bagus sekali apk jaki memudahkan membantu dan bermanfaat terimakash bpk gubernur dengan hasil karya yang terbaik,5,5,2022-11-08 21:20:54
f645f36e-8c15-4434-bb32-8186391fa000,Pengguna Google,Mau daftar vaksin kapan bukanya,3,0,2022-11-06 00:45:49
68b248a4-f5b2-4dd5-a9e4-6560c5f0bfcd,Pengguna Google,Ini knapa pdhal email user sama password nya benar tapi ga bisa daftar katanya ga sesuai,3,1,2022-11-05 11:18:47
241348e3-d09a-428b-be90-c6112c5a04fd,Pengguna Google,"Aplikasi yang sangat membantu bagi kami sebagai warga Jakarta. Tak perlu repot-repot lapor ke kantor,cukup dari aplikasi laporan diterima dan dieksekusi dengan baik. Tks Pemprov DKI dan JAKI",5,0,2022-11-04 09:24:05
558d8a66-2bc2-4893-967b-0fcc7f451dbe,Pengguna Google,terlalu sering bug. tidak bisa klik submit,1,1,2022-11-03 06:30:19
1207d283-fe6e-47bb-937c-41ec35be50e4,Pengguna Google,Bagus,5,0,2022-11-02 10:44:41
1d6a46b9-84d0-4c93-a6c4-ceee59e0e9e2,Pengguna Google,"Kenapa tidak bisa daftar? Verifikasi sedah di isi lengkap, tapi tidak ada balasan dalam email? Kenapa prosedur pemprov mempersulit?",1,0,2022-11-01 10:44:42
f5d02858-001e-4800-9163-f37e66c1a078,Pengguna Google,Praktis dan mudah pakainya,5,0,2022-10-31 21:53:01
1435f9d5-3a3b-4285-9eab-87e7b02357da,Pengguna Google,Pelayanan lelet banget,2,0,2022-10-31 14:14:33
e04abf2c-aca1-4a11-8f62-90a415ce84b0,Pengguna Google,"Mau daftar ulang vaksin kedua tapi ada tulisan : maaf, kuota untuk anda belum tersedia.🤒",2,1,2022-10-30 08:44:37
586fae18-d516-47ce-8ded-9c1602a3f1ee,Pengguna Google,mau cri info lokasi vaksin gbs trs 👎,1,0,2022-10-27 15:40:56
3a1f64a4-50c1-4664-8359-719cd35da8e1,Pengguna Google,Tidak tertangani dengan baik. Dan bahkan belum dibereskan tapi laporan sudah dianggap selesai oleh Biro Pemerintahan,3,1,2022-10-26 10:06:40
19e9c56f-9b99-431e-b2c6-a1fac5f312a8,Pengguna Google,"Saya mau daftar vaksinasi lewat jaki, tapi kenapa gak bisa bisa. Disitu kita suruh masukin Nik dan Nama sesuai ktp, tapi setelah diklik periksa, muncul terus tulisan maaf kuota pendaftaran telah habis. Muncul tulisan gitu terus. Tolong dong diperbaiki.",1,13,2022-10-26 03:48:07
a06338a2-a932-4bcc-ba9e-c7f4f8bb6100,Pengguna Google,Sangat membantu masyarakat,5,0,2022-10-25 11:41:33
57362711-ae56-4164-8db4-6abe297cc751,Pengguna Google,Ini keren bgt loh.. Klo bingung mau ngadu ngadu ke pemerintah lwt sini aja.. Cepat tanggap.. Kerennn.. Aplikasinya..,5,2,2022-10-24 18:20:05
1d8ede1e-8f4e-4a66-90df-789b9a0cfdb1,Pengguna Google,Mau boking lapangan pemerintah susah,1,0,2022-10-24 16:34:35
b27e60f6-cb7f-4481-a9c2-65fe77c5d1b3,Pengguna Google,"Lebih simpel pake aplikasi ini,knp harus di buka lagi tuh laporan tatap muka di balai kota.praktis dan simpel laporan bisa cepat di tanggapi.",5,6,2022-10-23 21:32:35
96955406-9808-449b-a91b-b07bfc47f905,Pengguna Google,Emang sudah tutup ya??? ⭐ satu saja tidak bisa daftar. Oy kerja kerja kerja jangan duduk cuman bilang maaf saja. Emang sedang lebaran apa ❓❓,1,0,2022-10-23 17:47:23
1d16aa48-e090-4208-a46d-cdc0fa3d65a5,Pengguna Google,Terimakasih bpk Anies Baswedan sudah bekerja tuntas memajukan Jakarta,5,3,2022-10-23 13:02:58
8fd34ab9-20e2-4012-9b11-0ffc2e300914,Pengguna Google,"Mau cetak sppt aja susah bgt, keterangannya kesalahan tak terduga mulu!",2,1,2022-10-23 12:54:27
92e44329-a0d1-4cfb-a096-cdf19fba9e30,Pengguna Google,bagus taman.a,5,0,2022-10-23 11:59:04
d46d81fe-dcbb-4404-bee3-08881ae6ea52,Pengguna Google,JAKI adalah aplikasi yang bagus dari Pemprov DKI. Sangat berguna bagi kami yang sibuk namun ingin berpartisipasi dalam pembangunan kota Jakarta dan pengaduannya cepat diupdate dan ditangani. Salut 👍,5,6,2022-10-22 10:43:45
a1263e42-588a-4475-91fb-117d6a178aa3,Pengguna Google,Berbuat baik terhadap sesama,5,0,2022-10-21 23:19:36
22249999-fd51-4a34-a926-37ef37e86bdd,Pengguna Google,Aplikasi nya bangus bisa mengetahui Seputar Jakarta hanya dalam genggaman tangan,5,3,2022-10-21 20:33:36
2801ce34-f6f2-4369-b979-63637206ca96,Pengguna Google,Ini sangat perlu sebagai berita yg terjadi d DKI JAKARTA,5,0,2022-10-21 11:09:04
41a9376a-194e-4b6a-8d4f-bb60fe22ced2,Pengguna Google,Aplikasi ga jelas,1,0,2022-10-20 23:38:27
485ad981-83c5-4501-b5a5-dd70de391691,Pengguna Google,Mantap,4,0,2022-10-20 20:42:53
19bb900b-a2ce-42f2-9c82-868b4f88bdd5,Pengguna Google,"keren aplikasinya, memudahkan warga DKI",5,0,2022-10-20 16:43:55
72690ab4-fbb8-4b55-adec-37d8540cb667,Pengguna Google,Nga ada manfaat nya kalo booster nga pakai jaki kagak bakalan gw download,1,0,2022-10-20 13:08:50
120f33c7-79d0-47c6-9451-1350ba15786d,Pengguna Google,Kereeeen...,5,0,2022-10-20 06:26:19
d0ff3816-d6e6-448d-a52d-a7a28729c289,Pengguna Google,"Ok, sangat membantu jaman canggih.",5,3,2022-10-19 12:58:03
3d8126b4-6778-43af-be70-666a7c07b24f,Pengguna Google,"Keren, responsif, saran nya database di perbesar biar aplikasi makin lancar tanpa kendala",5,5,2022-10-19 09:45:18
4d454bf3-8f60-48aa-8714-5cf97271c43f,Pengguna Google,"2 kali berturut-turut laporan yg saya buat, s tutup oleh pihak JAKI sebelum problem selesai.. Kecewa banget... Tidak recommended",1,2,2022-10-19 07:15:26
82cfd2d7-aefe-4343-a856-17e2dc1a19fd,Pengguna Google,"Terimakasih pak anis presidenku, Tolong PJ gubernur pak heru semoga bisa dimaksimalkan aplikasi ini",5,3,2022-10-19 07:09:25
448d94f6-b971-40bb-844e-213ec5519000,Pengguna Google,"Program pak Anis sangat tepat dan bermanfaat, bisa jadi contoh daerah lain.",5,4,2022-10-18 17:49:59
b93b0907-9e82-4683-afd7-c6fc9497d71f,Pengguna Google,"Membantu sekali dalam melaporkan masalah sekitar di Kota Jakarta, terima aksih",5,2,2022-10-18 16:11:13
707ed72e-f287-4161-a5dd-2697fecca5f7,Pengguna Google,Juki,1,0,2022-10-18 14:23:22
df0272fc-42b4-4105-ad65-b70ed007ba80,Pengguna Google,Tidak bermanfaat sama sekali✅️,1,0,2022-10-18 14:10:50
a04134c2-e537-438f-b19f-edd82a4535f0,Pengguna Google,Aplikasi y sangat bagus...dan respon aduan cepat di tangani...,5,2,2022-10-18 12:17:55
4e07a8d5-8b11-41e2-b21b-321a11c60b9d,Pengguna Google,"Nih aplikasi ada sejak era Gubernur Anies, tapi ampun masih ada saja orang-orang di Jawa Jawa sono yang mencaci maki kinerjanya. Gue beberapa kali melapor pake aplikasi JAKI ini dan direspon dengan baik oleh Pemprov, kalau gagal paling masalah bug saja yg emang nih aplikasi sedikit error.",4,0,2022-10-18 11:36:40
af0624b7-e319-482e-88ae-6f432dd751c5,Pengguna Google,ribet,1,0,2022-10-18 10:53:34
0219aaf9-f8eb-44e5-bd9b-e40db3064806,Pengguna Google,Cacad bet,1,0,2022-10-18 08:16:05
9213510b-a9b2-4a46-95f3-7c55b18299ba,Pengguna Google,Percuma aplikasi bagus tapi masalah di lapangan ga pernah terealisasi,1,1,2022-10-18 02:39:31
dab504fd-003b-4cbf-90b0-176988a3a3c4,Pengguna Google,Error mulu,1,0,2022-10-17 21:56:00
b0a0f9e6-9abf-455f-9693-711fec734a99,Pengguna Google,ribet make nya,1,0,2022-10-17 21:12:13
8f8c66cc-3716-43d5-b91a-2211c291b58b,Pengguna Google,"Halo kak. Makasi kunjunganya kemarin, seru😁 Semangat kembanginya kak saran dari saya adain fitur fitur unik lagi",5,0,2022-10-16 20:31:39
08a67196-f71b-4937-a72e-edfe4ec704fb,Pengguna Google,"Aplikasi yang berguna dalam permintaan Sumber Informasi dan Keluhan terkait fasilitas dan infrastruktur di Jakarta. Namun separuh layanan memunculkan notifikasi, [Request Rejected]",4,0,2022-10-16 14:29:07
43d2873c-1ad8-4ccf-8ec4-5f7d948400a0,Pengguna Google,Ok,5,0,2022-10-16 10:01:47
3bb8f9e2-ff6c-485e-92ed-a46cba5c2a88,Pengguna Google,Keren parah sih 🤩,5,0,2022-10-15 22:06:49
f296222f-1d6c-4e11-9c79-b34204f6e2f0,Pengguna Google,Kenape selalu ga ada slot vaksin.. aneeh,1,0,2022-10-15 21:58:14
3a20da59-40d3-4653-a771-d9a5c2e8fac6,Pengguna Google,"Membantu sekali selama keperluan di jakarta, insha Allah, Aamiin YRA.",4,4,2022-10-15 20:42:16
96686d2a-9e22-49e9-8345-69f48d85e866,Pengguna Google,"Untuk fiktur lapor skrng lumayan,tapi ketika kita melapor bukannya menyelesaikan masalah tapi justru malah menambah masalah baru.untuk respon sih cepat tapi untuk tindakan teramat lama bnget.mohon lah untuk diperbaiki lagi bagian"" yg ada di aplikasi ini",1,39,2022-10-15 07:22:11
fd182ee8-eb72-4fb1-98ab-f5887f615ad1,Pengguna Google,"Tolong di update atau di perbarui ,masa mau vaksin kuota sudah penuh! Udah saya cek 1 Minggu masih aja penuh",1,0,2022-10-14 11:51:23
8264fa82-d411-4f33-9f4e-a239ac496289,Pengguna Google,Apk yg goks!,5,0,2022-10-14 10:32:42
1a3a81cc-9ee6-4a73-aea8-956f1866456c,Pengguna Google,Ok,5,0,2022-10-13 08:42:32
7faa4991-c8d4-4d11-b8f4-f56701049e29,Pengguna Google,Nih yang bikin aplikasi di sekolah gw,3,0,2022-10-12 10:40:27
7df7b890-1570-42f0-98e4-480fe6ac57b6,Pengguna Google,Alhamdulillah sebentar lagi anis selesai menjabat!!! #hiphiphore nanti kl sdh selesai jabatannya si anis saya akan edit dan saya kasih 5*,2,0,2022-10-12 08:18:41
d4efc806-3f87-4b2c-972d-07d77f6fe3e2,Pengguna Google,Membantu memberikan info yg update,5,3,2022-10-11 21:01:22
876f8f00-3ce3-4316-b0b8-3e9ad9c4f13b,Pengguna Google,Bagus sangat membantu masyarakat,5,0,2022-10-09 23:54:40
4b6272c8-6b18-4db2-8cfd-ad9ba0e77bae,Pengguna Google,Jakarta smat city,5,0,2022-10-05 11:23:35
1ebdcdd6-3805-4da3-9590-5484d799ea98,Pengguna Google,Mantap Boss Q,5,0,2022-10-04 11:39:04
c4b89cc5-30db-4da3-94fb-517a88d6d4ae,Pengguna Google,Ko gabisa cek pbbsih dari kemaren.,1,0,2022-10-04 10:15:54
3ee84205-96bd-4439-b882-5389201b964a,Pengguna Google,Abis upgrate kaga bisa qr peduli lindungi,2,0,2022-10-04 08:44:43
8a720f94-62a6-4fcc-9829-27ab2475aa49,Pengguna Google,MantaPks pak Anies... Lanjutkan ke RI1 2024,5,2,2022-10-03 13:55:29
0457fa1d-6861-4f39-be76-f19d31fff0da,Pengguna Google,Sangat membantu,5,0,2022-10-03 12:36:36
843a68dd-dbde-4cd6-b005-2820dc011d3f,Pengguna Google,"Sudah daftar lewat jaki sudah di tentukan jadwal tanggal ,eh pas di datengin ke lokasi habis katanya ,,kan kecrwa banget kata satpam yang hasil print tidak usah di bawa gpp mas langsung datang saja ,,fungsinya daftar online apa ya? Perbaiki sistem",1,1,2022-10-02 12:45:51
f107409a-ced8-4d91-97f6-8d1d4920dd4d,Pengguna Google,Mantap,5,0,2022-10-02 09:12:20
5ec6c42a-a6c0-4c51-8753-7bc2c321baee,Pengguna Google,Bagus,5,0,2022-10-01 07:01:33
d9eb768a-725c-4851-a747-2d9098aa031a,Pengguna Google,Bagus sekali,5,0,2022-09-28 07:42:08
aa81a666-8b68-4751-96ca-b1c9eeb9ccca,Pengguna Google,Verifikasinya susah gagal terus 👎👎👎,1,0,2022-09-27 18:10:03
b716d38e-9df6-414a-8858-0cd2d097b4ed,Pengguna Google,"Tampilan udah bagus,hanya saja saya sudah mendaftar akun,tapi utk email aktivasi blm saya terima,meski sudah 5 kali mengirim ulang email aktivasi dan utk kode verifikasi,krn saya lupa pin,mohon dikirimkan secepatnya",3,1,2022-09-27 11:46:57
7b1779f5-b4dd-4838-9ef0-264ec3ca972c,Pengguna Google,"Lohaaa min...Jaki kok setelah d update tidak bisa akses k peduli lindungi ya,terutama tidak bisa scan QR jika ingin Akses masuk k suatu tempat,scan QR yg di atas hanya bisa keterangan "" cek in _kode_"" tidak ada gambar scan berhasil,tolong d perbaiki ya mimin yg baik hati,Terimakasih 🙏🏻",4,7,2022-09-26 21:59:10
136a6d4d-de34-4900-9b1f-8adfeb272290,Pengguna Google,Apakah JAKI sedang Error ?,3,0,2022-09-25 04:38:59
281ca975-803d-4d8d-88e2-3cd8b685b50b,Pengguna Google,Praktis,5,0,2022-09-24 12:37:45
058a25b2-511b-494a-abdd-6e7a9598b4db,Pengguna Google,"Apk taiii minta privikasi ktp trus foto udh sesuai msih aj gak bsa"" kan tolol",1,0,2022-09-24 08:13:05
56dffe23-3ccf-43f8-9f66-3178fdbb90b7,Pengguna Google,"Udah verif kyc eh disuruh kyc ulang , pas ngulang kyc malah gagal verif .... Kek apk pinjol nih lama²",1,0,2022-09-24 00:45:36
d60e3a78-f30d-47ad-9e37-5f95bd8e8e5c,Pengguna Google,Sangat bagus aplikasi nya utk lapor masalah sangat cepat responnya..,5,4,2022-09-23 18:00:35
f316bd5a-4a42-4431-ab61-fe4e0d8f654c,Pengguna Google,Aplikasi ini sangat membantu buat saya yang E-Ktp Bekasi. Terimakasih.,5,3,2022-09-20 20:07:48
881c6605-9c9a-4335-9fc2-7be29ee06eb3,Pengguna Google,"Aplikasi yg nyusahin, Mau verifikasi NIK aja susahnya bukan maen. Beda kek aplikasi swasta yg tanpa foto KTP & Foto sambil megang KTP. Ini sebenarnya aplikasi ini fungsinya apa? Aplikasi kok mirip kek pinjol pake Foto megang KTP.",1,12,2022-09-20 06:55:12
50ebee8a-bcd5-40aa-8cd1-f0ae53f83e41,Pengguna Google,Kecewa sumpah. Masa PIN rejected. Padahal bikin baru tadi siang. Masa pin gagal padahal inget bngt pin yang saya buat.,1,0,2022-09-19 23:56:57
d199a359-2f23-4a40-8458-8fec478d6660,Pengguna Google,Kenapa mau laporan request reject terus.,3,0,2022-09-19 23:16:23
20b181c3-7712-4258-9ea5-e72f74e18060,Pengguna Google,Sangat membantu,5,0,2022-09-19 22:34:22
7e932a2e-f24f-4afd-89d0-d651b1e0ce63,Pengguna Google,Sangat membantu,5,0,2022-09-19 20:21:36
522fe612-bd2b-4daf-99f2-07c07296e9d8,Pengguna Google,Mudah-mudahan bermanfaat,3,0,2022-09-18 06:23:24
9c3a6640-7188-45ad-a331-e21bcbd1e783,Pengguna Google,"Petugas tidak standby 24 jam, laporan mendadak jam 3 pagi tidak ada yg merespon",2,1,2022-09-18 03:27:43
fd7ab613-17a7-4e21-8a64-480b3c262d3b,Pengguna Google,Ok,5,0,2022-09-17 15:08:09
fb6f7cb9-5967-4910-a6d6-85faa6b6d739,Pengguna Google,mantap dan on selalu,5,0,2022-09-17 14:15:01
ccd52030-2576-41cf-ae40-4a12cc226a61,Pengguna Google,Tidak bisa scan peduli lindungi,4,0,2022-09-17 11:17:00
8a707367-805b-4264-a759-65193d0e08b2,Pengguna Google,"Terjadi kesalahan melulu, apk ini sbnrnykn hrs mempermudah org ini malah tambah nyusahin,di ulang"" ttp aja ga bs"" klik nya heran..",2,1,2022-09-16 11:56:55
e414a2c2-6838-4bf2-9fc5-fc61d7cc46ba,Pengguna Google,God job,5,0,2022-09-16 09:29:56
fbfc05f8-1d0b-4ec6-aa75-672ee97b9e60,Pengguna Google,Like,5,0,2022-09-15 22:42:50
b8a50d7b-6078-41dd-b7bc-2119730a73f6,Pengguna Google,Dengan bantuan helo yg telah memberikan kemudahan dalam mengerjakan tugas jak surpai .zoom dsb. Terima kasih helo mudah2an Helo dapat dipertahankan dan lebih maju tampa batas brafo Helo,5,0,2022-09-15 16:27:03
69080a69-1f64-4feb-bbf6-5b2f2e8c58ae,Pengguna Google,"Parah bangettttttt bikin pelaporan di jaki eh malah rejected, jelas2 itu pengaduan. Sangat tidak bisa membantu percuma ada aplikasi jaki kalau tidak bisa bantu pelaporan!!!!",1,3,2022-09-14 19:20:58
fca4a0e3-1fb9-4edb-9509-d47fb6658b93,Pengguna Google,Good...,5,0,2022-09-14 08:19:30
47ae79fb-4ff3-47ad-8069-65c4f7946651,Pengguna Google,Okeee,5,0,2022-09-14 00:54:27
89b4ed98-1fb6-4125-b48a-8fc7ab4f273e,Pengguna Google,👍,5,0,2022-09-13 19:10:01
b9503ad8-5282-4254-929d-f95d566fc679,Pengguna Google,succes,5,0,2022-09-13 02:35:09
4da89756-62c1-4bda-a647-4f273e64eee7,Pengguna Google,Daftar Tebet Eco Park pake aplikasi ini. Sampai lokasi tidak ada tmp parkir. Parkir disuruh cari sendiri disekitaran rumah warga +- jarak 2 KM. Bawa anak kecil mana bisa. Petugas cuma jaga jalan. Kebijakan kacau. Ga manusiawi. Semoga dibaca pak Anis Baswedan,1,0,2022-09-10 08:39:22
5f680a9e-39ee-4317-b755-3cbd8e7c5277,Pengguna Google,Mantabss,5,0,2022-09-09 10:19:49
1424060f-b99e-4ceb-8b00-90b88081fc33,Pengguna Google,Peduli lindungi nya kenapa dihapus?? Saya download jaki krn ada fitur peduli lindungi nya,1,0,2022-09-08 14:42:25
a30878a2-81af-4b6a-9409-b01fa061a4dc,Pengguna Google,Mantap,5,0,2022-09-08 06:10:21
7b1e575c-3cd7-4ce7-83db-d7c4641c9a4f,Pengguna Google,Eror saat di perlukan ..!😭😭😭😭😭😭,1,0,2022-09-08 00:33:55
e031cbb7-cc84-4e93-be24-98d054eb20b9,Pengguna Google,"Jaki nya udh bagus, tapi setelah update fitur scan barcode buat check in dan check outnya kok ga ada ya?",5,10,2022-09-07 08:43:58
fc454d5a-a0e2-4a36-8f35-4963630bdafd,Pengguna Google,Kenapa pedulilindungi di jaki dihapus?,4,0,2022-09-06 22:57:53
b3f31ea3-d41c-4d8b-9a4c-4241661d02e6,Pengguna Google,"Tertera Non DKI Jakarta namun KTP & KK saya sudah Jakarta, bingung 😕😕",1,0,2022-09-05 17:51:23
1a42a9ac-c05f-425b-aaed-d59b4d5e7a46,Pengguna Google,Jakarta makin kerenn..,5,0,2022-09-03 23:37:13
4b88d27c-9c80-43d4-b57d-592d82bd8107,Pengguna Google,Dinas perumahan dan pemukiman tidak memberikan solusi dan malah menganggap selesai masalah yg belum di tindak lanjuti sama sekali..,1,0,2022-09-03 13:45:16
4395135d-5075-4116-bd56-6cb24789ffaa,Pengguna Google,"mau vaksin booster, saya kira sudah full digital tinggal daftar via aplikasi terus langsung ke lokasi vaksinasi, ternyata ujung-ujungnya tetap harus cetak kartu, dsb-nya buat dibawa.",1,2,2022-09-03 12:47:17
b97bc99a-c766-4447-8c50-6c97770565ef,Pengguna Google,Downloadnya susah banget,1,0,2022-09-03 10:34:27
375c1ed8-cf38-42bf-ba85-1c533e5fe3f9,Pengguna Google,Nice,4,0,2022-09-02 21:48:01
e92e1cf5-668b-453d-9e8e-69a31c6eddbc,Pengguna Google,Kenapa yang sudah daftar JAKI tidak dapat daftar ulang lagi ke JAKI dan kenapa jaki tidak ada tiket vaksin.,2,0,2022-09-02 18:16:04
af81fd1d-c0fa-4748-b571-0e6e3c6359f7,Pengguna Google,Melengkapi,4,0,2022-08-31 21:16:24
a0b3e966-f11b-43cf-8eac-0ff606aa4ca7,Pengguna Google,Good,5,0,2022-08-30 13:14:11
ca8e72fa-c368-4f15-a91a-e4d8aa27f5e7,Pengguna Google,"MENGECEWAKAN!!!. Saat saya mau daftar vaksin booster nama saya dianggap belum vaksin sama sekali, padahal sudah lengkap 2 dosis.",1,0,2022-08-30 10:40:40
098afe89-26a5-4bb4-9a98-27c2a622a576,Pengguna Google,Ok,5,0,2022-08-26 23:40:08
f865b6f7-b73c-45c4-9ad8-670a262507e0,Pengguna Google,"Verifikasinya kayak pinjol gays foto pakai ktp, gak setuju ah. Atut disalahgunakan, tdk ada penjamin amannya.",2,0,2022-08-26 14:45:18
a719cae9-0011-41d6-820e-ba971210514d,Pengguna Google,"Baru update, mudah2-an tambah bagus",4,2,2022-08-24 12:06:04
576d1448-9887-4b93-973d-314bedbd85aa,Pengguna Google,tidak bisa di instal.. dicoba berX² tetep gaa bisa,1,0,2022-08-24 06:33:09
a27add47-3955-40ea-8ffa-ac9186fd5f4e,Pengguna Google,Mantap sekali,5,0,2022-08-24 06:09:38
101935b9-f07f-41de-9348-128d989a376d,Pengguna Google,"Percuma lapor diaplikasi jaki, masalah yg kita laporkan tidak ada penyelesaian secara jelas ,hanya penyelesaian degan kata2 saja tidak ada tindakannya dan masalah yg kita laporkan tetap tidak akan terselesaikan",1,1,2022-08-22 12:24:01
3f37da6c-aea3-4fef-9d06-bb4fcf3f5369,Pengguna Google,Aplikasi busuk,1,1,2022-08-21 13:10:32
fb829193-749a-4f72-94e1-44555ed1ff5b,Pengguna Google,Gak efektif yg daftar di sistem masuk ECO park 5rb tpi yg datang itungan jari,2,0,2022-08-21 11:52:46
7452cfc2-cb33-4f66-bb02-f30979636745,Pengguna Google,Ini gimana dah. Dapet info di kramat jati ada nyediain vaksin booster di infonya jg bsa daftar lewat jaki. Tp giliran mau daftar lokasi lippo kaga ada sama sekali,3,0,2022-08-21 06:22:47
d95d1ba3-8766-4a6b-b6fd-8d4c5b0efc39,Pengguna Google,😎 th!s new app'$ SteAdy bRo 😎,5,0,2022-08-21 04:34:46
77235703-d4a6-4b7e-848d-7c21b993b454,Pengguna Google,"Apk ga guna, sudah daftar vaksin dosis 3, di parkir timur senayan. Jadwal vaksin jam 17.00 wib sampai 19.00 wib, pas sampai sudah tutup. Parahhh mnh jauh"" ke senayan. Gini bangat orang mau vaksin",1,1,2022-08-20 17:21:42
2f8d7589-3982-40cc-9db0-56420dbd7c4b,Pengguna Google,Sangat membantu 👍,5,0,2022-08-17 07:05:53
bec946d7-b5e1-42a1-88c1-64178dff0d95,Pengguna Google,"Kepada Yth Gubernur Dki Jakarta Anies Baswedan dan wakil guberner DKI jakarta Ahmad Riza Patria Kami sebagai pramudi jaklingko(mikrotrans) menutut masalah kesejahteraan kami pa, kami sebagai Pramudi tidak nerima upah dengan layak pa, tolong pa perhatian kami pa Pramudi mikrotrans yang bapa tujukan untuk pelayanan masyarakat khusus nya dki jakarta, kami siap menjalankan peraturan di dalam nya tapi tolong pa perhatian kan Kesejahteraan kami pa, upah kami jauh dibawah ppsu atau pasukan oren pa",5,0,2022-08-16 15:11:28
44df3809-1b95-417e-82dc-2dde92c669a4,Pengguna Google,"Kinerja Jaki sangat responsif & cepat. Tidak butuh waktu lama, laporan yang masuk langsung diproses & ditindaklanjuti. Tapi yang sangat disayangkan itu adalah nama pelapornya dibocorkan ke tertuduh oleh petugas yang sedang bertugas ke Lapangan yang sedang memberi sanksi kepada tertuduh",2,0,2022-08-15 17:16:00
4a7e041e-6ce6-49e3-9efc-49144dd8f063,Pengguna Google,Informasinya bagus..terkini,5,0,2022-08-15 09:38:02
0dc443ce-c55b-48e2-85b1-0fb9b09e4147,Pengguna Google,👍👍👍,4,0,2022-08-14 04:20:44
cbb8bba7-d99a-40c9-b0e1-827a3b64a7ff,Pengguna Google,"Tidak bisa cek pajak kendaraan, selalu eror dan eror terus menerus, mohon di perbaiki",1,1,2022-08-11 12:43:20
cfffedf8-715c-407c-8813-8cd10bed13d7,Pengguna Google,Jaki merupakan aplikasi yang sangat praktis dan interaktif. Mantul deh,5,0,2022-08-10 17:40:30
c60fdadb-270c-44a5-acff-4f0d2db60c72,Pengguna Google,Apl nya tidak membantu sama sekali untuk mendaftar vaksin,2,1,2022-08-09 18:29:14
343359fc-8c3f-4f43-941f-7df1dcf8a5fc,Pengguna Google,Jadi banyak tau berkat adanya j terima kasih telah banyak menyajikan info info penting,5,2,2022-08-09 12:30:45
078778ef-62b2-4065-8f27-75822ac63399,Pengguna Google,"Apps nya bagus untuk daftar vaksin booster, untuk yg mendaftar vaksin lebih diutamakan jika menggunakan Jaki Krn menyesuaikan dgn jadwal free kita. Cukup isi profil, (kalau untuk validitas data tunggu 2 hari) lalu cari menu vaksinasi lalu isi NIK, nama, alamat, dan no tlp, lalu pilih puskes/RS, pilih tgl tanggal. Setelah selesai lanjut isi pre-screening, setelah selesai cetak hasilnya. Td saya vaksin dos 3 hanya 10 menit sudah selesai dan langsung terintegrasi app peduli lindungi.",5,17,2022-08-09 09:33:07
dea4de66-6db6-4cae-92fb-6d56e873d59f,Pengguna Google,"Jangan terlalu banyak update dengan adanya program anu ini. Mending dipakai. Sama kaya fitur apapun, cukup menjadi informasi saja",2,1,2022-08-09 05:12:53
fe21723c-9aba-4b2c-85d6-51f815e945af,Pengguna Google,Good,5,0,2022-08-07 02:15:13
437ec98b-7e05-4f46-8f9e-dd7bda5555da,Pengguna Google,Bagus,5,0,2022-08-06 23:00:42
f4e1c85b-7d30-4ae1-8371-510265863b60,Pengguna Google,"Tolong di jakpenda buat fitur bisa bayar pajak kendaran bermotor,jadi kami bisa bayar pajak.motor tanpa harus.ke.samsat terima kasih.",3,1,2022-08-06 15:20:24
2c8ed0e3-6cf1-45b4-adf6-1a0896bb12bf,Pengguna Google,sangat buruk udh daftar dan pada saat dintempat udh antri 3 jam yang di duluan malah yanh baru datang !!!,1,3,2022-08-06 09:31:44
39477e9f-cfd4-40e6-864c-176f8ded4124,Pengguna Google,Sangat membantu buat informasi,5,0,2022-08-05 22:56:00
1191f45e-8db1-498c-80ea-0ad9613a7346,Pengguna Google,Mau daftar vaksin ga bisa!!! Padahal kuota di setiap pelayanan kesehatan cuma sedikit jd berebutan. Bener² dehhhh,1,3,2022-08-05 15:56:56
2ba1f04a-bccd-4db8-80c8-6e036226a5b0,Pengguna Google,"Jelek, sudah vaksin booster tapi sertifikat belum muncul dari tanggal 3 😤 meriang doang sertifikat Ora payah 👎",1,1,2022-08-05 00:33:18
fe5f4028-d9ea-45ea-97ae-4600b611d49e,Pengguna Google,"Saya baru sana melakukan pengaduan masalah sampah rumah tangga yang menumpuk tidak di ambil oleh petugas kebersihan lingkungan , tapi tbtb petugas PPSU memarahi saya berkata kalau masalah sampah ini bukan tugas PPSU itu harus melaporkan ke pak rt saja , lalu aplikasi ini gunanya apa ? Kalau mau mengadu kemana ??",1,2,2022-08-04 21:59:54
28cf4dbf-2498-45fd-ad00-751322124211,Pengguna Google,Bagus mantap,5,0,2022-08-04 21:08:30
2c479097-baa7-4bb4-b244-b038a85997fd,Pengguna Google,Baik,5,0,2022-08-04 09:29:00
aff562f0-01f4-4177-8ab4-8fdae20adc10,Pengguna Google,Laporan langsung ditanggapi,5,0,2022-08-04 08:29:07
ba88d8a9-0391-4c6c-88ce-fa2b17591315,Pengguna Google,Mantap jadi lebih mudah bekerja,5,4,2022-08-03 18:04:30
b3391f61-ed18-472a-8293-279eb1f2e4f2,Pengguna Google,"Buruk.. udah daftar 2 hari belum ada konfirmasi. Sudah saya email dilempar lagi ke petugas lain, sampai sekarang belum ada konfirmasi juga. Apa karena saya KTP luar DKI? tolong lah pemerintah itu yg adil apalagi ini menyangkut kesehatan masyarakat. Masyarakat punya hak yg sama selama tinggal di indonesia.",1,1,2022-08-03 10:15:03
c26b763e-ddd6-4c3e-a0c5-750a2098c79f,Pengguna Google,"Tambahin fitur jaklingko atau peta jaklingko buat liat rute"" angkutan jaklingko",2,0,2022-08-03 08:52:41
1514843e-a9e6-451f-ba52-8eb25dc7210e,Pengguna Google,Cukup lama penanganan nya,2,0,2022-08-02 13:35:21
3f56e669-c7e0-416b-ad64-8a9a803ad897,Pengguna Google,Saya bikin laporan terkait perusahaan tempat saya kerja merugikan karyawan. Status laporan selesai. Tapi saya tidak tau tindak lanjut dari petugas seperti apa. Saya ajukan kembali laporan untuk meminta penjelasan dari status laporan selesai. Ternyata yg saya dapat laporan yg ditindak lanjuti petugas tidak sesuai dengan no laporan yang saya buat. Itu bagaimana ya min? Padahal saya berharap petugas disnaker bisa membantu saya dan karyawan lain terkait perusahaan yg membuat kebijakan diluar kontrak,1,1,2022-08-02 12:47:18
d4f22a4e-f8cb-4070-b991-d9d59e023281,Pengguna Google,semua sibuk,1,0,2022-08-02 08:44:37
6ab9b6f6-73ef-4931-90d1-72037e615766,Pengguna Google,"Kenapa tidak bisa scan qr code ya? Tadi pas masuk ke salah satu kantor coba pindai qr code tapi tidak muncul apa2, malah kembali ke halaman utama",2,0,2022-08-01 18:22:16
0bee1929-687d-4a29-950c-c8ab544ed276,Pengguna Google,Mantap,5,0,2022-08-01 17:42:10
5cb29f02-69fd-43a6-8853-ffd53019054a,Pengguna Google,Ok,5,0,2022-08-01 15:29:08
5a088357-8ffb-4556-9aef-cbb68fe5de3d,Pengguna Google,Sangat membantu,4,0,2022-08-01 08:35:53
d058d6be-4716-4993-bdca-528dc5113ff5,Pengguna Google,"Cepat dan tegas , terima kasih sudah cepat dalam mendalami proses proses yang mempersulit dan meribatkan suatu hak",5,4,2022-07-31 22:32:35
48ec887f-ba32-4521-ae57-5aabc5df8d23,Pengguna Google,"Setelah install koq ga ada ikon nya, terus jalankan nya bagaimana? Kesimpulannya tidak kompatibel dengan hp saya.",1,0,2022-07-31 22:09:29
22a90320-f604-44c3-be50-06b51925b347,Pengguna Google,"Aplikasi ini masih tahap uji coba , masih program Beta, atau error ada bug di aplikasi sehingga sering log out sendiri.. harus daftar lagi ! Untuk developer pembuat aplikasi di cek aplikasi buatan anda masih error bug,",3,8,2022-07-30 18:51:07
28e93458-aac0-4b7c-bad0-e2f7362dca41,Pengguna Google,Bravo... Teruslah berinovasi dan berkembang.. ✍️ 👍,5,2,2022-07-30 13:44:10
86e8bb06-f0e5-49f0-9d20-267b0d9d2e08,Pengguna Google,Apk bangsa** mau verifikasi pake foto aaja susah jancu*,1,0,2022-07-29 21:44:56
7f056f87-48f4-495f-aa63-a1dd643dfe9a,Pengguna Google,Baik,4,0,2022-07-29 03:47:51
5de75cdd-8ffb-4e9c-94f7-54b71d84efe1,Pengguna Google,Good,4,0,2022-07-27 19:53:36
17522894-4ed4-4d17-9ebf-82b1cf346afc,Pengguna Google,Kren,5,0,2022-07-27 07:39:18
1ce5f9e9-f017-4677-bfba-ca43a868f92b,Pengguna Google,Terimakasih semua baik..,5,0,2022-07-26 21:41:58
c4f7a593-f578-4b0a-871a-0ed77f0b5362,Pengguna Google,"Apk aneh, saya pakai di link kompas keluar data saya sudah vaksin 1&2, pakai apk ini keluar saya belum di vaksin aneh.. Ini kenapa lokasi vaksin nya ga ada di Jakarta selatan??? Padahal di jaksel saya liat banyak dan semua harus daftar lewat jaki.. Tp begitu mau daftar ga ada.. Did atangi on the spot ga bisa... Aneh, capek saya sabtu minggu cm cari vaksin muter muter... Vaksin dosis 3 amburadul bener mendingan lewat rt rw kayak dosis 1 dan 2 lebih gampang. Un install aja ga guna mah inj",1,2,2022-07-26 14:57:27
1f5b9a89-4528-4e4a-8c22-9f4ae3d7aff2,Pengguna Google,Jakwifi susah login.kadang eror.,1,0,2022-07-25 21:46:34
98913b62-8d12-4ec1-8a58-77b48f299e4d,Pengguna Google,Esppt pbb-p2 DKI Jakarta,1,0,2022-07-25 16:23:17
57b50e16-50ce-4f5c-bb5c-25b78a574abf,Pengguna Google,Ini untuk aktivasinya gk di kirim2 ke email ya? Gimana bisa aktivasi klo begini 🤥,3,0,2022-07-25 14:18:14
afd81107-d196-43cd-8376-0f48b243f8b5,Pengguna Google,Very good,5,0,2022-07-24 14:21:22
858e8569-5b53-49fe-80c8-b8c5e6acf388,Pengguna Google,Ok,5,0,2022-07-23 17:55:40
346a9a71-3c3a-4d93-82f3-2ed1f65138c3,Pengguna Google,Enggak membantu. Mau daftar vaksin booster malah dibilang belum vaksin dan masuknya ke vaksin dosis 1. Padahal udah ke verif akunnya dan kecatatan sudaj vaksin 1 dan 2.,1,0,2022-07-23 17:32:10
c9256acb-e2f4-40b0-8966-4da162a824d8,Pengguna Google,"Kenapa applikasi jaki tidak bisa dibuka, lebih bagus applikasi QLUE, tpi skrg gak bisa dibuka juga",1,1,2022-07-23 17:07:49
2b6e4e5e-6540-4455-844c-1663f174473a,Pengguna Google,"Mau daftar selalu gagal terus, bilangnya captcha is not valid. lemot parah juga",1,1,2022-07-22 22:48:38
14ef27ae-c130-4895-a5a4-b41fd2ea24d8,Pengguna Google,Sangat membantu,5,0,2022-07-21 18:43:54
f16b20ea-5053-4d4e-b7c1-2405d5945a53,Pengguna Google,Jakwifi klaim nya katanya gratis kan ya untuk akses publik untuk belajar?? Tapi kenapa pakai sandi?? Saya ga tau harus tanya kemana kata sandinya?? Ke rw setempat pun jawabnya ngga tahu?? Jadi baiknya gimana ya? Makasih,2,0,2022-07-21 18:39:53
5d820345-b828-4aac-9482-3e158c191581,Pengguna Google,"Terimakasih jaki,aspirasi saya sudah didengar 👍👍👍👍👍👍",5,0,2022-07-19 18:56:41
756a3a11-bfce-4d4b-b217-ca5ec9694ba0,Pengguna Google,Halo jaki mengapa jakwifi tidak bisa di gunakan ?,4,0,2022-07-18 18:48:39
d4db4649-9ed8-41c2-88a5-20ef0d826620,Pengguna Google,"Sering dlm perbaikan, jadi data kurang akurat, sy sudah vaksin di info belum vaksin. Dan mau daftar untuk vaksin booster jadi ga bisa. Tlg di perbaiki. Tq",3,15,2022-07-18 13:55:27
559d454b-b04d-4f6b-b9d6-e114eb50812c,Pengguna Google,"sudah daftar vaksin booster, eh. mau log in lagi katanya nik dan nama ga sesuai....",1,1,2022-07-17 16:42:08
fdbe4fd2-3b00-436a-b9be-a24b19872d9c,Pengguna Google,aplikasi bagus,5,0,2022-07-16 03:07:01
f066e8b2-fcbf-44af-8b60-ef91e86106ef,Pengguna Google,Hei hei not bad,4,0,2022-07-15 10:04:24
f7d06f4d-614e-41ce-bec5-05fa86a1e74c,Pengguna Google,Mantab,4,0,2022-07-15 08:47:17
d33030e7-10c2-45ed-b959-2950990b54c1,Pengguna Google,"Moon maap, kenapa skrg Jakwifi gak bisa di pakai, malah minta sandi, kata nya wifi gratis utk warga Jakarta, lah kita mana tau sandi nya 🤣",3,0,2022-07-15 04:56:54
a88ed249-1565-4ace-b00d-0da14b9faeb5,Pengguna Google,"Mau vaksin aja kebanyakan aplikasi,kenapa ngga jdi satu aja di pedulilindungi,niatnya apa si sebenarnya,wajib vaksin ,apaau jual aplikasi ,,,??",1,1,2022-07-14 14:47:27
6fe711d9-f828-4591-8ebb-0051019535a9,Pengguna Google,okey,5,0,2022-07-14 14:25:54
3b192b28-839d-4f79-a0ce-e442b4c4bf39,Pengguna Google,Aplikasi ini membantu saya dalam hal memperoleh informasi lokasi vaksinasi,5,2,2022-07-14 14:16:37
5c2e1a10-c4a9-4c7e-9f84-449b93405471,Pengguna Google,Jaki kenpa pas pembaruan jadi eror,1,0,2022-07-14 07:58:42
a8205531-8b2f-4755-8663-11d719b5fefc,Pengguna Google,Great,5,0,2022-07-14 01:40:06
962d061a-eb74-4ba5-9a41-9c034970ab3c,Pengguna Google,Kalau ada yang eror/masalahny saya akan laporkan,1,0,2022-07-13 21:58:08
783f3780-8f31-4c6d-8771-856457d3ee7a,Pengguna Google,Udah daftar dan udah dapet pre screening tapi lokasi vaksin malah tutup.,1,1,2022-07-13 19:46:24
05aee7fd-8a28-446e-88ad-115e04158d0e,Pengguna Google,"Jelek, mau lapor aj gabisa loading mulu",1,0,2022-07-13 15:17:41
2335050c-c654-468a-a53c-cf0ec6752d65,Pengguna Google,JakWifi sekarang minta password/sandi udah gak bisa di pakai di public lagi ya ...katanya WiFi gratis ..tapi harus pakai sandi....sandi nya gak tahu apa,3,1,2022-07-13 10:02:42
1ea31a5a-4661-4fed-acff-6d3fd8c7a9aa,Pengguna Google,Kenapa download aplikasi Jaki ini.lama sekali padahal internet berfungsi baik? Mohon.pencerahannya,2,0,2022-07-13 08:18:09
ebcfcc36-2d8a-4641-b535-56cf148435a9,Pengguna Google,"Ga bisa buat ambil antrian di puskesmas, alias appnya bapuk.",1,0,2022-07-13 06:47:39
0dd33f74-42cb-4746-b71e-409755617661,Pengguna Google,Aplikasi ga jelas,1,1,2022-07-12 22:25:26
f8cff44f-bc56-4c3a-98de-b81874da5f83,Pengguna Google,Makasih laporan sy d proses,5,2,2022-07-12 20:52:07
20c63611-8834-4960-a006-a66e828a1f50,Pengguna Google,Ok,5,0,2022-07-12 11:21:02
d40fb158-08dd-4aa6-b2d0-4e2fa8589937,Pengguna Google,"Jelek aplikasinya!!!! Masaaa nik saya gabisaaaa,bikin memperhambat waktu saya buat booster aja nih aplikasi!!! Mana customer servicenya juga erorr, payah!!!!!!!!",1,1,2022-07-12 11:12:00
4c466cc0-dfdf-49a9-a656-7daad96a932a,Pengguna Google,Aplikasi ini sangat berguna untuk saya sebagai gembel wifi,5,0,2022-07-12 10:29:01
c233a677-c04b-4b86-8667-ffd1346678d4,Pengguna Google,"Game ini sangat buruk serta kualitas grafiknya sangat buriq, sangat tydack ramah................ Bintang ⭐",1,0,2022-07-12 10:28:06
90f8be0d-e21b-42be-9baa-ae0e0b7093ed,Pengguna Google,Aplikasi nya sangat bermanfaat,5,0,2022-07-12 08:49:03
325f45ec-2587-4845-97be-3337a01de5bd,Pengguna Google,ada pertanyaan tapi ga di respon,1,0,2022-07-11 16:03:09
18f9d7d2-a48a-4566-b148-38842db00250,Pengguna Google,Ok,5,0,2022-07-10 19:56:12
e9528fa0-f9b4-4f80-a14d-4f3ab6a0c226,Pengguna Google,Top,5,0,2022-07-10 18:20:13
33b2c03c-bb7d-43e7-ae8f-1b55d42b91e7,Pengguna Google,"Jaki sudah tidak efisien karena banyak digunakan untuk laporan pribadi / sensi yg dapat menimbulkan kegaduhan. Segala parkir di gang depan rumah dilaporkan, buang puing sembarangan tp yg bikin crm(laporan) orang yg buang puing pula. Jadi aji mumpung. Harusnya pihak admin jaki bisa memilah milih laporan yg sesuai ketentuan berlaku. Sehingga jika ada laporan yg tidak sesuai harusnya jangan dikerjakan/jgn dipublikasikan utk dikerjakan oleh pihak terkait. Mohon kerja samanya. Terima kasih",1,0,2022-07-10 01:40:47
7eff1215-1aee-4f34-bad1-801906894803,Pengguna Google,Hampir setiap buka aplikasi zaki selalu bermasalah..sy pikir kuota sy yg mau habis ternyata memang aplikasi jaki nya gak bagus..,1,0,2022-07-09 12:23:47
38dc4518-a769-4ba7-97fa-acf88f91b10d,Pengguna Google,Bagus dah aplikasinya,5,0,2022-07-09 11:04:52
1c90713f-5d5a-4047-8ddf-a93186433663,Pengguna Google,Terbantu dengan adanya aplikasi JAKI ... Mantap,5,3,2022-07-08 01:36:03
a3aa8786-c6ed-4700-a168-c6439d2e97bf,Pengguna Google,DKI Jakarta memang kereennn,5,0,2022-07-07 00:49:56
542f986b-a562-4fb1-98dd-c150471fe3b9,Pengguna Google,"awalanya si coba"" tapi lah kok enak",5,2,2022-07-04 08:47:03
2f01a70a-6ebc-4da6-a7fa-69bf38489ac1,Pengguna Google,Parah Bnget Mau Registrasi Akun Aja Ga bisa Mlu Padahal Udh Di Konfirmasi Di Email Pad Masuk Ke JakI Tetap Smaa Aja Ga Bisa Login Hadeh,1,0,2022-07-03 19:36:15
1960c0bd-55ff-45c7-a0ff-802719610515,Pengguna Google,Sudah diisi berulang* untuk daftar espt tahunan malah jawabanya data tidak sesuai dengan dukcapil...,2,2,2022-07-03 10:51:12
50c9de78-e4fb-4de0-9a40-d1d9fb86b81d,Pengguna Google,"Saya udah daftar untuk booster moderna,,,,mana jauh tempat vaksin nya dari tempat tinggal ku,,eh pas nyampe tempat vaksin ternyata tidak ter sedia vaksin booster moderna nya,,kan kesell",1,1,2022-07-03 08:23:14
e7d09a50-d12d-452c-a728-e0edc41558c0,Pengguna Google,Aplikasi nya parah sering banget eror kacau nih eror mulu,1,0,2022-07-03 04:59:34
540a86c7-b8c8-424f-a025-7139d6843065,Pengguna Google,punya pemerintah mana ada sih yg bener -.-,1,1,2022-07-03 00:31:42
dfe494dc-8da8-4235-a002-fcdaaa12375d,Pengguna Google,"Ini jaki kenapa tidak bisa bikin laporan??? Tolong utk di perbaiki aplikasinya,... Terimakasih",1,0,2022-07-02 16:57:46
08a55a17-303e-48ae-b083-fb2dfa2e654e,Pengguna Google,Aplikasi penuh manfaat,5,0,2022-07-02 10:38:12
879b0d2e-b79a-4c4c-99ef-f085c5d628fe,Pengguna Google,Sangat membantu. Sipp Lah. Thanks jaki,5,2,2022-07-01 14:23:34
6d700274-4e63-48e3-82cc-c2546abfaa7f,Pengguna Google,Giliran berhasil daftar vaksin. Jauh2 kesana katanya gk ada. Hadeuh.... Mending gk usah dibuat daftar vaksin lewat jaki deh kl cuman nyusahin aja ujung2ny,1,0,2022-07-01 10:35:06
4edc67ec-34a9-40f8-8ef1-11a27c2ae329,Pengguna Google,Bagus,5,0,2022-06-30 18:55:35
4a05b8d6-3d6b-4b3c-af94-649f196e0f1e,Pengguna Google,Ko smpe skrg blm bsa donwload pbb 2022 ya,2,2,2022-06-30 15:50:50
524bd932-6fa8-4fec-9518-25e212ca4482,Pengguna Google,App ga jelas sumpah. Orng udh vaksin ke 2 masa pas daftar vaksin ke 3 kga bisa dan nik kga ke baca kalo udh vaksin sedangkan di sertifikat vaksin udh terdaftar vaksin ke 2 payah bgt mna situs dan web untuk soal vaksin lama banget perbaiki secepat nya dah,1,0,2022-06-30 09:28:32
afe34642-b77b-4906-869e-8fc6a7153e78,Pengguna Google,Kpada bapak gubernur bpk wakil gubernur dan pihak2 yg terkait dg JAKI .apakh jaki sdh ditiadakan lagi? Dari kemarin sy liat laporan2 tdk ada yg menanggapi dari pihak2 terkait hingga hari ini sy melaporllkan tdk ada runutan laporan sy sdh di terima dan sedang tahap apa tdk ada pnjelasan dan keterangan,1,0,2022-06-29 07:51:21
8a739bd7-4684-4090-bf76-40753d84a86a,Pengguna Google,Bagus,5,0,2022-06-29 05:13:38
4e561801-bb96-4b39-a845-efcec7f370c5,Pengguna Google,Min kok app Jaki mw lapor ga dikordinasikan sama pihak kel ngeblank menunggu,1,0,2022-06-28 21:35:25
68d44b54-bb25-41f0-939f-d1b7b6edbc01,Pengguna Google,Kurang Paham Sama APP ini...,1,0,2022-06-28 21:08:15
df2e10d2-f9c8-4293-8737-b161dec03991,Pengguna Google,Jakarta,5,0,2022-06-28 21:06:17
113486e3-c21f-4e87-ad20-0c595f0e8233,Pengguna Google,*Terima kasih untuk feedback cepatnya * karna,5,0,2022-06-28 16:32:53
a35e4eb1-3c56-45f5-8d11-e52871069660,Pengguna Google,Ok,5,0,2022-06-27 19:04:56
b1dab62c-c9fa-46ab-985d-04eaaf196b87,Pengguna Google,"Dear provider tolong ya ini saya tidak bisa unduh sppt pajak karena saat isi data diri pengunduh di bagian kota/kab nya salah terus, diisi Kota administrasi jakarta selatan ""salah"", diisi kota jakarta selatan ""salah"", diisi jakarta selatan ""salah"" terus harus diisi apa dong? Kan itu udah sesuai sama ktp untuk alamatnya.",1,0,2022-06-27 17:59:36
e6157a00-d330-4a30-9093-41034cdd144a,Pengguna Google,min saya mau daftar akun bapenda tapi kenapa error terus ya .. tolong server nya ya di perbaiki supaya bisa mendaftar akun saya makasih,3,1,2022-06-27 16:35:32
b0fd4e5b-ac52-40fe-bedc-a240fab13081,Pengguna Google,Ini bagaimana data yg dimasukkan sudah benar kq dibilang datanya salah tidak sesuai dengan dukcapil hadeehh padahal sebelumnya bisa lho,1,1,2022-06-27 09:17:38
85c0e921-58f2-45da-b20d-4a3a0dd92e68,Pengguna Google,Kenapa d masuka password jakwifi g bisa tidak tersambung bukanya bikin mudah malah ribet,1,1,2022-06-26 22:48:59
21097f68-b691-4863-96bf-be5237a7922a,Pengguna Google,"Saat mendaftar akun baru keterangan ""sedang error"" Saat minta bantuan ""maaf halaman sedang dalam perbaikan"" Apakah aplikasi ini bisa digunakan untuk mendaftar dtks ??? Mengecewakan",1,31,2022-06-24 15:34:44
120447a9-4f27-4e93-b5d8-dd70e14830ab,Pengguna Google,Pengen online mau cetak SPPT PBB ... ealahh... malah lemot... 😇,3,0,2022-06-24 13:55:53
1385a19d-98e4-45db-b1c4-d6d610caec1f,Pengguna Google,Mantap,5,0,2022-06-22 23:41:31
3a9dd327-adcd-4394-a876-744b647743f9,Pengguna Google,"Tidak bisa akses peduli lindungi....tulisannya "" jaki terhenti """,1,0,2022-06-22 13:32:24
58139cb7-87a9-4b43-a0e4-9bb3b2b30b30,Pengguna Google,"Nomor Telpon kenapa Tidak Bisa di masukan,???? , selalu ada tulisan ""Batas waktu anda Habis""",2,0,2022-06-22 12:15:02
98dd3097-fbca-4f0f-ba32-aceb3f43e482,Pengguna Google,"Mau download PBB susah amat, ga ada kolom pengisian kel kec, tapi pas diakhir diminta isi",3,0,2022-06-21 16:01:46
bb214f2d-b2ee-43b9-9258-f194c202a401,Pengguna Google,"Mohon bandwith / kapasitas servernya ditambah/diperbaiki, agar keluhan/laporan warga bisa dgn cepat sampai ke pihak terkait.. Trimakasih 🙏",4,5,2022-06-20 18:05:59
3e45d3a6-b333-4a0f-9bc9-7f246975ca44,Pengguna Google,Merupakan aplikasi bagus untuk melaporkan keresahan warga seperti macet jln berlubang. Hanya satu yg harus dibenahi yaitu respon petugas tidak gerak cepat,4,0,2022-06-20 08:28:32
fb8d3916-db60-4ddf-b135-ae440833eba6,Pengguna Google,Kenapa ya setiap survey baca an nya tidak ada survey terus kenapa itu ya apa nya yg salah?,2,0,2022-06-17 17:07:52
5f41b9b0-f05f-4060-9b9f-271c97dd7ba4,Pengguna Google,"Pengguna Android versi 7.1 tidak dapat mengisi form pilihan domisili dan hubungan pengunduh dengan pemilik bangunan untuk mengunduh e-SPPT PBB. Mohon ditinjau kembali. Seharusnya aplikasi milik Pemda dapat kompatibel dengan Android versi 6, 7, 8, 9 dan yang lebih tinggi.",2,5,2022-06-16 18:22:07
e87097aa-eef8-4616-ad08-73cc91a4a747,Pengguna Google,Respon lambat dan terkesan ngasal TL nya...,1,1,2022-06-15 16:51:29
d9715c10-4741-49aa-99bf-a2fb5f2f8f49,Pengguna Google,Sangat membantu,5,0,2022-06-15 12:35:43
b293e615-3191-453c-aab2-fa1dbd26acac,Pengguna Google,"Sebelum nya sudah di verifikasi, trus skarang di verifikasi kasi lagi... Kan kita mau daftar vaksin masak harus nunggu verifikasi lagi, sedang kan nanti kalo waktu vaksin nya lewat di suruh ulang vaksin lagi... Kalo bikin apk yang membantu lah, jangan malah ngerepotin, kita juga butuh di permudah, kapan rakyat bisa merasa enak di negara ini kalo semua urusan di persulit",1,4,2022-06-13 10:24:18
cbb33b0e-bc4f-4223-a82b-d1820c62fc34,Pengguna Google,Lama banget si di download lgi butuh juga,1,0,2022-06-13 07:40:03
a2de9294-769c-4f7e-89f0-e2bd4c729ef9,Pengguna Google,Mantap,5,0,2022-06-12 14:47:19
daaa81a4-8e85-4e98-9b14-8b75194dcdbd,Pengguna Google,"Saya salah masukin no ktp terus email saya jga jadi kepake di ktp orang, mau di ganti malah gabisa",1,0,2022-06-11 06:01:57
2e8d520c-1ff8-468f-b24d-4d6b09811feb,Pengguna Google,Bagus,5,0,2022-06-10 21:46:24
31b75b65-5b66-4c74-a9a2-cdefce29a5eb,Pengguna Google,Cakep,3,0,2022-06-10 09:38:17
84fca101-26da-448b-b643-b3e037afacf8,Pengguna Google,Ez,2,0,2022-06-09 14:02:38
84f3a318-652b-4084-8802-6421594c5509,Pengguna Google,Kenapa masi susah masuk kadang mau survei kinerja per TW,3,0,2022-06-09 13:32:51
5fbe8b1b-866b-4460-be26-9c572c595e1e,Pengguna Google,"Kurang Efektif , Kalau Mau Bikin Pelayanan Maksimal Dana nya kan Ada ? Cobalah Developer dan Pemerintah Maksimalkan Aplikasinya , masa Kalah dengan Daerah yang Lain . Kota Administrasi masa Kalah dengan Kota yang Lain.",1,0,2022-06-06 21:21:41
f19adecb-e818-47b3-b7a8-cb0f7c358ef2,Pengguna Google,Maju kota nya bahagia warga nya,5,0,2022-06-06 13:06:27
4ffad678-e41f-4848-a078-156e7980a1d8,Pengguna Google,Kok GK bisa di download yaa apl nyaa..tertunda2 trus,1,0,2022-06-05 19:47:07
17c10520-b7a0-4442-a332-b57472901d90,Pengguna Google,Keren bgt memudahkan urusan daftar vaksin mudah dan praktis,5,0,2022-06-05 15:50:00
fad01c7a-b263-434d-b89f-5976f138ca7a,Pengguna Google,Semoga joss kedepan nya,5,0,2022-06-05 03:07:47
7e4034d3-21c3-4c69-b1df-cc69559b99b3,Pengguna Google,Thank You Aplikasinya Sangat Bermanfaat,5,2,2022-06-04 10:46:18
aecc6e91-3afb-4576-a64d-cc0686663b19,Pengguna Google,bermanfaat sangat,5,0,2022-06-03 08:55:43
b11bdede-b089-4901-bf52-016e7387403a,Pengguna Google,"Jadwal persediaan vaksin ga akurat dengan tempat vaksin, di jadwal jaki ada astra, tapi pas di tempat katanya ga ada. mau vaksin kedua, Pas udah ditempat ternyata Yang astra ga ada. adanya sinovac dan pfizer. Buang buang waktu",2,0,2022-06-02 15:00:05
6abb3d9a-88c0-4760-bbbc-5abe2f114054,Pengguna Google,"Tolong percepat pelaporan tentang ketertiban umum ka, sampai saat ini laporan saya belum ada tindak lanjut",4,0,2022-06-02 11:05:35
ef295849-4632-45ff-83e4-1fd998e36432,Pengguna Google,Sangat bermanfaat Memberikan Informasi,5,0,2022-06-01 20:31:34
7c89488f-b868-4081-9467-9eca4472e5ad,Pengguna Google,"Setelah di update, tidak dapat cek pajak kendaraan motor roda dua. Catatan : Sudah fix, permasalahan ada pada jaringan internet Handphone. Terimakasih, Tim Developer sudah membuatkan Aplikasi manfaat ini.",5,3,2022-06-01 17:16:17
02c8bb3e-e50b-4ef5-af3d-d671ee6036bd,Pengguna Google,Ok,5,0,2022-06-01 00:41:27
203a31d5-66e8-4b69-8746-86909be984b2,Pengguna Google,Gmn min masa kata ppsu jgn diaduin ke jaki... Udh gitu baru 3 hr baru dikerjain pas dikerjain cuma buat Photo doang kacauuu,3,0,2022-05-30 23:59:39
b3bacaff-aacb-478f-8db6-81e336697305,Pengguna Google,"Kenapa aplk jaki saya waktu di buka,ga bisa bisa.sedangkan akun saya Dar kelurahan(ketua RT). Alhamdulillah saat ini 30/52022 sudah tokcer kembali",5,0,2022-05-30 18:40:10
44f75459-549e-4099-8103-b122136ed72f,Pengguna Google,disuru isi survei mulu padahal saya udah lulus sekolah,1,0,2022-05-30 16:51:06
5248d6fe-ecf6-4940-9284-d86bad728602,Pengguna Google,Mantap apk ini..,5,0,2022-05-30 15:32:46
dd700e6c-8bc3-49f7-b6ba-10e4c38c3867,Pengguna Google,Good,5,0,2022-05-29 13:55:25
b4dbed36-4f1c-4c2a-a770-4ccc470c53b4,Pengguna Google,Mau cek pajak aja susah minta ampun. Samsat DKI Jakarta tertinggal jauh dari samsat JaBar dan JaTeng,1,0,2022-05-25 11:16:59
9c33a514-4d80-4113-93ec-a99c7e4f0fde,Pengguna Google,"Daftar vaksin, download pdfnya, lalu print dan berangkat ke lokasi tempat vaksin sesuai jam yg telah diinfokan tapi ternyata gak ada apa² dilokasi, gimana sih ini??????????????????????????????????????????????????????????",1,0,2022-05-24 12:09:53
85bd9326-dc13-4ee6-a2b9-9d2467048fd0,Pengguna Google,Baik sekali.,4,0,2022-05-24 09:24:59
0bc7c9a7-16d4-489b-b1fc-f0642a0ef167,Pengguna Google,Wah... susah utk benar benar anonim ya... yg saya mau klau buat laporon pihak aparatpun tidak tahu siapa saya... karena saya tidak yakin dengan aparat apakah benar benar merahasiakan data pribadi saya sbg pelapor.. ini demi keslamatan saya,3,0,2022-05-23 17:57:10
c16578c5-8e7b-46c5-a1bf-e94dd2104a72,Pengguna Google,Ga ada kontak atau chat admin kalau mau tanya tanya...,3,0,2022-05-23 02:03:57
e6b72aec-d7a3-4f88-a031-0ffbecee3852,Pengguna Google,Jaki saya tidak ada apk jakpenda,5,0,2022-05-22 23:51:51
65073f14-0b4d-464c-b484-b6c5373ddcc1,Pengguna Google,Hebat,5,0,2022-05-20 17:30:54
23497392-84be-4756-b6e6-7d7e37c8fcf1,Pengguna Google,Bagaimana cara mengganti nama lengkap saya kak? Nama lengkap saya di profil kok tidak bisa di ganti ya kak... Karna nama lengkap saya salah dari sana nya salah.,1,0,2022-05-20 12:31:00
a97ab601-18ed-4774-90b6-d126ea0122e0,Pengguna Google,Saya mau nanya jika mau buat pengaduan tentang masyarakat yang memarkirkan kendaraan mobil seenaknya di komplek sehingga memanggu kendaraan yang lain yang akan melintas bagaimna buat pengaduannya tks.,4,0,2022-05-20 12:13:38
1ddd9d7f-cb49-4368-bf92-2770a013f1f0,Pengguna Google,Aplikasi yang sangat baik,5,0,2022-05-20 05:27:01
324dd2af-e9a9-4b6d-82a4-f4f5b1887233,Pengguna Google,Good aplikasi,5,0,2022-05-19 15:03:10
e4eef192-04f8-4e26-9aa9-bf518c5a6732,Pengguna Google,"Sangat bagus aplikasi ini, ada masalah yg berhubungan dengan masyarakat setelah di laporkan ke aplikasi jaki sangat responsif.",5,3,2022-05-19 14:44:28
3a820fcf-1e1e-4baa-b728-c8f6adbfba8d,Pengguna Google,Manis banget,5,0,2022-05-19 11:34:51
9bf9ac0d-dd86-48f0-906e-b6b6f7159021,Pengguna Google,perluas dan perkuat jaringan,5,0,2022-05-19 07:41:56
2fbd7ff0-76dd-4814-9985-a30f9e33be66,Pengguna Google,Waktu blm di upgrade ataupun udah upgrage sama aja..mau daftar ke antrian faskes gangguan terus. Udah berhari-hari ga bnr jg. Tolong diperbaiki kerjanya!,1,33,2022-05-19 07:37:27
f37eacea-0b7d-4967-8396-66b1f8b25892,Pengguna Google,Trmaksih akhirnya bisa juga semoga sangat membantu trma kasih jaki Jakarta,5,0,2022-05-18 20:46:33
21f0761e-4f98-4ae4-b28b-9d0d0ce20599,Pengguna Google,"dowload pbb kebanyakan data yg hrs diinput, susah ngisi formnya",3,0,2022-05-17 19:26:39
349bd525-4bf1-48f2-98f1-ca49eecb314a,Pengguna Google,Aplikasi nya eror mulu...,3,0,2022-05-17 11:32:08
c34ee5ff-4f79-44ec-b0f4-ea7d534bf958,Pengguna Google,Terus berkembang jangan puas diri,5,0,2022-05-16 17:51:07
fcc724e5-effd-461e-83e0-e8fc73a054e8,Pengguna Google,"Aplikasi nya sangat berguna, dibanding ibukota baru",5,0,2022-05-16 08:25:46
c9b09cc1-465f-4b4b-ac90-37d147671ca7,Pengguna Google,"Min sya booster tgl 14 Mei 2022 Kok sertifikat vaksin ga muncul"" apakah booster saya sia""",3,0,2022-05-15 19:27:17
a2bc2f6e-6761-4130-9b25-83d83d85789d,Pengguna Google,Status vaksinasi tolong diperbaiki,1,0,2022-05-15 12:42:21
2549f9d7-4481-4542-98a7-c38bc33eadcc,Pengguna Google,"Apa dah datang ke lokasi vaksin, gak ada apa-apa",1,0,2022-05-15 10:52:52
0407b64f-1256-4492-b667-3217834db8b9,Pengguna Google,"Kalau aplikasinya berguna dan bagus, Diem gak mau komentar. Kalau ada bug sedikit langsung bintang 1 dan komentar jelek². Semoga programernya bersabar menghadapi warga 62.",4,0,2022-05-14 16:04:54
53605a3e-3de6-4a30-883e-2121e3619446,Pengguna Google,"Saya sudah daftar untuk vaksin booster moderna melalui aplikasi jaki dan saya datang sesuai jadwal yg ditetapkan, tapi ketika saya datang vaksin nya tidak ada. Jadi apa guna nya daftar melalui jaki....",1,3,2022-05-14 07:28:36
1123a92f-a886-4b68-8667-615f7add2864,Pengguna Google,Oke,5,0,2022-05-13 12:06:45
9c5343b8-2283-46c2-9a99-6f7a9b47e16f,Pengguna Google,"Kok mau update di ubah profil selalu, request rejected you support id, kek ga gabisa kenapa dah?",1,0,2022-05-13 08:44:38
ac4b53c3-12a9-461a-8127-a9da6500e68c,Pengguna Google,"Aplikasi apa ini? Saya coba iseng nge cek apakah saya sudah di vaksin atau belum, malah di bilang saya belum di vaksin, padahal saya lagi cari info tuk vaksin yang ke 2.",1,0,2022-05-12 23:15:25
a44f3847-dabb-4257-977a-b32e65b0e564,Pengguna Google,Jaki aplikasi pemantauan keramaian warga Jakarta. Sayangnya aplikasi ini jarang yang memakainya.,4,0,2022-05-11 16:24:27
a9231f0e-5d74-427e-b5e3-cbe2303bce2c,Pengguna Google,Ok Mantul,5,0,2022-05-11 12:33:30
6c8be0ae-6fdc-4504-bb3b-731dad5e47f8,Pengguna Google,Top,5,0,2022-05-10 18:34:39
8b493b2c-3594-4665-a781-a62c13afa089,Pengguna Google,"Ini ngapa dah aplikasi,saya udah vaksin kedua,terus malah udah pengen k'3 eh liat status vaksinasi malah belom sama sekali,udah ghitu Mao login juga kaga bisa Kate'e nama SM nik kaga sesuai,barusan saya udah update k'dukcapil itu nik,SM no KK...maaf ya cuma bisa ngasih dua doang",2,0,2022-05-10 13:40:13
cf729e59-7768-4bda-afd1-1f2ff2024cc5,Pengguna Google,Kecewa sama buat jadwal vaksinnya. Diaplikasi katanya tersedia tapi pas sampai lokasi katanya ga bisa. Vaksin yg diminta gaada akhirnya capek jauh ga jadi vaksin. Terima kasih aplikasi udh ngerjain saya,1,1,2022-05-09 12:09:06
64ab90fb-939e-4da8-bc56-3d084cb8d857,Pengguna Google,Bagus bgt,5,0,2022-05-09 07:51:20
2ac43561-918d-4fb8-bc17-33188552bc16,Pengguna Google,Good,5,0,2022-05-07 19:31:30
3c4cd03e-d7bc-4ade-91cf-21985859e2dc,Pengguna Google,"Mohon JAKI Menyebar pelayanannya terutama disekitar Pos RW 13, RT 10/13 Kel Kalibaru Cilincing Jakarta Utara, Masyarakat tidak merasakan Manfaatnya termasuk tidak ada Signal untuk fasilatas berkomonukasi signal Jakwifi juga demikian tidak dapat dinikmati karena tidak tepat sasaran pelayanan JAKI & penempatan JAKWIFI",3,0,2022-05-07 10:03:04
ca6cc814-2596-47e9-84c4-2672e2e54de3,Pengguna Google,Ok,5,0,2022-05-05 23:37:00
2dc2548d-8cfa-4522-9afb-cbd9b5644644,Pengguna Google,"Daftar vaksin ke 3 lewat JAKI, sudah isi dan print dokumen yang diminta, dapat jadwal vaksin jam 10. Pas sampai di RSUD Pademangan (jam 10 kurang) malah kehabisan vaksin dengan alasan ""Banyak yang datang manual"" KALAU GITU BUAT APA ADA APLIKASI, BUANG2 WAKTU DOANG 🤣",1,0,2022-05-05 10:28:58
3836e961-af03-46d0-84ca-ee743aa740f1,Pengguna Google,verifikasi nomor hp tidak bisa. ini aplikasi sepertinya dipaksakan untuk di publish padahal belum ready.,1,0,2022-05-04 06:39:15
667d8435-6aaa-4910-b62e-13fffc553462,Pengguna Google,Pelayanan nya sangat cepat😍👍,5,2,2022-04-28 22:27:02
42c5e640-7802-40f5-b09e-cd2f2cdd7d79,Pengguna Google,Saya tidak bisa apa apa,1,0,2022-04-28 09:06:22
47419cbb-e243-44fa-b734-b7a2c2827a25,Pengguna Google,Kenapa tidak bisa mengganti foto profil,3,0,2022-04-28 09:01:25
11ab426f-f11f-4ce7-bfb0-e1d002d2c4c6,Pengguna Google,"Mau daftar booster ko ga bisa2, pas pencet tombol periksa ga respon.trus gimana sy mau booster, sedangkan harus daftar dulu di jaki.tau sendiri kalo security di puskes dan rs jutek2",2,0,2022-04-27 05:26:23
50991cf2-afd2-42e2-8b5d-37c5877ff9e8,Pengguna Google,Good,5,0,2022-04-26 15:46:03
48568b3f-1f85-4a33-9eb5-3bc347a6bb7f,Pengguna Google,"Mau registrasi aja susah, diminta aktifasi lewat link yg dikirim ke email tapi di cek berkali2 tidak ada email masuk.",2,0,2022-04-26 09:07:45
b7f5c4bd-a506-44d6-877f-492b5c4e9d17,Pengguna Google,Bad,3,0,2022-04-26 04:08:21
f0d15fd5-35c9-428a-8884-98e6e201d00c,Pengguna Google,Mencuri jumlah suara untuk pilpres 2024 nih yeee,1,0,2022-04-25 17:39:13
d07407e0-9b3c-48d1-925a-b3815e6b42fa,Pengguna Google,"Kode verifikasi email berkali² tidak dikirim, tolong diperbaiki dong sistemnya.",2,1,2022-04-25 15:56:33
ac6b187b-6bb4-48f3-9276-4649d8388556,Pengguna Google,Aplikasi Yg Kereeen Bingits.. Terus berkembang menuju Aplikasi friendly dan memotivasi.. 🏅👌,5,2,2022-04-25 05:38:02
61cde58a-7465-480f-8f21-5be28194b336,Pengguna Google,insyaallah terbaik,5,0,2022-04-24 07:16:08
74065dd8-fcd6-425f-9a3f-7a76095010f0,Pengguna Google,g guna,1,0,2022-04-23 12:50:03
be2db760-b89b-4768-8b5a-0103827e8670,Pengguna Google,Lama di download,3,0,2022-04-22 16:27:01
efde0104-40f6-4f10-b3a6-627570142c5e,Pengguna Google,"Kirim kode verifikasi email gak masuk2 sampe saat ini gak ada email nya , aplikasi pemerintah kenapa selalu ampas!!! Yang kerja orang bawaan sih ,tolong di perbaiki lah !",1,53,2022-04-20 10:01:39
ee0085ba-48a2-49ae-a7d6-5b75fe7932ff,Pengguna Google,"Sangat bermanfa,at",5,0,2022-04-19 11:01:47
b2f9039a-2f74-40da-b4b2-80819488e7c7,Pengguna Google,Click,5,0,2022-04-19 10:19:15
2a1a4a57-0ff3-49ac-b97b-93fa2be9f4d4,Pengguna Google,Lemottt aplikasinya,1,0,2022-04-19 09:29:56
34b1534a-40b1-4030-bd09-362a493e85ec,Pengguna Google,Mantap Berita tercepat dan terpercayaserta terlindungi Kerahasiaannya Untuk ungkap kecurangan Pegawai DKI,5,2,2022-04-18 14:18:38
664e5b6d-9acc-4969-a596-415ffb6a7e4b,Pengguna Google,ga didownload malah download sendiri,1,0,2022-04-17 21:37:32
1ca41d49-6d20-4253-9174-5ac44a4c4bf7,Pengguna Google,Membantu..,5,0,2022-04-17 13:55:31
7a82525e-e977-4e94-b007-c574f62ff513,Pengguna Google,Mantap 😍😍,5,0,2022-04-17 05:23:02
a73c54b9-aac6-4793-a85e-9ee86c64070d,Pengguna Google,Jakarta semakin numero uno di jagat raya..👌👌,5,2,2022-04-17 04:57:31
bd4787ef-a362-4519-9e3f-894fe226ded8,Pengguna Google,Mantap,5,0,2022-04-15 22:55:28
473448e9-4e1c-41bd-b2b7-0dbe239c39f7,Pengguna Google,Terima kasih,5,0,2022-04-13 23:31:02
5bbddf3e-fd46-44ab-abdc-09caec011813,Pengguna Google,"Tambahkan juga data imunisasi yang diambil sewaktu masih kecil. Jangan cuma vaksinasi covid Sekaligus, lindungin data yang ngelapor, JANGAN SAMPAI BOCOR!!!",5,0,2022-04-13 14:36:24
5779ead6-e5e9-404a-a5b5-5381abf6f0ca,Pengguna Google,"Aplikasi yg sgt bermanfaat bagi warga DKI Jakarta khususnya, semoga makin JAYA RAYA dan tetap mjd IBUKOTA, Bravo Jakarta",5,0,2022-04-12 20:26:15
dbb87bfe-f2ec-47b7-9803-8c7c82536e53,Pengguna Google,Sangat membantu ...nanti Tambahin bintang nya,5,2,2022-04-12 18:23:45
8e52af05-bec0-429c-9086-9c5ebd0cdee8,Pengguna Google,Bagus,5,0,2022-04-12 16:05:33
b63f9a4a-a4c4-46a8-8743-da9aa51d39dc,Pengguna Google,Semoga informasi tentang kota jakarta menjadi lebih baik lagi,5,0,2022-04-12 10:13:42
080f4a4a-962c-4844-ab75-785f6080a0d1,Pengguna Google,"Daftr knpa muter terus ya,dulu pas vaksin ke 2 sy lewat aplikasi jaki,di daftrin tetangga , sekarang sy download sendiri,mau ngambil bukti bahwa sy sudh vaksin ke dua,knpa muter terus ya ,Tolong di bantu",2,0,2022-04-12 07:44:23
cd168583-3e97-4a92-b20a-be748e41ef4f,Pengguna Google,Niat ngga sih bikin aplikasi. Mau masuk untuk cek vaksin saja susah banget.,1,0,2022-04-12 06:16:11
181c39b5-01e7-4c85-a76d-80210547be56,Pengguna Google,Terbaik,5,0,2022-04-12 00:28:04
d82b5669-2d37-4c2e-9604-e9ecb64ae8a3,Pengguna Google,Lemot parah,1,0,2022-04-11 23:06:03
a27fce1f-9cc8-4017-966b-ae226e70698c,Pengguna Google,Good,5,0,2022-04-11 21:17:20
ac9909ff-a818-4df7-b46e-24b5e2270222,Pengguna Google,"Malas sebenarnya pake aplikasi ini. Ga jelas. Terlalu bertele""",1,0,2022-04-10 14:56:15
6d0615e3-19d0-4631-b2a0-df52bd378c2a,Pengguna Google,Pak Anies the Best,1,0,2022-04-09 12:08:09
7594634d-fd62-4d39-b3f9-5b3de3c6f366,Pengguna Google,Ok,5,0,2022-04-09 11:08:40
62b5f151-b32a-48f7-9324-ba5b36394b74,Pengguna Google,Kereeen..,5,0,2022-04-09 07:00:54
897461c6-43ff-41b7-be09-1d6cc77c875f,Pengguna Google,Oke bgt,5,0,2022-04-08 15:45:05
8c4e436f-bc9e-4812-bcdc-e0633f36e57e,Pengguna Google,"hallo jaki selamat siang,saya sudah verifikasi sukses tapi knp pas mau daftar ulang vaksin tidak bisa ya,padahal sudah bener nik dan nama sesuai ktp saya,pilihan kategori tidak juga mincul,mohon di tinjau ya,",4,6,2022-04-08 12:24:03
06dc3aa8-28ff-4c1c-a600-ef471228304d,Pengguna Google,Mau daftar booster tapinya katanya belum vaksin cek di aplikasi pl sudah ada tapi di jaki tidak ada,1,0,2022-04-08 11:55:03
808f0595-aa8c-4000-89f4-2720842b39ab,Pengguna Google,Gak bisa cari lokasi yang di ingin kan,1,0,2022-04-07 23:46:25
21a069e7-32be-43ba-a676-f9d841be49ed,Pengguna Google,"Apps lemot servernya lama respon nya, mohon d tingkat kan lagi kualitasnya",2,0,2022-04-07 22:24:08
bb1f8d3c-a9fa-4604-8568-a7fb85aee325,Pengguna Google,Gak jelas pendaftaran vaksin 2 hari selalu dibilang petugas habis kuota padahal masih lama waktu closesnya .,2,0,2022-04-07 13:54:43
0bc8c3fb-697b-4394-a9dc-a41365c02dfb,Pengguna Google,Byk manfaat dan kegunaannya.,5,0,2022-04-07 11:39:47
7e5a666d-86a5-4afe-9136-4d2d201d036e,Pengguna Google,"saya minta verifikasi sampe 3 kali gagal. terus, padahal nomor ktp,nama dan foto sudah sesuai. mana verifikasi sekalinya 2x24 jam udah 3 hari saya coba. setiap mendaftarkan langsung no ktp dan nama lengkap selalu ""capcha not valid"" dan aplikasi sering error.",2,57,2022-04-07 05:04:56
d640eca3-ae1a-414f-bd26-3808df07ae0a,Pengguna Google,Membantu mengetahui berita di jakarta,5,0,2022-04-07 04:47:28
1b5d60fa-96cc-49fa-b1b1-464c3436e6cb,Pengguna Google,Alhamdulillah saya sudah vaksin ketiga berkat aplikasi jaki,5,0,2022-04-05 22:49:48
4f983744-1863-43fe-b57e-a961aecb6804,Pengguna Google,Untuk KTP non DKI cuma tinggal nya di daerah jakarta gak bisa daftar lewat KAKI kah?,3,0,2022-04-05 19:17:34
b635f2e9-8428-4e99-a727-325f6c23b543,Pengguna Google,Bagus,5,0,2022-04-05 15:56:12
30ac983f-c059-436d-802d-663d015360c5,Pengguna Google,"niat mau nyari tempat vaksin, malah kaya ngajuin pinjol .",1,0,2022-04-05 13:37:59
dfb35eff-962f-42c3-9d50-208e98de5cbf,Pengguna Google,Terimakasih gan. Atas. Aplikasi. Nya. Sangatlah membantu dalam kegiatan saya sehari hari. Mantaf. Gan..,5,0,2022-04-05 12:03:15
d8b439f5-6889-4da1-8929-8f1845956a2d,Pengguna Google,Gimana sih aplikasinya ga beres . Aku mau daftar vaksin malah aplikasinya nipu. Ga sesuai jadwal buat capek aja ni aplikasi . Ribet. Tolong tingkatan kinerja aplikasi ini biar ga merugikan orang lain,1,0,2022-04-05 11:55:52
4a7e2010-073b-4efa-a01b-77dfd15ea61a,Pengguna Google,"Vaksin booster pada hari Minggu, 03 April 2022 lokasi di Polsek Tebet sampai sekarang belum di update di aplikasi Jaki nya. Buruan update sertifikat vaksin 3, nanti saya ganti bintang 5",1,0,2022-04-05 11:04:13
1898a67f-8531-40b5-8415-9de6cc007773,Pengguna Google,Ok,5,0,2022-04-05 07:21:40
148eb8c0-2cd6-4a32-91a8-75f0cf87e0a7,Pengguna Google,Good,5,0,2022-04-05 05:19:50
093b36ba-d83f-40b1-b9ce-aceae7bcf452,Pengguna Google,"Tolong perbaiki masalah untuk pendaftaran vaksin , nomor ktp dan nama sudah sesuai 100% ko gabisa daftar dengan keterangan nama dan ktp yg tidak sesuai,daftar di vaksin 1 dan 2 tdak ada mslah , untuk yg ke 3 jadi bermsalah seperti ket di atas .",3,22,2022-04-04 22:29:56
beb74292-918e-4f4f-ada8-b9a17b781582,Pengguna Google,Baik,5,0,2022-04-04 20:42:12
0600a328-89e7-4ba2-83f0-677510ed1e63,Pengguna Google,Saya sudah vaksin booster melalui pendaftaran di JAKI namun kenapa sampai saat ini belum muncul notifikasinya baik di JAKI maupun di Peduli Lindungi padahal ini penting buat aktifitas kerja saya. Mohon penjelasan dan keterangan dari admin JAKI.,4,0,2022-04-04 18:33:05
6d8dbe0f-034d-41c3-9601-78d4050238c9,Pengguna Google,"Mantap, masalah status vaksinasi saya di terima dengan baik, dan sudah selesai di atasi, sekarang status vaksinasi saya sudah benar, terima kasih.",5,5,2022-04-04 13:40:18
a7beeb48-2ef9-41e3-8af8-778fd5493e6d,Pengguna Google,👎👎👎👎👎👎,2,0,2022-04-04 10:30:33
0e0a731f-c230-4fad-ae8f-1896ef6b8f1d,Pengguna Google,"Sekelas Jakarta pun masih blm bisa membuat layanan paperless, masa daftar vaksin booster harus diprint kartu pendaftarannya, sedih saya, boleh diprint tp sifatnya harusnya gak wajib",1,0,2022-04-03 13:01:32
34d2c9d9-7607-4002-bcd9-8d034a74fa0b,Pengguna Google,Dengan jaki Sangat membantu terima kasih,5,0,2022-04-02 15:19:22
6e1c54a8-6101-47c7-8238-bd4d82f67797,Pengguna Google,password jakwifi apa yah. ade sama mau belajar susah. mau beli paket gak ada duit,2,0,2022-04-02 15:17:49
9fcc5b74-74f8-41d3-a42c-afb3d847935b,Pengguna Google,Verikasi lambat..!! Katanya sudah terverifikasi tapi ga bisa di buka,1,1,2022-04-02 10:51:17
96cd2854-1e7b-4441-9de0-37d64b8cdca2,Pengguna Google,Daftat buat vaksin ke tiga katanya nunggu 2x24 jam pun belum d konfirmasi juga sampe udah seminggu dan udah lewat tgl yg hrus mau vaksin keterangan nya masih dalam proses aja 🤦🤦,3,0,2022-04-01 09:24:32
1d62022a-aa99-46e9-af54-1c9d8cac4b29,Pengguna Google,aplikasi aneh .susah di gunakan ribet.,1,0,2022-04-01 09:22:07
cfe6e255-f9a5-4d4e-9acb-e1d669ffe9df,Pengguna Google,Ok,5,0,2022-03-31 14:59:43
cbf05e62-2d47-4099-bdc7-920d1d47d09d,Pengguna Google,👍 ok,5,0,2022-03-31 14:28:24
90aa305d-2c36-45df-8f62-4fbd06727201,Pengguna Google,Ribet bngt mpe harus selfie sm KTP.,1,0,2022-03-31 12:02:53
9a222f8c-72b1-4725-8140-8408684d6729,Pengguna Google,"Saya ingin bertanya , kemarin kamis saya sudah vaksin pertama tetapi tidak mendapatkan sms setrtifkatnya padahal lagi urgent banget untuk keperluan naek kereta ke cikarang ke kampus untuk test . Mohon dibantu",5,3,2022-03-31 10:57:13
97f3fbbb-11fd-4d4a-9c32-15b42e2935c8,Pengguna Google,Aplikasi payah ngga bisa isi jaksurvei,1,0,2022-03-30 22:04:38
53a73052-10bf-45be-b2da-cfcb5449972f,Pengguna Google,"MAKAN KALIAN VAKSIN KALIAN ITU!!PENIPU!! KALO GA ADA JENIS VAKSIN SESUAI YANG TERTERA DI JAKI GA USAH TULIS DONG!! MEMANGNYA SEMUA ORANG PUNYA WAKTU BUAT IJIN VAKSIN BOLAK BALIK??!! UDA DATANG KE TEMPAT KATANYA TAK ADA, PEMERINTAH LAGI GENCAR2 NYA VAKSIN AZ!! ITU SAMA AJA BOHONG!! 😡😡😡😡😡😡😡😡😡😡",1,0,2022-03-30 16:26:10
ee428798-d230-4aab-baf2-8ef63cb9560e,Pengguna Google,Aplikasi ga guna mau vaksin boster dah daftar dah tentuin waktu &Tempak sampai Tempak ga bisa ga guna apl ini,1,1,2022-03-30 10:55:41
a46d0312-4684-408f-8c76-767f8e5dcd93,Pengguna Google,"Saya mau vaksin yang ke 3 tp terjadi kesalahan trs & harus log in..padahal nik KTP sudah terverifikasi, cek status vaksin juga ga bisa kebuka.. udah brp x d uninstall dulu, trs d install lagi tp ttp ga bisa d buka 🥴 aneh ini aplikasi, bukan nya membantu malah menyulitkan .. 😏",1,4,2022-03-30 05:46:08
2ab7438a-58e6-423d-a5e7-dc7f4172dc17,Pengguna Google,Ok,5,0,2022-03-30 02:38:03
8b5c0464-bd61-4070-af1f-9b0cf7bd2078,Pengguna Google,Verifikasi NIK aja gagal terus,1,0,2022-03-29 10:32:52
4b23cd60-029d-4c27-ae05-4e9a31559d7f,Pengguna Google,"Bisa buat daftar vaksinasi meskipun E-KTP Bekasi, thank you sir.",3,0,2022-03-28 14:11:43
83c3b5f9-ebd9-42c7-b2d2-f15029a8db05,Pengguna Google,Aplikasi ini sungguh sangat membantu. Saya orang bogor aja terbantu. Keren pak anis.,5,2,2022-03-28 13:10:13
da97bc21-6c96-42c3-aa26-e2fb6ac751ed,Pengguna Google,Parkir park nd ride terminal rambutan 2 hari 50rb emang segitu ya pak...,1,0,2022-03-28 11:24:22
f7677b7b-74dc-48bc-96d5-ec4a78e2bfa4,Pengguna Google,Kmp service centernya Zaki masa perbaikan terus ya???,4,0,2022-03-27 18:24:20
3c019211-19d0-44e0-ac7a-0eda18135d46,Pengguna Google,Saya belom vaksin Tapi kenapa di aplikasi jaki saya sudah di vaksin jadi kan saya gak bisa daftar,1,0,2022-03-26 11:28:49
617e0d26-c887-4723-b0ce-38370154be72,Pengguna Google,Baik,5,0,2022-03-25 21:24:02
994227d9-d5bf-49bd-9367-3c0587d9bd03,Pengguna Google,"Susah banget buka lokasi vaksin..muter2 mulu trus ngeheng..begitu aja terus.Ini aplikasi ato apaan sih???, trus langsung aja gua unistall.Ngeselin.",1,1,2022-03-25 20:16:57
0ae737ac-317c-447f-a755-e4f07aa48542,Pengguna Google,"Sia sia daftar jaki kuota dicampur masyarakat umum, jaki malah mines kuota",1,0,2022-03-25 11:38:27
abf49332-6502-40f6-8972-09b200506fb7,Pengguna Google,Buruk,1,0,2022-03-25 07:30:48
f7d99a4e-cd22-45b1-82aa-8e5dd47a0559,Pengguna Google,"Aneh,masa milih lokasi vaksinnya banyak yanh gak ditemukan,padahal data di website masih banyak tersedia",1,0,2022-03-24 21:19:46
f7d6a94c-f576-46b8-920a-f074e40c515f,Pengguna Google,Ngakak udah dosis ke 2 pfizer pas dicek diapp ini belum vaksin niatnya kau cari tau pfizer udah bisa dibooster apa belum malah statusnya belum divaksin ngelawak cok,1,0,2022-03-24 21:16:22
61598ab2-6e8b-445c-bbdf-a040c41a9a83,Pengguna Google,"Payah..sangat payah sekali..kenapa mau daftar vaksin ke 3..masukan nama serta no KTP ga bisa2,gimana mau daftar nya ini☝️",1,0,2022-03-24 18:47:26
928483d8-70f0-4d8b-a3e7-314e5ddb3e8d,Pengguna Google,Lokasi vaksin sinovak di Jakarta dimana ya,5,2,2022-03-24 10:32:06
953b28aa-868e-40b3-9a40-3d3376ecc543,Pengguna Google,Moga kwalitas privasi para pelapor selalu terjaga di aplikasi JAKI ini.,5,0,2022-03-24 10:04:28
6976bb87-a11e-4944-8227-ed4671f7441f,Pengguna Google,"Ini knapa yaa saya cek jadwal vaksin nik sama nama ga sesuai ktp terdaftar yaa, sebelumnya sudah mnjadwalkan vaksin booster, cuma pas ctak kartu kendali nama nya malah tercantum nomor telpon bukan nama orang, pas coba masukin ulang nik dan nama, malah nik dan nama tidak sesuai ktp terdaftar ini gmn tolong dong, duah puluhan kali coba masukin sesuai ktp selalu d bilang tidak sesuai dengan ktp terdaftar, padahal pas penjadwalan vaksin booster bisa, setelah terdaftar malah ga bisa anehhh",2,3,2022-03-23 21:51:07
f7f17230-2d99-424e-91f0-b0302914a16d,Pengguna Google,"Ini lokasinya ga bisa buka susah banget udah coba beberapa kali tiap hari tapi tetep aja sulit. Mau pilih lokasi aja sulit padalah kalau di liat kuota vaksin masih banyak. Ga bisa apa pake 1 aplikasi yg bisa semunya. Ini pake peduli lindungi trus jaki, belum lagi Bpjs terlalu banyak banget yang harus di pake aplikasinya. Kalau HPnya mendukung kalau ga kan kasian. Terimakasih sudah merepotkan warga Indonesia",1,23,2022-03-23 12:07:12
1ca3d0b6-37e4-4f7d-b553-07c711964577,Pengguna Google,"Selamat siang, untuk vaksin namun KTP tangerang bisa tidak ya bapak ibu, namun saya bekerja di jakarta?",5,0,2022-03-23 09:15:59
f7ae8090-e5b2-4739-b3cd-7905ffc1bdd8,Pengguna Google,Bagus dan mudah dalam pengoperasian nya..,5,3,2022-03-22 10:34:34
d8e14fd1-af79-418a-af96-f19ccd9fd7bf,Pengguna Google,"Terimakasih Pemprov DKI Jakarta yg sudah memberikan fasilitas pengaduan terutama untuk BUMD yg ngurus KJP dan transportasinya seperti JAKLINGKO, semoga makin maju kedepannya.",5,0,2022-03-22 00:58:30
4d9645bd-b8ac-4a67-9fc2-c3a6e90b35c9,Pengguna Google,pernah mengajukan laporan tapi tiba2 selesai begitu saja...jadi pelaporan tersebut disulap tanpa adanya sentuhan sama sekali...nol besar,1,1,2022-03-21 18:38:18
982df5f8-ac0d-4c49-b4db-5babb263fc6b,Pengguna Google,Sangat Bagus,5,0,2022-03-21 15:47:24
19543e3a-eb9d-4971-939b-c5d79853eaef,Pengguna Google,Kok ini apk nya ga bisa di download ya,4,0,2022-03-21 09:16:20
f2bac4d4-38f2-4f2a-b4e4-c5f7a331b706,Pengguna Google,Aplikasi sampah. Dftar vaksin online smpe lokasi gk ada program vaksinasi..,1,0,2022-03-21 09:05:37
a7772f1f-bf30-4646-9e87-7204447f6676,Pengguna Google,sangat baik dan berguna untuk saya.,5,3,2022-03-21 06:23:16
ba0f1b90-6184-4f2f-bc00-eecda5f5356c,Pengguna Google,Mantap gan ane mau,5,0,2022-03-19 17:57:41
4612b2b0-6634-469b-815a-3c9869661c6e,Pengguna Google,Terima kasih 🙏🙂👍,5,0,2022-03-19 15:51:01
4b04fef6-c7e9-49b8-abca-ac6775b22abf,Pengguna Google,"Mantap, sangat memudahkan dan praktis 😇😇",5,1,2022-03-19 11:03:29
c27e96eb-a84b-4e79-b8f5-618493b1db12,Pengguna Google,"Saya mau download kok ga bisa2 ya udah bbrp hari ini tertunda melulu padahal semua aplikasi ,foto dan video sudah saya hapus2in tp msh aja bgtu tertunda,, padahal memori masih banyak 33,94GB lagi, tolong dong",1,0,2022-03-19 08:36:10
dd39ad3c-15af-4c70-84ad-5a9f04569bfb,Pengguna Google,aplikasi error dan gabisa login untuj daftar vaksin,1,0,2022-03-19 06:33:50
5cf2f215-1051-476f-9125-3d41ec80cc1b,Pengguna Google,Kenapa eror terus? Mau mwnjawab jaki survei ga bisa2,2,0,2022-03-18 14:38:12
ca62ddf2-8cac-4776-ab52-e14a5f993873,Pengguna Google,Almar Rajendra Khansa,5,0,2022-03-18 08:47:49
b3a2f931-e255-47c8-99c4-bfd7037cfc92,Pengguna Google,Ok,5,0,2022-03-17 10:16:47
12fd798e-459d-4d2b-84ce-086959f56972,Pengguna Google,"apa apa di laporin kaga di filter, masalah sepele di aduin",1,0,2022-03-16 23:41:09
a1441903-36d2-4eec-8c88-8a2ed2822c6d,Pengguna Google,Mantap,5,0,2022-03-16 19:50:28
b58d9570-90ee-426e-8aae-c36b2b41eb0a,Pengguna Google,Aplikasi ngk guna menurut saya,1,0,2022-03-16 10:50:47
a885c44c-dd93-4025-9386-1b479ac4c9ed,Pengguna Google,Bagus,5,0,2022-03-15 21:56:05
93942529-f50d-40ac-a646-ac6d9873378f,Pengguna Google,Bagus,5,0,2022-03-15 20:43:18
8c0773e4-2105-42d8-be44-ee6a4cd0216d,Pengguna Google,Keren bisa jaga rahasia,5,0,2022-03-15 20:23:09
9fe448f2-e0e0-4e82-8089-bc5f5cdb2fec,Pengguna Google,Jak1 memang membantu kami,5,0,2022-03-15 20:01:35
c3a6ca80-3026-4ac4-b0e8-5175d8d4c282,Pengguna Google,Kirain satu aplikasi bisa mencakup semua hal.. Ternyata isi nya kaya playstore juga.. Banyak aplikasi yang perlu di install juga.. Sirukim Jaksiape Alpukat betawi iJakarta Jakone mobil MRT-J Tijeku Molecool Entah apalagi..,3,2,2022-03-15 18:56:59
83c5d38a-df37-470b-a404-d7347108c0c8,Pengguna Google,sangat bagus kinerjanya pertahnkan,5,0,2022-03-15 17:51:44
25c17438-17fd-47b9-9730-1b34a0783c1e,Pengguna Google,"Aplikasi Error, Sudah Vaksin lama malah terdata belum Vaksin",1,0,2022-03-15 17:49:44
7f067519-55d3-4770-a28e-331026b85a59,Pengguna Google,Banyak info di dapat dari sini,5,0,2022-03-15 14:33:38
2d490c79-68a3-4abb-befa-17d2584df3a7,Pengguna Google,Baru coba...tapi keliatannya keren,5,0,2022-03-15 10:14:55
4bee9630-942f-4d5a-a3f6-5980fd25c59a,Pengguna Google,Good,5,0,2022-03-15 01:03:17
cb79aade-8f2c-4ec3-878b-1b134c5d9ec6,Pengguna Google,Cukup membantu dalam menghadapi masalah,4,2,2022-03-15 01:02:45
0a9e3320-befb-4e2f-8d3b-8d4fe4f41d93,Pengguna Google,Mempermuda dalam banyak hal,5,0,2022-03-14 20:11:37
cccfe8e0-1065-455e-abf7-e0d21f3b09df,Pengguna Google,Selalu susah klo untuk masuk akun..ini udh yg keberapa x setiap .au survei selalu error apus install LG makan Kouta hadeb,1,1,2022-03-14 20:03:21
f32a799d-bf9d-4232-9f7e-6ee3fbd26b40,Pengguna Google,Sangat membantu aplikasi ini,5,0,2022-03-14 18:27:34
b9d94c20-a849-4805-8c51-dcb038ab3f2e,Pengguna Google,Saya knp ga bisa login yaa..buat mau atur jadwal dosis ke dua..padahal udh saya masukin nik KTP..tapi ga ada perubahan ..malah stuck di tulisan periksa..kemaren kemaren tidak apa apa..tolong di perbaiki dong admin..,3,0,2022-03-14 16:50:41
648f049a-a66c-41c8-b8d4-0e17a4be3ed4,Pengguna Google,Good !,5,0,2022-03-14 14:22:01
c3c0ccab-7724-44f1-bb4c-e327119ffd3d,Pengguna Google,Sudah lancar di pertahankan.. Tp sayang cek bansos tdk terdaftar😀😀😀😀,5,5,2022-03-14 13:38:43
de90318c-8abb-4e58-b263-f6cd9799712a,Pengguna Google,assalamualaikum jaki now saya enggak bisa buka jaki berputar terus jd enggak bisa buka instalnya. padahal ini buka lagi play store jaki yang baru. enggak habis pikir. jadi saya belum bisa kirim jaki survei,3,1,2022-03-14 12:59:42
70ab9e7e-c310-40cc-b247-16e997478b7e,Pengguna Google,App pemerintah tapi menyebarkan informasi pendaftaran vaksin palsu. Tidak ada koordinasi dari penyedia vaksin dan admin yang berwenang di Jaki. Tidak ada kabar APAPUN Mengenai pembatalan DARI JAKI ATAU PENYEDIA VAKSIN!,1,4,2022-03-14 10:46:09
01939ebb-1cfc-4399-bcaf-2b7dcb772309,Pengguna Google,Maap ka mau tanya jaki saya kehapus tapi mau download lagi kenapa tidak bisa ya tolong di bantu soalnya mau isi SKLM,5,0,2022-03-14 10:36:00
5465eb86-a504-421c-8f00-b598ffcad489,Pengguna Google,Nice,5,0,2022-03-13 21:54:22
c00d8194-d2a0-41b4-8b0a-5005933bb0e0,Pengguna Google,Good,5,0,2022-03-13 19:48:46
bd868f3e-ed4c-458f-ae7e-7c39f17424a5,Pengguna Google,Cocok,5,0,2022-03-13 18:05:15
808616b3-533a-4b56-8176-485213382ca7,Pengguna Google,Mantab,5,0,2022-03-13 17:44:02
1c65eaa9-7d35-47e4-8a9b-d180113270d8,Pengguna Google,"Aplikasi gajelas, udh vaksin sampe dosis 2 tapi statusnya masih merah dan tukisanya belum vaksin, gajelas jadi gabisa daftar vaksin booster",5,0,2022-03-13 16:31:09
8aa2ed93-7940-4a13-a80f-54a71cc63a77,Pengguna Google,Mudah dan lebih praktis,5,0,2022-03-13 12:39:24
2e375c28-a9ce-4c8c-be61-8651401926c4,Pengguna Google,Good,5,0,2022-03-13 10:41:31
32b38216-8b38-49f5-a04f-919d516373c2,Pengguna Google,Survey SKLM saya tdk berhasil terus,4,0,2022-03-13 08:13:01
fc4a1616-378b-425d-a37c-54c1752b4944,Pengguna Google,Ok,5,0,2022-03-12 22:54:26
072507d5-47ee-4bea-9895-44fc01d4edf6,Pengguna Google,Keren.,5,0,2022-03-12 21:48:31
cef44160-9569-40f9-b54f-3351688b4399,Pengguna Google,Scan barcode yg berkolaborasi peduli lindungi tidak bisa digunakan??,1,0,2022-03-12 20:43:06
5dc56fc3-1cc0-460b-9d1b-a478d53a6571,Pengguna Google,Kenapa jaki q ha bisa isi survei???,1,0,2022-03-12 18:51:54
582a49a8-6055-4b74-b6ae-0b177ed4dfff,Pengguna Google,Membantu sekali,5,0,2022-03-12 16:39:41
4a55a2e9-65e4-4059-85e9-2fabd58eac7a,Pengguna Google,Bagus n di uninstal baru instal lagi,5,0,2022-03-12 14:59:46
5bde77ca-f625-453f-8ab0-1011c6cba2f9,Pengguna Google,lumayan,5,0,2022-03-12 14:33:23
db819de0-a7be-43e7-b53b-0be91b805af7,Pengguna Google,"Sya slh mngtik nik 1 angka,lalu sya ingin edit kmbli mlhn yg trjd tevrvksi nik ttp yg sya ketik slh 1 angka td&nama sya JD haniyah AZ zahra,pie toh,di klurhn koordinator blg blum trdftr,JD blum bs isi jaki.bs TDK ubah LG nama&niknya slh.jd balik kmbli nma sya&nik sya.udh brp kli sy uninstall & download berulang sprti ini trus&jaki pun TDK trsdia utk survei,sya jg SDH d vksin",2,0,2022-03-12 12:56:16
3745f80f-3a80-4c87-b49b-40af74b643bc,Pengguna Google,"Halo jaki knp sy mw bk,aplikasi,sklm kelurahan tapem2021,tdk bs2,tolong dong tuk bk jaksurvey,tuk bk kinerja sklm kel, knp tdk bs k unduh, mhon bantuanya, admin jaki",5,0,2022-03-12 06:30:30
d7e2ce57-80e9-4b50-8b6f-f29510a9d7f5,Pengguna Google,Sangat membantu,5,0,2022-03-11 20:32:55
cbc4dc13-fe74-4c71-9136-ab9ec33167dd,Pengguna Google,Ok,5,0,2022-03-11 20:20:50
662c6596-044d-43bc-8e4e-23180fd1cbf6,Pengguna Google,"Hai admin.. Kok aplikasi jaki saya tidak bisa untuk SKLM yaa di jaksurvei? ada permintaan untuk login tapi ga ada kolom login nya dan harus sinkron ke Google, padahal sebelum2nya bisa digunakan tanpa kendala.",4,24,2022-03-11 18:38:14
c0a5f4fe-4f3c-4776-8b83-0d4f84a69e4e,Pengguna Google,Kurang paham pemakaianya,3,0,2022-03-11 17:28:10
edfa7e7d-f444-4596-8217-39a256f21e17,Pengguna Google,Kapan java nya bisa d pakai si??? Mau nanya nih kok daftar booster d jaki tulisannya eror mulu y? Gimana caranya mau vaksin booster??,5,1,2022-03-11 16:09:22
a57272ef-74ec-4ede-b03b-b553f0bcf01b,Pengguna Google,agak sedikit susah,5,0,2022-03-11 15:56:16
94a3d0de-c4ac-4159-b1b2-23980f3a10cc,Pengguna Google,Terimakasih Jaki sudah memberi pengetahuan tentang covid-19 dan berita lainnya..,5,2,2022-03-11 09:04:19
5f6d3605-b251-4ba4-9fe0-15f5c675b760,Pengguna Google,lagi kenapa si ga bisa daftar vaksin booster heran deh..,1,0,2022-03-10 16:41:59
ea00afdf-0cdd-4d15-8571-10a40d06f983,Pengguna Google,Ok,5,0,2022-03-09 21:07:56
ebf14754-0dca-4bce-ac76-d255a56ea494,Pengguna Google,Aplikasi gembel..... Abal-abal...,1,0,2022-03-09 19:01:34
e44bbf49-5a33-48a7-b7d3-a22c471b51e4,Pengguna Google,Tambah lengket imfonya,5,0,2022-03-09 14:26:35
8fb9ae60-817a-4921-a438-3cfe4868977d,Pengguna Google,"java nya ga bisa d gunain, mau daftar booster nik dan nama tidak cocok. ntahlah apa maksudnya ga paham",1,4,2022-03-09 07:41:03
6c3ef314-065d-440d-810a-13a32dcb08d7,Pengguna Google,Alhamdulillah,5,0,2022-03-08 23:56:31
7a6df625-0c64-4ffd-8370-0df06cf64e87,Pengguna Google,Maaf aplikasi bagus . Tapi parkir kanan jalan di jalan kopyor raya masih setiap hari. Plang dishub ada tapi tidak diteribkan.,1,0,2022-03-07 22:14:05
3bd9bd2a-2fb3-4093-9134-3dba90812d12,Pengguna Google,Ini app semakin ke sini kenapa semakin gak jelas sih.udh vaksin tapi giliran diliat sertifikat gak ketemu malah suruh daftar vaksin lagi.,2,0,2022-03-07 21:02:55
d0f7947b-ab00-4938-a62d-df490ff360e6,Pengguna Google,Mantab,5,0,2022-03-07 00:37:41
be4d5a48-453e-46f9-9e0b-3aa5847f7611,Pengguna Google,"Mau vaksin aja repot, repot dari faskes nya yg sangat jauh, domisili saya dari duren sawit kenapa dapat faskesnya di jakarta barat. Makan waktu dan mengganggu aktifitas klo terlal jauh juga",1,5,2022-03-06 23:24:31
2fe82faa-253a-4cd0-a353-6c823ce22137,Pengguna Google,KALAU BUKAN PENDUDUK DKI MAU VAKSIN AJA DIPROSES LAMA PADAHAL SAYA DAFTAR DIHARI JAM WAKTU YANG SAMA .TEMAN SAYA YG KTP DKI PROSES VAKSIN CEPAT LANGSUNG DIBUAT JADWALNYA.SEDANGKAN LUAR DKI DI ACC NYA LAMA 24JAMBARU DAPAT JADWAL.,2,0,2022-03-06 22:32:17
48e0acda-82d0-47b2-b7f0-d7e48fd1229b,Pengguna Google,Aplikasi gak jelas saya tinggal di kecamatan Cakung mau daftar Vaksin booster kok di arahin ke Puri Mal Kembangan apa gak kurang jauh itu kenapa gak sekalian saja ke Tangerang padahal di sekitar saya banyak tempat² Vaksin akhirnya di unistal aplikasi gak guna cuma menuh²in RAM HP doang,1,1,2022-03-06 17:42:00
7d848bd2-1cbb-4077-9068-3f20ca732dc0,Pengguna Google,Mantapz,5,0,2022-03-06 07:13:01
d33c1bcf-fa77-41fb-986b-fe0ddd8bb6aa,Pengguna Google,Sangat bagus,5,0,2022-03-04 21:21:20
9e06b2c0-ed6b-4217-97ad-840427a75d26,Pengguna Google,Sempurna,5,0,2022-03-04 15:27:32
096a05f8-feee-460a-acfb-218f7bf5b453,Pengguna Google,"saya sudah vaksin kedua dan sudah dapat tiket booster di peduli lindungi, kenapa di aplikasi JAKI status saya belum vaksin sama sekali, lantas bagaimana saya daftar boosternya? aplikasi pemerintah koq tidak saling link , data bisa tidak sama, tolong di perbaiki baru saya tambahin bintangnya",1,25,2022-03-04 14:52:51
6decc385-cac2-413e-83ad-d038fd248a3d,Pengguna Google,Mantap,5,0,2022-03-04 09:20:46
2fcfeba0-73a3-47f2-b693-2d52491e83b1,Pengguna Google,Good,5,0,2022-03-04 06:22:40
f172e685-8405-48f1-bf71-ef915e1a38be,Pengguna Google,Mantap,5,0,2022-03-03 21:29:01
a41df798-dcba-400e-8b86-87473ccfa4e5,Pengguna Google,Top,5,0,2022-03-03 16:32:30
fc26917f-fa8b-4699-8c15-df92a8ef82f5,Pengguna Google,Woi saya sudah vaksin. Tapi kenapa di aplikasi saya belum veksin ya?????,1,0,2022-03-02 17:39:51
a7482572-e912-4c8a-b84c-8b2e2e3fa0e7,Pengguna Google,Membanggakan,5,0,2022-03-02 12:40:47
5df8fbfc-3ad0-4bf4-9297-425357ea1fdf,Pengguna Google,Pemeliharaan dan perawatan sekarang sudah mulai kendor ni pengawasan nya pemprov DKI. Padahal sudah di laporkan oleh masyarakat. Seharusnya pemprov DKI. Berterima kasih kepada warga yang sudah peduli untuk melaporkan via aplikasi jaki. Bukan ke FB mau pun Twitter.,1,8,2022-03-02 09:57:29
e02ce212-e48b-48a7-a046-59e5f9515a23,Pengguna Google,"JAKI - Jakarta Kini, Sho pasti keren, Saya Suka.",5,0,2022-03-01 05:07:46
a61c3606-32a1-4205-a940-11fecc23f291,Pengguna Google,Aplikasi kurang jelas.. ga lengkap.. perlu di perbaiki sebaik² mungkin,1,2,2022-02-28 16:31:21
0364a6c8-6452-469e-811b-7cd17cf196b0,Pengguna Google,Aplikasi gak berguna verifikasi by email gak ada masuk apa yg mau di verifikasi,1,1,2022-02-28 12:49:56
115fe9ee-12af-48d8-9296-a5027ea8a5c4,Pengguna Google,Mempermudah pengisian,5,0,2022-02-28 05:41:36
35ef5397-6e73-4bd7-9e59-ad8eca236784,Pengguna Google,Ok,5,0,2022-02-27 22:39:54
b1d9de61-3236-4852-8737-0542644fb0b0,Pengguna Google,Ga dapet email buat verifikasi,2,0,2022-02-27 17:36:51
687ede6c-aa3f-4548-9a8d-af09c5144712,Pengguna Google,"Aplikasi bagus, tepat sasaran. Mau lapor masalah, ga perlu datang ke Balai Kota kayak dulu 😅",5,2,2022-02-27 15:15:33
373d044f-777a-4313-b7b6-c09e09f7d1a7,Pengguna Google,Di jaki HRI Minggu ad eh pas di dtangin gk ada haduhhh udah jauh*lgii,1,0,2022-02-27 11:37:01
f5023daf-b0fd-4b3e-96f7-2338bc502295,Pengguna Google,Ok,5,0,2022-02-27 03:18:30
ef81f7db-f323-41c0-a220-a07194c72ba6,Pengguna Google,Mengapa mau vaksin beda domisili tidak bisa?,5,0,2022-02-26 12:04:10
b308457f-cd9d-41f7-a0cc-fca61c2f9326,Pengguna Google,harusnnya pihak jaki konfirmasi ke pihak tempat yang bersangkutan baru menentukan jadwal,1,0,2022-02-26 11:23:19
5a2c9427-8917-4a71-ac38-a81b73c707e8,Pengguna Google,Terbantukan,5,0,2022-02-24 14:23:41
7f6d9760-4347-45ab-bd9b-5bcaef861b64,Pengguna Google,Kenapa JAKI tidak bisa SCAN BARCODE ? setiap scan selalu keluar tiba-tiba dari App JAKI ? ADMIN harus memperbaiki kesalahan ini. Thanks,1,0,2022-02-24 13:47:55
69ef591b-285e-4c92-bd20-0fc4b998f20d,Pengguna Google,"Ini aplikasi gimana ya? Saya sudah vaksinasi dosis kedua (sinovac) pada tanggal 15 Agustus 2021 kemarin, tapi di aplikasi status belum vaksinasi, tolong dong admin perbaiki",1,0,2022-02-24 07:18:06
68b361d1-0194-4daa-96e8-8b3a77c91f40,Pengguna Google,"Mau verifikasi NIK aja susah, foto ktp sdh jelas tapi gk bisa, sdh clear cache , install ulang masih sama",1,2,2022-02-23 11:48:54
843d1a6f-87d4-4a05-a190-4741f239c00a,Pengguna Google,"Gw udh beberapa kali mau vaksin.. selalu saja di lokasi ga diterima untuk umuran gw dgn alasan regulasinya harus 18 th kebawah.. Padahal di aplikasi JAKI nya sndiri ada lokasi itu tertera dan gw udh daftar ga ada penolakan. Pas Gw udh jauh2 ke lokasi org lokasinya malah blg, kita ga terhubung dgn JAKI. lahhh, truss napa ada nama lokasi itu dijaki dan bisa ke register!!!",1,11,2022-02-23 11:35:59
5e6cc893-76f7-436b-a876-c037de3c9f0c,Pengguna Google,Mengetahui kapan kita harus di vaksin boster,5,2,2022-02-23 07:28:42
8b793936-f3b2-42e1-bb43-b415f3766762,Pengguna Google,👍👍👍,5,0,2022-02-22 16:11:26
6ed2512c-d205-4ed1-b3b3-372737541faf,Pengguna Google,"Caranya gimna , kok susah bgt dftr yang di lowongan kerja , hrus masukin kode sahabat dulu ? Klo g punya gimna",2,0,2022-02-22 13:44:12
bd4eab05-e57d-4dba-9afd-e3be65b34318,Pengguna Google,"Sangat membantu sekali. Gak sia² instal apk ini. Cari vaksin moderna dosis 2 di tangerang ga ada smua, stok kosong. Alhasil dgn apk ini akhirnya suami ku trbantu buat dpt vaksin di jkt. Good buat apknya, smoga kdpnnya lbh baik lagi ya👍👍",5,14,2022-02-22 13:28:23
63abae8c-80c0-49ca-b885-df6889f94c4d,Pengguna Google,Good,5,0,2022-02-21 23:45:36
a3e0b9e2-33f5-45ce-80a0-1717f8796f8c,Pengguna Google,Ok skali,4,0,2022-02-21 13:10:59
f0a77a25-2b65-4d05-9b2b-b234d9a10511,Pengguna Google,"Penggunaanya mudah, cepat dan sangat membantu",5,1,2022-02-21 10:07:17
5ef150bf-df74-44a9-853d-76fe345f81ea,Pengguna Google,Good,5,0,2022-02-21 09:04:33
92fa4039-2f6e-42e9-bbd0-58d1ee531df1,Pengguna Google,Ok,5,0,2022-02-20 18:53:21
e8d7672e-122b-42b2-8397-d23340d38648,Pengguna Google,"Kak jaki,kennapa sertifikat kedua saya belum keluar yah di peduli lindungi?",5,4,2022-02-20 10:57:20
96b99479-ebcd-49ee-9a5e-1ce6453204a7,Pengguna Google,Kalau lapor kerumunan bisa lewat jaki?,5,0,2022-02-20 10:19:17
c24d10ab-1f62-4e50-8d06-9a092f019552,Pengguna Google,"Mantab jiwa,lancar barakah",5,2,2022-02-20 08:19:12
ed715f2e-6519-4f10-ac70-eb8c8baadd7c,Pengguna Google,Bagus,5,0,2022-02-19 22:10:15
45105b36-693a-4325-b23f-1ac17434ad72,Pengguna Google,Mau daftar vaksinansi booster malah eror terus tulisannya..aplikasi paling parah,1,1,2022-02-19 09:19:53
e4bc31ce-5cae-4db6-a657-4573963397e4,Pengguna Google,"Aplikasi percuma bikin keluhan gak dikerjain,,nunggu KLB baru dikerjain kl cuma 1keluarga gak bakalan dikerjain",1,0,2022-02-18 22:27:57
6799bcc3-d83d-4e4e-951f-f35a098cca0c,Pengguna Google,Quota di jaki msh ada. Sudah daftar. Sampe tempat di tolak. Karena quota abis. Gmn nih aplikasi ??? Hahahaha tawa tawa,1,0,2022-02-18 09:08:47
6cf5a89a-0139-48d9-ad01-6728b8677db3,Pengguna Google,Sangat membantu sekali aplikasi ini.,5,2,2022-02-17 15:27:25
39f76f0d-b352-4be5-a04a-7db5db96071e,Pengguna Google,"Aplikasi bagus ,,sangat membantu terima kasih pemprov DKI jakarta",5,2,2022-02-17 12:32:41
0a8fffab-0af4-4d02-bcb4-295631182d12,Pengguna Google,Cara mendapatkan surat pengantar dari kelurahan untuk menikah di KUA tanah tinggi Jakpus kelurahan Johar kecamatan Johar baru,5,2,2022-02-17 05:26:53
be33f014-2d2e-4029-b62c-e3149f636298,Pengguna Google,Lapor di jaki. Data2 pelapor TDK dapat di rahasiakan oleh pihak kelurahan...gmana privasi pelapor TDK dijaga,1,0,2022-02-16 14:58:42
114f1847-2980-4776-b7ad-a4238ee69f9a,Pengguna Google,I want the Jakarta to be the best city,5,2,2022-02-16 14:19:36
0292699b-0501-4a67-a435-3d2047b8be8d,Pengguna Google,Semoga ada data anggaran biar lebih transparan dan akuntabilitas. Tapi mantap juga,5,2,2022-02-16 13:57:38
cf26d724-76a5-4c0e-a385-ff492841ddcb,Pengguna Google,"Alhamdulillah dapat vaksin booster daftar lewat Jaki, dan di prioritaskan yg melalui aplikasi Jaki. Meskipun KTP non DKI tapi sehari-hari bekerja di wilayah DKI. Jadi cari lokasi vaksin yg dekat kantor.",5,6,2022-02-16 11:58:16
35899172-7f70-4db0-b4e9-fec23979eb5d,Pengguna Google,Bagus,5,0,2022-02-16 03:45:02
1b6d45da-d357-4113-936f-96030de12084,Pengguna Google,Dengan vaksin kita bisa mengurangi resiko,5,0,2022-02-16 02:36:26
2a655938-a32e-4d30-b3e9-36bee64307bd,Pengguna Google,"Eeed dah...ni aplikasi memang cari follower doank, sumpah gak berguna...saya mo bayar pajak dan gak minta duit bantuan lohhh...",1,1,2022-02-16 00:59:20
dcaf2776-a301-4bec-ae12-6f319342cb4a,Pengguna Google,Muantab,5,0,2022-02-15 19:45:46
1b300e8a-06bc-4075-bc98-08211d804832,Pengguna Google,"Setelah update, tidak bisa ferifikasi. Nik tidak terdaftar di dukcapil aneh",1,2,2022-02-15 17:39:48
87039f48-082d-4f4f-a230-cacc687a6005,Pengguna Google,"Oke,",5,0,2022-02-15 17:27:48
959ebaec-08ae-4f43-a5ca-7bb9a6cce555,Pengguna Google,Mantap sangat membantu sekali aplikasi jaki nya,5,0,2022-02-15 16:55:31
6c7563b4-8078-427d-94d6-d0b3f2e50fcc,Pengguna Google,Good job,5,0,2022-02-15 16:05:20
85829240-fd18-4da7-8085-a5ee5a856297,Pengguna Google,Cuma sementara donlot ny,4,0,2022-02-15 09:09:25
cfb27a71-c5ba-4aeb-8a26-75c8eae36d87,Pengguna Google,EmanG Takdir atau Umur seseorang sudah di tentukan oleh Alloh swt.. tetapi dr JAKAAMBULAN Di JAKI nyawa mertua sy tidak tertolong tepatnya telat gegara nungguin respon dr ambulan... 😢,1,2,2022-02-14 17:21:53
2f176978-3a1a-4fd4-95cf-459ee40122c3,Pengguna Google,Aplikasi gak jelas mau daftar vaksin aja susah,1,0,2022-02-13 16:59:24
58b8da53-a93b-4df8-a9a5-79fb2e415bae,Pengguna Google,Gak beres.. Dibilang beres... Hahahahaaha,1,0,2022-02-13 14:52:56
94e95659-a3db-44cb-b514-1cc4da3e16f1,Pengguna Google,"Berita isinya coviid mulu, ga kreatif",1,0,2022-02-13 08:32:04
24441526-0913-4692-a1c1-8061cb190cef,Pengguna Google,Baik dan lancar,5,0,2022-02-13 06:35:30
dc29ef2e-14bb-4d8f-ac29-56f327cd0eee,Pengguna Google,Aplikasi lol tolol periksa tanggal vaksin gagal terus kambing tidak betul,1,0,2022-02-12 17:57:50
197b3be9-31e1-4603-b75e-6779230691eb,Pengguna Google,Aplikasi modern untuk kota modern. Lengkap. Pedoman bagi warga dki,5,0,2022-02-11 21:36:35
b509491e-eca3-472d-9601-4647848f4fe3,Pengguna Google,Bagusss,5,0,2022-02-11 16:12:54
9b9683ec-98ac-4a40-9497-6296d4038597,Pengguna Google,Bagi no tlp julo,5,0,2022-02-10 21:08:39
2f9dc464-6ae2-4356-9e3f-11ac445c3623,Pengguna Google,Sangat membantu,5,0,2022-02-10 12:06:34
1750ab9e-32cc-4b08-a456-5e7e7dc9d17b,Pengguna Google,"Kok tambah ngawur, daftar vaksin booster, lokasi faskes sudah dipilih. Pas masukin tgl malah disuruh pilih faskes lagi. Tgl nya malah ga mau muncul. Aduh, kita mau daftar vaksin booster aja sulit. Mesti pake aplikasi Jaki, daftarnya. Da download malah ga bisa daftar 🤦‍♀️🤦‍♀️🤦‍♀️",1,21,2022-02-09 23:36:19
88d0e453-9a2c-4786-822a-6ee6c0bdd0e2,Pengguna Google,Ok,5,0,2022-02-09 09:05:54
84ab3b51-6996-4204-b5d7-baa9b71e052f,Pengguna Google,JAKI Semoga Sukses Selalu & Lebih Maju Tuk Kedepannya Mantap 👍,5,2,2022-02-08 16:21:53
33b637a1-f3c4-4c84-a369-b07b7147e459,Pengguna Google,Ini aplikasi kocak bet dah ada fitur live chat status online tapi 7x24jam gak ada respon LOL bgt,2,3,2022-02-08 16:20:55
3f2b3cee-1abe-461c-b309-362ff2935615,Pengguna Google,Oke,5,0,2022-02-08 14:31:06
b07578fd-858b-47f5-9604-16f89eee748f,Pengguna Google,Bagus,5,0,2022-02-08 14:22:57
6c38138a-c08b-4034-b0b3-80a4ec3afd59,Pengguna Google,"daftar vaksin boster dari app ini, pas nyampe tempatnya disuruh daftar ulang & ngantri ke belakang lagi",2,1,2022-02-08 08:50:42
0270d726-705b-4f5f-a543-66e8e73c44bd,Pengguna Google,Good,5,0,2022-02-07 20:58:01
5a6f7fea-9478-467e-98de-e3431870dd42,Pengguna Google,Sangat membantu...,5,0,2022-02-07 10:52:59
2956e9e4-b4cf-4abe-995b-6454c9b70deb,Pengguna Google,Mantap ... tingkatkan terus,5,0,2022-02-07 08:37:20
0761181a-2734-4900-bb77-ca5e6d7c790d,Pengguna Google,Jaki pelayanan prima,5,0,2022-02-07 06:40:19
63d47441-8515-49c4-8f16-7d7bf840a397,Pengguna Google,Error terus dalam presensi online PNS,1,0,2022-02-07 06:21:24
5a2a73c3-0d92-4fb4-96e2-80063881baa2,Pengguna Google,Sangat membantu,5,0,2022-02-06 21:48:20
01ea2c8a-e7a9-4db0-9828-e0996d9c5027,Pengguna Google,Mau laporan warga kemana ya,4,0,2022-02-06 19:09:14
40a2bec4-08c2-435b-9f61-697b6f730d86,Pengguna Google,Aplikasi layanan publik kok registernya ribet banget yaa kaya mau register aplikasi pinjol.terlalu detail di bagian pengambilan foto.. harusnya lebih dipermudah dong.,1,13,2022-02-05 16:46:24
16ee9b83-c843-4330-b756-97b9a3e77e4a,Pengguna Google,Loading Mulu,1,0,2022-02-05 10:23:06
3385e615-074e-40a1-9e02-378e7c6f9783,Pengguna Google,kok saya mau daftar vaksin ketiga sudah pilih faskesnya trs pilih tanggal ga mau muncul yaaa..saya heran padahal sdh memenuhi syarat vaksin ke 3..mohon dibantu yaaa,2,0,2022-02-04 20:46:55
3d2cd6c7-0a7a-4b91-a191-63e893ca19d7,Pengguna Google,Susah dibuka,1,0,2022-02-04 14:18:26
c2b444c8-d10b-494f-a981-191fff78dd64,Pengguna Google,Udah pilih tempat gak bisa pilih waktu vaksinnya.. pilihan waktunya gak keluar.. ayolah,1,1,2022-02-04 10:55:50
7c6a2881-ba47-4f32-859f-25961c463385,Pengguna Google,"Kok ut pembayaran pajak kendaraannya gak bisa, cuma bisa cek tagihan, utk proses selanjutnya nggak bisa",3,1,2022-02-03 15:02:54
70a327fc-fda6-4c92-97b4-7c1872e345ca,Pengguna Google,"Gajelas bgt pengelolaan datanya ,diaplikasi JAKI sudah bisa vaksin ke3 booster ..pas udah bikin jadwal giliran ke lokasi yg dijadwalin dari sananya ditolak sama petugas disana dan malah suruh nunggu 1 minggu lagi..",2,4,2022-02-03 09:03:05
d2e39b57-1c85-477c-8c93-0697bc1ea7da,Pengguna Google,Mantul,5,0,2022-02-03 06:34:03
71a17ef0-3604-4421-bab9-9aa8dcce87dc,Pengguna Google,Gemana sih daftar vaksin ga bisa.. Dateng ke sentra vaksin ditolak disuruh komplen ke jaki.. Email ga respon.. Trus kudu kumaha.. Aplikasinya benerin dulu woy,1,1,2022-02-02 10:20:11
b755ae5c-ca41-48ee-b5cd-37da9eb78898,Pengguna Google,Oke,5,0,2022-02-01 20:41:18
9ff315b5-6374-40a1-b047-5ad5efbb3298,Pengguna Google,Sangat baik,5,0,2022-02-01 18:17:27
6ba3a6ee-b2b0-4dbe-991a-184cd84add83,Pengguna Google,"Tolong di bantu, kenapa saya tidak bisa melakukan verifikasi nik? Dan status vaksin saya belum vaksin",2,0,2022-01-31 13:25:12
27e8b7dc-b413-480c-80de-96d702a57a92,Pengguna Google,Bagus,5,0,2022-01-31 11:35:19
2947457a-cfe3-4bc5-b9d6-ac00c455fede,Pengguna Google,Saya tidak bisa verifikasi data dengan keterangan selalu gagal jaringan kartu saya telkomsel dan jaringan penuh. Tolong di perbaiki,1,2,2022-01-31 11:27:54
409254ff-69f4-4e6a-90ff-34192bcd7fd2,Pengguna Google,Mantul,5,0,2022-01-31 09:10:32
e23752fc-508f-4d1e-a20b-0f24d6d99ed1,Pengguna Google,Mantap,5,0,2022-01-30 09:18:13
0bbca0ad-2f59-40ab-ae5e-5ce4ec651552,Pengguna Google,Good,5,0,2022-01-30 08:42:31
95fef910-de8a-45e9-b90f-764a49e8c28f,Pengguna Google,Mantab pa gooodbener,5,0,2022-01-29 20:39:56
1d2383d0-c6e7-4a62-9530-a8129b36f94c,Pengguna Google,Bagus banget aplikasinya. Bravo Pemprov DKI Jakarta,5,0,2022-01-29 20:15:14
e713d01c-d3bc-4694-b7cd-76d17ce3fccf,Pengguna Google,Ok,5,0,2022-01-28 23:58:21
2a1efffb-f1d8-44a3-bc63-c584f669a3a4,Pengguna Google,Bagus dan sangat memudahkan untuk daftar vaksin.,5,2,2022-01-28 22:10:34
05557bdc-26e1-4e82-b1e7-34d60a4ee717,Pengguna Google,Ini dari minggu kemaren gak ada kuota mulu? Dateng langsung ke pos nya di blng hrs daftar online dulu! Hbungin cs gak ada balesan!,1,1,2022-01-28 16:04:31
d60d45e4-1b4d-49aa-bdab-8c9c10a218e8,Pengguna Google,Keren,5,0,2022-01-28 14:20:40
1564a180-ea95-447c-aa3c-0f80df872788,Pengguna Google,Good,5,0,2022-01-28 11:36:29
e02813a3-db8a-4e53-899c-2a37cb2de933,Pengguna Google,Mantap,5,0,2022-01-27 21:13:39
7b3e409b-618b-4654-bcd2-c378ac22a359,Pengguna Google,Sangat memuaskan,5,0,2022-01-27 19:43:52
ced1bb8f-37fa-4c5a-bbc6-0beab545d48b,Pengguna Google,Coba dulu,5,0,2022-01-27 15:44:31
0ee35d9b-d8d8-4742-9bc9-b00d4019ea10,Pengguna Google,Good,5,0,2022-01-27 12:48:24
1b9ed358-7ca6-43e3-a576-56834c43ac11,Pengguna Google,Untuk apa harus swa foto dengan KTP ? Apa bisa menjamin data aman ?,3,0,2022-01-27 08:14:46
3a52812f-4637-4081-a2c2-a8285c58feb6,Pengguna Google,Mantap. Sekali,5,0,2022-01-27 01:13:06
1895d716-62b4-466d-90f1-85a3fa3bddcf,Pengguna Google,Sangat cepat tanggapannya....,5,0,2022-01-26 21:49:40
5d513dd9-90ab-429c-a45d-f68e9115a97b,Pengguna Google,Ok,5,0,2022-01-26 21:27:11
cacdda29-1967-4313-9ef2-c1b4434bae72,Pengguna Google,Ok,5,0,2022-01-26 18:39:13
2289b4db-fe1f-4c89-9ec0-ad9df1cdf5d9,Pengguna Google,"#USUTTUNTAS #TIDAKSESUAISOP #BELOMDIGAJI Gaji november sampai hari ini bulan ini saya tidak menerima gaji diperusahaan segari atau pt sayur untuk semua , padahal saya sudah kirim bukti mutasi saya lewat m bangking tidak ada padahal setiap hari saya minta up ke atasan katanya di proses tenyata tidak, semoga pihak kementrian ketenagakerjaan membaca postingan saya , karna saya butuh lagi keadaan begini tolong di tindak lanjuti",5,15,2022-01-26 18:31:09
3d191cb9-f18e-4f86-85fa-c06e5dc7fefc,Pengguna Google,Bagus sekali,5,0,2022-01-26 17:52:55
aba7a48f-a6c8-4641-94a8-0cf2a2d2ab2c,Pengguna Google,Mantab,5,0,2022-01-26 17:27:37
cea81c5e-a238-4792-8990-85cb3ebf8fab,Pengguna Google,Baru telusuri baru donlode .terima kasih semoga bisa membantu,5,0,2022-01-26 16:46:50
70347ad3-5f41-4aae-a183-fa39531081de,Pengguna Google,BAGUS,5,0,2022-01-26 15:37:51
d91f71ef-5120-45f5-93b8-a6d06921e26d,Pengguna Google,Prematur,1,0,2022-01-26 15:25:43
5fa9a194-cc7e-4399-ace5-d7424c9cd3ff,Pengguna Google,Bagus smoga bermanfaat,5,0,2022-01-26 14:49:13
d6379f8d-e289-4acc-bd22-c9087bb762a3,Pengguna Google,Mantab mudah praktis gak ribet efektif efisien,5,0,2022-01-26 14:36:36
be2264d5-79c3-41d6-a58d-6cc557cb176d,Pengguna Google,Bisah membantu dalam menjaga kesehatan dan kekebalan tubuh,5,0,2022-01-26 14:23:07
480c40ca-9a9e-4717-82f3-762b8844a0bb,Pengguna Google,Bagus sekali,5,0,2022-01-26 14:22:10
a2640757-9a5b-4e11-b077-9d8f6be345ba,Pengguna Google,"Air jernih ikannya jinak. Negeri yang aman sentosa,penduduknya hidup makmur.",1,0,2022-01-25 17:15:55
252e3216-ddf8-4cf9-a76e-864a5dd33e73,Pengguna Google,Top,5,0,2022-01-25 17:06:09
26698626-237b-467e-a429-c12c11f4b9f4,Pengguna Google,Kurang puas,1,0,2022-01-24 09:06:15
38102fac-be3a-40ba-9999-10334edcb0bb,Pengguna Google,"Oke banget, sangat membantu",5,2,2022-01-23 19:03:06
bab11b49-33a7-4ec6-a7d4-8304c5b4a52d,Pengguna Google,Ok,5,0,2022-01-22 18:39:18
af4d59dd-2eb4-4836-b560-15466d880dd3,Pengguna Google,"Mantap banget, berguna sekali bagi kami warga dki",5,0,2022-01-22 16:01:46
69db1db8-8fc4-4cb2-8f3b-a8389cfd91f6,Pengguna Google,"1 kata ,kerennnnn",5,0,2022-01-22 08:00:14
f87adfa8-f0b8-4c74-8d67-67770eb583ca,Pengguna Google,minta tolong dicek kenapa aplikasi jaksurvei dijaki kenapa tidak bisa dibuka.tks,5,0,2022-01-21 10:49:37
9da1ace4-1d40-470c-8a16-4b61d66ae752,Pengguna Google,Cakep....vaksin covid mudah gak ribet ...trmksh,5,2,2022-01-21 09:13:35
ebe78f4a-6175-4e6c-ad72-b8774b5624ae,Pengguna Google,Udah daftar vaksin Di RS Tzu Ci cengkareng tapi katanya kosong,2,0,2022-01-20 11:17:53
6d729f26-3502-45ea-91d9-33faa5d66e01,Pengguna Google,membingung kan,1,0,2022-01-20 08:13:24
41f6917e-d8a6-4761-b0fb-b1d22c53b787,Pengguna Google,"Maaf cara buat laporan di aplikasi bagaimana ya, sudah sy coba ketik dilayanan transportasi publik, tp fitur simpan nya ga aktif",3,4,2022-01-19 12:44:27
3850bf87-2e4a-4c17-b18b-78636be86baa,Pengguna Google,"utk wifi gratis apa pasword di pegang pihak yg diberi tanggung jawab , atau otomatis bisa langsung terima kasih",2,2,2022-01-18 10:21:03
3ae2a28c-cc46-4640-a2fb-daad14b2fc15,Pengguna Google,Uh ah,5,0,2022-01-18 09:57:39
1001d0d2-abb7-4c8e-bbaf-0897d374d86b,Pengguna Google,Good...membantu sekali,5,0,2022-01-17 18:17:43
f5185362-60f9-4ce7-b6c6-5eb19bf6ea3a,Pengguna Google,"laporan ketentraman warga jakarta utara telat di tindak lanjuti, dangdutan sudah selesai sampai jam 23.30 tapi petugas belum datang juga 😔",1,6,2022-01-15 23:19:59
3ee54457-447a-46fa-92ae-8aafa716878d,Pengguna Google,🥰,5,0,2022-01-15 20:01:52
26a58576-b36d-47af-bd68-c8228aacab25,Pengguna Google,"Tolong untum jadi masukan perihal foto bukti agar tidak usah pakai batas waktu 2 jam, atau tidak usah pakai tag lokasi",2,6,2022-01-15 15:21:59
d84379f4-fc89-4df4-ad76-3fd7f71a293e,Pengguna Google,Mantapppp sangat bermanfaat,5,0,2022-01-14 20:44:00
eba7ecff-1182-47d5-b8f8-9f89899a699d,Pengguna Google,Ok,5,0,2022-01-13 15:08:33
71107532-e911-43c5-be2b-9d660bda3fd6,Pengguna Google,"Terima kasih, info"" nya sangat bermanfaat kak buat anak perantauan yang lagi stay di Jakarta",5,1,2022-01-13 12:29:29
c979a8e7-2e98-4592-8e4f-16f0c0da9592,Pengguna Google,"sukses selalu untuk jaki, tim ambulance nya sangat responsif - the best! membantu sesamanya 👍",5,4,2022-01-13 11:17:44
6f03eb57-f6ba-4ede-bedf-e7c28c566c3b,Pengguna Google,Hebat,5,0,2022-01-12 17:21:13
d158a5e7-9c0f-4489-a5b3-8460d839be08,Pengguna Google,"Aplikasinya sbnrnya udh bagus,,cm knp ya sy mau masuk ke portal layanan dokumen udh aplod ktp,dll pas masukin pasword jaki nya ada tulisan error 403 apalah² gmn ini please help !!",5,18,2022-01-12 11:36:56
104b430c-4f6b-4ae9-a7a7-650bf4cdb4d5,Pengguna Google,Oke,5,0,2022-01-12 10:06:11
67416448-1a39-4ef2-b375-60d4915225c3,Pengguna Google,Sudah lumayan baik tanggapan atas pelaporam yg valid Semoga makin cepat tangggap. Insentif lebih di perlukan untuk pegawi yg benar benar bekerja.,5,4,2022-01-11 22:50:45
aeddf392-cfa8-49d8-a9cc-4e3aedc41455,Pengguna Google,Sangat membantu sekali,5,0,2022-01-11 20:22:04
f8d802c8-b7a7-43ec-bfad-6363d4d3510a,Pengguna Google,Kenapa klw cek pajak kendaraan selalu server error ya...tolong dong di perbaiki....,1,2,2022-01-09 18:19:56
418ef157-ff8e-4590-8a21-6e3f3eefa9cc,Pengguna Google,Nama gw kan jaki,5,1,2022-01-09 17:28:49
de9394ba-0697-4684-952c-e2e5d0d97afe,Pengguna Google,"Mohon fitur tunda laporan estimasi bagi petugas ditiadakan saja Karena buat petugas jadi buat alasan fitur mainan untuk diundur undur laporannya oleh petugas nakal,tidak mau bekerja sementara tidak ada biro pemerintahan yang menegur dan mengawasi petugas tersebut agar menindak lanjuti laporan secepatnya Sayang sekali ada celah biro pemerintahan hanya mengecek laporan yang sudah selesai ditindak lamjuti,tidak mengecek laporan yang ditunda estimasi penyelesaian nya oleh petugas nakal",1,12,2022-01-09 00:22:59
d4c99073-3cfe-4a68-8fc8-708f7a10c6f8,Pengguna Google,Oke,5,0,2022-01-08 21:01:55
c702a55f-48ac-43a7-a804-bb0a9d480fe6,Pengguna Google,Knp aplikasi peduli lindungi sdh 2 minggu ini tdk bisa check in/out ??,1,2,2022-01-08 12:35:53
a6ae088d-0c97-4d1c-ad98-217eb679c3a5,Pengguna Google,Ok,5,0,2022-01-08 10:25:03
5b4b4e91-b611-48cd-bebb-eea86d2ce476,Pengguna Google,Keren nih aplikasi...,5,0,2022-01-06 19:07:17
0f8b12ee-f995-41e4-af4b-f87831d92163,Pengguna Google,Aplikasi ini sangat berguna bagi warga jakarta.Terima kasih jaki,5,0,2022-01-06 18:03:01
a6100686-6244-4cdb-9763-4a59ccb78a77,Pengguna Google,Good,5,0,2022-01-06 09:10:16
170234d8-d791-4ba2-bbee-514ef3dac277,Pengguna Google,Ok,5,0,2022-01-05 19:04:43
44a7e169-063a-4087-a91e-7ccd2a2f9916,Pengguna Google,Kurang tanggap,3,0,2022-01-05 17:04:37
adc97d6b-6abb-4ccd-8cfa-b6374b43ec5a,Pengguna Google,Aplikasi yang sangat baik dan sangat membantu,5,0,2022-01-05 05:40:01
e38efaf7-f2b8-4750-90aa-3e923137006e,Pengguna Google,Saya mau booking lapangan badminton di GOR badminton melalu jaki tapi Gaada tulisan booking sewaktu di pilihan GOR nya,1,0,2022-01-04 15:43:20
548891a5-df3d-4141-80c9-4de29bc9add7,Pengguna Google,Udah download..mau booking lapangan cuma bisa di lihat..menu booking tau dimana..membingungkan,2,1,2022-01-04 13:10:42
4011cb7e-3b79-412c-83f2-3428777cccee,Pengguna Google,"Fitur ""check in/check out"" yang berkolaborasi dengan PeduliLindungi tidak bisa digunakan saat saya menggunakan layanan TransJakarta dan mengunjungi Perpustakaan Nasional. Mohon disediakan pula fitur ""Live Chat"" di aplikasi JAKI agar warga DKI Jakarta bisa bertanya dan mendapat respon lebih cepat tentang beragam hal terkait kotanya.",5,34,2022-01-01 16:22:24
46d9d804-a386-459e-ae81-d2a2b402baf0,Pengguna Google,Aplikasi nya memuaskan utk saya mencari informasi yg terupdate keadaan Jakarta🙂🙂🙂,1,0,2022-01-01 07:00:08
85dc9c65-0a74-4c8a-b286-127aca62a152,Pengguna Google,"Aplikasi oke lah, daftar vaksin, dteng lgsg vaksin, mudah",5,3,2021-12-31 09:33:17
7d40d7f1-072c-4cb7-825d-cc3cbb10056f,Pengguna Google,Sangat membantu WARGA dlm peran serta hidup BERMASYARAKAT. 👍,5,2,2021-12-30 18:57:57
8fcdf7e0-2271-46b3-b522-c8b623f8ead6,Pengguna Google,Good app,5,0,2021-12-30 18:29:43
73df91c7-79f7-48b0-8ded-9abbd22601d5,Pengguna Google,Sangat membantu,4,0,2021-12-29 09:01:03
00878006-8811-4c64-aedc-df1d0944a08b,Pengguna Google,Terima kasih sudah di vaksin... Walaupun sebenarnya saya tidak mau di vaksin..,4,0,2021-12-29 05:25:04
adbf4604-dda8-470f-8a65-0b2bb6a10463,Pengguna Google,"Saya daftar vaksin nama dan nik sudah sesuai tetapi ketika sudah di kirim tiba"" nik berubah bukan nik sayao",2,1,2021-12-28 09:23:11
ea600b84-33c4-4f7e-8aa3-d2d9401ec6bd,Pengguna Google,"Saya naik trans n busway,usia saya 62 thn, ingin kartu lansia gratis.",5,3,2021-12-28 07:19:20
51c871aa-a188-4fc4-8d8f-c3cdd179a522,Pengguna Google,Agak lemot buka aplikasi nya,1,0,2021-12-27 17:31:46
975c58a6-1e87-4448-a10c-304b65058f56,Pengguna Google,Keren,5,0,2021-12-26 00:53:14
45614e46-fe1b-4c3c-ab26-905590889630,Pengguna Google,Siang ketua pemda dki bg lampu jalan sy tinggal di daerah komplek green garden block a2 no 22 di dpn rmh sy lampu jalan nya mati dan sy udah lapor ke seketaris rw dan udah 2 bln an tdk ada tanggapan bisa kiranya bpk bantu atasin lampu jalan yg mati thx byk pak,5,2,2021-12-25 11:21:34
3c3ff1df-c53b-412a-9f8c-2bd78defbb99,Pengguna Google,Kuota dosis ke 2 vaksin gak ada,1,0,2021-12-25 02:13:15
f28299c7-44e5-46b6-9d35-41340603d230,Pengguna Google,Semoga bermanfaat,5,0,2021-12-25 02:09:44
aedd20b2-cf09-453f-88b3-1f0e34b85a10,Pengguna Google,Keren habis pokoknya,5,0,2021-12-24 18:26:08
9d414e29-7389-4c89-b287-3e019056d8c6,Pengguna Google,Saya mau daftar vaksin tanggal 27 di Tarakan masa tidak bisa Kouta belom di perbarui DM ig jaki tapi ga di respon solusinya gimana,1,0,2021-12-24 16:17:52
1e3fac47-d2cb-4a92-b055-ba4b81717fad,Pengguna Google,berkali kali keterangan foto harus tag lokasi.. padahal sudah pake tag lokasi.. perbaiki lah,1,0,2021-12-24 11:19:54
2c936d28-5c90-42fb-bd6f-2df617c59b7e,Pengguna Google,Baguss,5,0,2021-12-23 22:28:09
dadb930c-f427-4b36-b929-59b951e40138,Pengguna Google,"Aplikasi nya sih bagus, lancar. rencananya u membantu masyarakat dalam membuat laporan. Tapi jadi pepesan kosong karena tindak lanjut pelaporan oleh oknum2x tertentu, hasilnya nihil. terutama masalah IMB, ladang duit itu.... wkwkwkwk",1,16,2021-12-23 08:16:22
7f5808bd-2a47-43d1-baf0-b76faf316611,Pengguna Google,"Aplikasi yang sangat membantu, terus tingkatkan lagi",5,0,2021-12-22 20:59:35
33254257-dd8d-4c41-9736-9db3a366e3f2,Pengguna Google,"Saya sudah vaksin di situs peduli lindungi sudah update namun di situs dan app jaki malah belum update. Bertanya via Java dan dapat solusi lapor kendala melalui tombol link yang di sediakan, namun tombol link tersebut sama sekali tidak bisa digunakan dengan status forbidden untuk di telusuri. Lalu saya harus lapor kemana lagi? Tidak ada fitur bantuan, dan email jaki pun tidak ada respon. Lebih baik uninstall saja, tidak berguna.",1,16,2021-12-22 15:08:26
4af40b75-f12b-46a8-a45c-257b8fb60c6b,Pengguna Google,Tidak Bisa BOKING lapangan Sepak Bola,1,0,2021-12-22 14:47:21
f79516da-a112-4253-939e-627c512e0f61,Pengguna Google,"aplikasi burik kaga jelas, semua punya kepentingan ya developernya usernya pengelolaan nya banyak tipu2 buang2 duit negara doang !!!",1,0,2021-12-22 12:21:09
07efa30c-3cb2-4114-8e27-3143735c02f1,Pengguna Google,"Sya mau daftar ulang utk vaksinasi dosis 2, tapi lokasi faskes setempat tidak ada di jaki, karena saya dpt info dr faskes stempat ada kegiatan vaksinasi dosis 2 & hrs mendaftar via jaki,, lalu bagaimana yaa,",3,2,2021-12-22 01:32:45
20317605-0729-43d4-a1ad-e996ace0e2dd,Pengguna Google,Keren,5,0,2021-12-21 20:36:50
b81c049e-a8a5-48f5-88be-8f9d9a06c655,Pengguna Google,Aplikasinya sangat membantu sekali...!,5,0,2021-12-21 12:32:05
a8e5e439-6df7-41ab-a947-9671538ba11a,Pengguna Google,"Sya sdh aktifkan GPS tp keterangannya GPS blm aktif gimana atuh,,tolong dibantu min",1,0,2021-12-21 10:32:02
a756abca-bfe7-45dc-8024-544dc901a90e,Pengguna Google,Ok,5,1,2021-12-20 21:26:01
50face51-769b-45b5-af10-8fe0d123b449,Pengguna Google,Apakah kita tulis vertifikasi nik KTP. Di profil jaki gak. Takutnya identitas saya kebaca,1,2,2021-12-19 23:05:49
e52109e1-b7aa-46b0-aa61-7ec105a54d89,Pengguna Google,"Saya update akun lowongan pekerjaan, di bagian update data level pendidikan dst lalu saya klik lanjut kok gak bisa ya, mohon penjelasannya ya, trima kasih",5,2,2021-12-18 11:25:17
bef666bf-75fa-41b0-8089-a8f4e2ab998d,Pengguna Google,Lapor -validasi - aksi - cepat. Mantab,5,0,2021-12-18 03:10:20
0d10b0b7-34a9-49d5-b6a8-38854293a4f4,Pengguna Google,Yaa,5,0,2021-12-17 22:13:46
016bb915-0678-4f79-8e59-18f6693ee457,Pengguna Google,Ok,5,0,2021-12-14 21:34:57
1060a743-6b53-4a55-aa49-861a0b1b3847,Pengguna Google,Bagus,5,0,2021-12-14 15:02:49
b2867d8f-796e-4878-abf7-6c3ea931ae79,Pengguna Google,"Daftar vaksin pertama dan kedua saya dan anak2 mulus lusss via JAKI. Ga buang2 waktu deh, maklum di rumah kerjaan baking ga bs sering2 ditinggal. Makasih JAKI Lope lope ♥️💐",5,0,2021-12-14 06:12:02
c5bdbbcf-0ab0-4892-a958-5e13f1f7c18f,Pengguna Google,"Knp ya dari kemarin, download kaki ga bisa trs. Hanya muter2 trs. Pdahal jaringan ga masalah. Kuota jg ada. Tolong di bantu dong. Apa udah ga bisa daftar vaksin di kaki?",4,0,2021-12-13 20:58:51
ea9ad9b3-f24a-49b5-b81b-42bcb1647ee2,Pengguna Google,Top,5,0,2021-12-13 20:53:49
2735798f-974c-42a6-8ed6-caa866f5e62f,Pengguna Google,"Perbaiki di beberapa halaman, seperti pendaftaran dan lokasi tinggal... Semisal tidak cocok harusnya ada peringatan di web nya/ halaman nya... Sekian",3,5,2021-12-13 11:49:37
111166fe-3e23-4fec-8320-6a3b004c17d1,Pengguna Google,Semakin cepat dan mudah,5,0,2021-12-12 21:23:41
12ffde1f-5a16-4db1-ad8d-715e0e9ab0fe,Pengguna Google,mantaaabbb,5,0,2021-12-11 01:38:39
5c57f332-e332-4625-b10e-ab87bd5e1ae6,Pengguna Google,Aplikasinya eror terus ga ada gunaa,1,0,2021-12-10 06:03:31
41f5fb14-899e-4ca1-a747-49d5b6fcb216,Pengguna Google,Cukup memuasksn,5,0,2021-12-08 21:46:39
f068ae5c-7aa4-4531-a10c-47f2b05bced7,Pengguna Google,"Pajak reklame liar, bangunan tanpa IMB , yang bersifat ilegal dihapus di aplikasi ini customer servicenya kurang sopan mungkin belum pernah makan bangku sekolah kali ya ,panti pijat plus plus ilegal banyak di dki Jakarta, dan bangunan yang tidak menggunakan imb juga banyak seperti di wilayah Jakarta barat di jalan penerangan 2 sebelah musholla bangunan 2 kavling tanpa imb di daerah penerangan kelurahan Jelambar ayok nitizen viralkan bangunan tersebut merapat",1,11,2021-12-08 12:34:30
ba4f821f-e277-401d-8d06-4f579336898a,Pengguna Google,T O P,5,0,2021-12-07 03:32:24
86d0fd98-4d5f-4494-a050-2a4f21996b7e,Pengguna Google,Membantu banget,5,0,2021-12-06 18:01:17
482dd6d8-1242-4302-b136-1aabb57cb45c,Pengguna Google,Ok,5,0,2021-12-04 14:59:46
e0aac45b-e559-4050-b591-ee91416df84f,Pengguna Google,Ok,5,0,2021-12-03 10:10:30
2bf259f8-2955-4c08-97fc-330bc1d2f671,Pengguna Google,Ok banget,5,0,2021-12-02 18:37:01
f6c4e486-1676-46d9-ad30-f0e9c43d6ede,Pengguna Google,"keren app nya, infonya up to date banget",5,1,2021-12-02 15:47:04
3c7b128c-85c9-4514-9d3a-2fb2cf38083a,Pengguna Google,Pembayara PBB,1,0,2021-12-01 23:57:58
9fd2bc67-3cfa-4cbb-87ac-86330a15ac96,Pengguna Google,Lambat bikin sebel selalu ada kenadal saya mau download file vaksinasi tapi udah didownload gabisa dibuka buka heran,3,1,2021-12-01 22:58:46
c86b35eb-a9b7-4531-b693-147a3642b661,Pengguna Google,Empat bintang dulu biar terus di up date,4,0,2021-12-01 22:05:18
2a832da7-e671-4d26-89b6-a1d2d554b7b5,Pengguna Google,JJ muu,2,0,2021-11-30 19:02:42
9caf5d6b-2b24-4ada-8854-5dfc3fc58e3c,Pengguna Google,Mantap... Aplikasi pemprov ini langsung merespon cepat aduan dari masyarakat... Mantap bener dah... Ah👍,5,0,2021-11-30 11:05:28
8ccc3a39-1c19-47fd-a691-36b9a460e229,Pengguna Google,Good,5,0,2021-11-29 17:47:52
72f4ec4e-26b7-4fe3-8c7b-88863c1ef69a,Pengguna Google,Memberikan informasi yg akurat dan berguna bagi kami rakyat kecil,5,1,2021-11-29 15:36:15
84aa1c88-77b5-4d50-b5e9-7059cbe6fb28,Pengguna Google,Aplikasi yang bagus dan bermanfaat,5,0,2021-11-29 09:19:43
b67ee81c-2a8f-40f3-a2a0-7efb1a989e87,Pengguna Google,👍,5,0,2021-11-29 02:27:20
9fc9030b-da1f-4c60-8f69-437e83ae5269,Pengguna Google,Mantap,5,0,2021-11-28 10:27:51
64af76c7-cab2-4873-b334-190b6b50541f,Pengguna Google,keren,5,0,2021-11-28 05:07:52
0ceaf71f-9e76-45f1-9bff-babfb261f052,Pengguna Google,bagus aplikasinya,5,0,2021-11-28 03:34:20
d76c1d73-acaf-4e37-97be-5cb23b804162,Pengguna Google,Aplikasi sangat berguna,5,0,2021-11-27 16:07:56
4c03277d-149e-43b9-9a2d-1c5aab3d9717,Pengguna Google,"Aplikasi yg sgt membantu utk mengetahui kesehatan sehari hari dlm kelancaran kegiatan aktifitas kerja, Bagus namun syg terhapus karena HP kepenuhan",3,0,2021-11-27 15:19:33
c5b4dfd3-c3fb-46d2-a157-79bf5c27e01d,Pengguna Google,Verifikasinya agak sulit,3,0,2021-11-26 19:07:53
a6f58605-e99e-463a-a64a-8a150d5fcbe9,Pengguna Google,"Jadwal vaksin dan lokasi tidak update 2x dapat jadwal tdk sesuai,yg pertama tidak mendapatkan slot yg ke dua lokasi vaksin ternyata sudah pindah jadi saya ke lokasi sia sia,tolong di perbaiki lagi",1,1,2021-11-26 11:15:46
9a561190-e29c-4127-9377-84b7feade295,Pengguna Google,Susah,3,0,2021-11-25 21:15:02
77fdd1e7-8da1-4603-927f-dd66002be82f,Pengguna Google,"Sangat tidak berguna, tidak bisa menjawab pertanyaan dari masyarakat",1,1,2021-11-25 20:02:46
fc85002c-aa1b-4cc1-bbd7-9d1c17d6bf74,Pengguna Google,Coba dulu ya nti bintangnya di tambahin,3,0,2021-11-25 17:07:59
38f24849-289f-4296-93f5-41fdbb66ce50,Pengguna Google,SANGGAT membantu,5,0,2021-11-25 13:42:39
551d4d76-fc2d-40e2-bd2b-1766a104c122,Pengguna Google,Bagus buat rencana perbaikan kedepan..,5,1,2021-11-25 12:43:03
7db63490-0b5f-4d43-8c1b-afa45ed5153f,Pengguna Google,Ok,5,0,2021-11-25 11:46:14
270b59a1-3dae-4b94-8073-aff9257c272f,Pengguna Google,"Mau dftr vaksin. Saya buat akun terlebih dahulu. Tp dapat kode otp lamaaaaaa sekali. Sedangkan wktu utk memasukan kode otp hny 1 menit, ketika waktu di app sudah habis, 10 mnit atau lbh baru masuk kode otp, jd ulang lg dan sudah cb berjuta kali blm dapat dapat lg. Ini app ngajak bercanda. Buat app yg bagusanlah DKI.",1,20,2021-11-25 10:31:42
3c8729a1-980a-45a3-81b2-7bde17d268fb,Pengguna Google,"Vaksin gratis mau daftar aja susah.Dateng ke kepuskesmas katanya suruh daftar dulu lewat jaki.udah daftar dari 3 hari sebelumnya,keterangan suruh nunggu 1x24jam,nyatanya udah sampe 3 hari belum juga terjadwal.kenapa harus daftar kewat aplikasi sih,kalo nyatanya aplikasinya ga berfungsi...ampunnnn.niat vaksin aja ribed.",1,6,2021-11-25 07:32:58
0d4f0d87-955a-40bf-973d-ccbd593ebde9,Pengguna Google,saya kasih bintang 5 semoga aja lebih baik lagi yaaa semoga bermanfaat...,5,1,2021-11-25 05:49:04
0b5657a4-077e-4b43-8be0-08da1fb3e3c7,Pengguna Google,Sangat membantu dlm pendaftaran vaksin dan saat vaksin jd lbh cepat dan pelayanan yg sangat baik,5,6,2021-11-24 21:45:59
e9aae4db-9ece-414c-be94-30de6e9c9a72,Pengguna Google,"Alhamdulillah cepet bgt doong ditanganinnya, seandainya didalam ada aplikasi bintang lima keren kli nh atas pelayanan mantap gercep... Seandainya laporan anda lama terkirim mungkin ada keasalahn ama laporan anda... Ini buktinya saya cepet bgt koh... Maksh pak DISHUB udh membantu menangani parkiran liar😍❤️",5,0,2021-11-24 09:02:23
575c7569-d797-444f-b381-e35b3fdfc3be,Pengguna Google,"Zet,",3,0,2021-11-24 08:42:18
437fc95c-635c-4817-b4c4-4f4e95295434,Pengguna Google,"Buat laporan emergency stak di koordinasi, padahal bukti, ketereangan & tempat sudah diunggah dengan benar :(",1,1,2021-11-23 16:01:00
4a999b42-b7cd-4244-9437-3750e3fff24b,Pengguna Google,JakWifi lemot banget,1,0,2021-11-22 18:27:44
66b96ff8-a260-4393-b9eb-cb0d59e98ffe,Pengguna Google,Sangat membantu,5,0,2021-11-21 05:45:23
545a3325-03d9-4e5b-b6d4-c2d4098b5660,Pengguna Google,Ok bgt DKI jakarta,5,0,2021-11-20 13:00:35
5141ec36-1be1-4ac3-907f-1b197b9c5ca6,Pengguna Google,"Hai JAKI, saya lihat di aplikasi JAKI ada fitur cek Pajak Kendaraan Bermotor (PKB), itu bagus sebenarnya, tapi kok bisa bebas mengakses data PKB siapapun sih asal kita tahu Nopol nya. Begini, di situs samsat-pkb2.jakarta.go.id saja kalau mau cek harus input NIK dahulu, tapi di JAKI tidak pakai NIK, sehingga siapapun bisa melihat info PKB kita. Apa itu tidak apa-apa ya?",4,1,2021-11-20 10:00:29
8b0d7b45-c884-4319-987a-74240abb4216,Pengguna Google,Info Update tentang Cuaca Lumayan Akurat dan Cepat. Saya kasih bintang 5. Terimakasih JAKI.,5,1,2021-11-19 16:47:18
2b1ea4a2-e3ae-4ec6-8aa3-65ef980dcf02,Pengguna Google,"Respon untuk Pertamanan dan Hutan Kotanya sungguh sangat lambat, tidak ada penindakan yg jelas untuk penebangan pohon..",1,0,2021-11-19 04:56:42
27f2e137-e64d-4231-920d-508c59a06cc7,Pengguna Google,Good lah,5,0,2021-11-18 18:21:45
ef9b9aa5-642e-4ee7-9ff1-e509d52cb415,Pengguna Google,ok,5,0,2021-11-18 14:44:50
2e8dfdab-0904-445d-85c7-13037d0344a3,Pengguna Google,Tolong untuk jak CLM nya bisa dibikin lagi jika sudah. Kadang tidak ter download jak CLM nya,1,0,2021-11-18 10:03:10
3ae4ebf5-409a-4c0e-9980-19b63ec08814,Pengguna Google,sangat membantu bgtt...kerenz dech ...🤗🤗,5,0,2021-11-17 22:28:40
1908af5d-b8c8-499f-8f26-7d1811ba34b7,Pengguna Google,Next i will give 6 star for this app,5,0,2021-11-17 21:24:00
219101b0-2e64-46e6-8790-515d875e82f9,Pengguna Google,Bagus,5,0,2021-11-17 15:19:31
77a0d8f1-bfb2-42e2-9ce2-1f9a2266c1c8,Pengguna Google,"Lhaaaa dilokasi jakbar ndak ada lokasi trmpat vaskin sama sekali🙄🙄🙄,,, hallooooooo? Bisakah klo penuh ttp tampilin lokasi2 tmpat vaksin, biar orang kya sya gak ribed cari lokasi vaksin! Percuma download gak nemu sma sekali apa yg dicari. Udh daftar ndak bisa, lokasi vaksin ndak ada.. ni aplikasi buat apa sih disediain menu daftar😏😏",1,1,2021-11-17 07:05:10
c260866d-3817-4827-9ef8-244f8002575c,Pengguna Google,Bagus,5,0,2021-11-15 16:42:12
0b35db44-00b0-456d-bd06-8300817af603,Pengguna Google,Sangat membantu,5,0,2021-11-15 12:58:55
56969b71-bbbb-489b-96a1-4753fc6f5c3a,Pengguna Google,Trimaksih Dg JAKI Sy lebih Mudah Mndapatkn Vaxsin.... Trimz JAKI🙏🙏🙏,5,0,2021-11-15 11:36:59
bfc8bcac-f878-4174-8742-31a3d46c67f8,Pengguna Google,Bagus,5,0,2021-11-15 08:35:59
9e9d209a-3c4b-4162-816b-19807994a7e0,Pengguna Google,Sangat bagus..makin responsif...ga ada daerah lain seperti ini...yg kesulitan cuma gaptek aja ko...,5,0,2021-11-13 22:16:17
64dd65c5-0877-40cb-9cf6-e37f0ffc0da2,Pengguna Google,Lumayan sih buat donlot sppt pbb cuman abis donlot nih suka ngajak temennya alias ngebuka link yg unfaedah (iklan).,1,1,2021-11-13 15:10:32
d3e140b4-92ee-4ea2-a35f-d11869eb9640,Pengguna Google,Sangat membantu dalam informasi,5,0,2021-11-13 09:10:12
5746e090-ce4a-41f9-9bf8-2fcdfeecf997,Pengguna Google,Gemess deh,5,0,2021-11-12 22:52:15
c816cb08-f928-4e2d-a15b-abd6c2cd3862,Pengguna Google,Ok,5,0,2021-11-12 15:29:55
d6404a12-dbc9-4a6d-aaa5-5601ca060292,Pengguna Google,Buat para pecinta Jakarta,5,0,2021-11-12 05:02:25
6678be33-70b4-423a-9519-b47e97144936,Pengguna Google,SAYA MAU SCAN BARCODE PEDULILINDUNGI MASUK GATE HALTE BUSWAY TOSARI TAPI TIDAK BISA SCAN BARCODE SAMA HALTE OLIMO JUGA ENGGAK BISA.,5,1,2021-11-10 19:42:54
e7ef4a8f-b0ee-4ec4-8253-e1f558de6206,Pengguna Google,"Overall, bagus sih. Keren ya pak Anies ternyata hehe.",5,1,2021-11-09 22:44:44
b07a8924-b33a-414e-bd73-e35872bd1476,Pengguna Google,Anak saya seorang pengangguran,1,0,2021-11-09 19:35:05
014b211d-f7d7-4b7c-82c7-c8fca932ab06,Pengguna Google,"Kepada seluruh admin JAKI tolong di perbaiki lagi ya, Keluarga semua sudah vaksin 2 kali, Mulai pertama sampai kedua, Kenapa kami cek masih juga belum terdaftar, Jangan main2 sama masyarakat awam ya, Kaki sudah masuk kan NIK dan NAMA sesuai KTP, dan hasil nya selalu belum tetdaftar. Ingat JANGAN MAIN2 DENGAN MASYARAKAT AWAM, CAM KAN ITU",1,17,2021-11-09 16:42:58
83ac20dd-dbb6-4b67-a32a-10f378320d10,Pengguna Google,Sangat membantu dalam mencari informasi tentang jakarta,5,0,2021-11-09 16:40:23
926b57e3-345a-4adf-90c4-022bce549f1c,Pengguna Google,"Sangat tidak membantu dan tidak menjawab keluhan! Apa gunanya aplikasinya kalo gitu, saya mau daftar untuk vaksin kedua mau cek data saya di JAKI TIDAK UPDATE sama sekali padahal di aplikasi peduli lindungi sudah ada data saya terupdate. Gimana sih? Gak guna dong kalo gitu saya install aplikasi ini 😏",1,22,2021-11-09 12:56:54
f3d7bd45-1ab0-47fe-9cf3-989498c87b46,Pengguna Google,Masih gak bisa buka jaksurvey min...bagaimana ini,4,0,2021-11-09 10:58:16
64346d8e-3f71-4b7a-adf1-3b28ca801510,Pengguna Google,Smoga mkn sukses,5,0,2021-11-09 08:00:08
07211bb4-3912-4744-ad46-84fd83da1814,Pengguna Google,Ok banget berita nya,1,0,2021-11-09 02:06:24
e78cd0dc-6295-476c-a882-4ea2c9765d5c,Pengguna Google,"Keren euy, memberikan informasi dan pelayanan menjadi lebih baik",5,0,2021-11-08 21:20:06
f9c82a81-362b-4841-a2f0-75ba50420537,Pengguna Google,Ok banget,5,0,2021-11-07 18:17:24
386dc2e8-bf67-403f-a08c-ff30233e3503,Pengguna Google,Cuma kasih reting ja tpi tuk info nya cukup baik... Tentang vaksin,4,0,2021-11-07 13:54:13
d7f4e886-6c9f-40cf-bf15-89fc7e51a932,Pengguna Google,"Udah divaksin dosis 1 daftar di jaki pas mau vaksin dosis 2, diketeranganya anda blm divaksin, gimana si jaki? Nunggu jadwal 1x24 jam masih aja blm nonggol, tolong diperbaikilah...",1,1,2021-11-07 08:24:40
b0eace62-3652-4120-9db0-6162d6aedfdc,Pengguna Google,Parah parah parah banget udah 3 kali nih sekarang gak ada perbaikan. Katanya suruh lapor ke email. Di email pun sudah tapi sama sekali gak ada tanggapan,1,4,2021-11-06 13:38:16
a7ad7098-98f0-4c7f-9514-5110e814c615,Pengguna Google,Infonya dong buat admin2 jaki kalo jak ambulance itu sistem pembayarannya gimana apa gratis??,5,0,2021-11-06 09:42:44
af404eab-0ef4-44e6-95f2-f18a2aa67e89,Pengguna Google,cacat aplikasinya,1,0,2021-11-05 21:10:19
79d6e6b2-a869-4470-94da-9824cbede5a7,Pengguna Google,"Di aplikasi di tambahkan info rute angkutan umum JAKLINKO, karena rute jaklinko banyak orang yg awam tidak tau rute jalur nya,",3,0,2021-11-04 19:34:39
6cda5ba3-c3b5-420e-b1ef-a20013c7c1e1,Pengguna Google,"Keren, banyak informasi yang bermanfaat bagi saya. Kumplit, serasa menjelajah dimarketplace 😬👌",5,1,2021-11-04 18:31:04
f063040e-bdbe-4f59-a2fe-69bcc706f533,Pengguna Google,"Aplikasi gajelas , daftar vaksin jam 11-12 dtng jam 11 udh abis , buat apa daftar klo gadisisain yg udh daftar , gajelas gaguna",1,1,2021-11-04 11:51:42
a4a31df0-8ab5-4bf5-98c8-f916397cf9a9,Pengguna Google,"Adm Jaki ""Akan sangat luar biasa jika uji emisi kendaraan bermotor masuk di sini""",5,0,2021-11-04 08:21:52
f6b66488-0994-43a9-b1f9-77f7976e5a19,Pengguna Google,PARAH JELEK BNGT NI APLIKASINYA!,1,0,2021-11-04 08:04:38
33864c46-f324-48c3-a719-c1512c9594d4,Pengguna Google,Absensi mobile yang cepat.,5,0,2021-11-04 07:57:25
7e3a08e8-dbf6-4df6-b1a7-40104cb36d7c,Pengguna Google,Apk Jaki lg down yah .ga bsa d buka2,1,0,2021-11-03 21:11:54
8dc4757f-d602-4e36-a7c0-0e0e43ea1680,Pengguna Google,"Sgt membantu ,dgn adanya aplikasi JAKI,trmksh",5,0,2021-11-03 17:31:05
3eacfc38-bcd1-4e67-a228-ece2e2a700ec,Pengguna Google,Mudah sekali dan cepat,5,0,2021-11-03 08:41:22
0d7ffce6-2603-49de-b3f6-6870a70d8970,Pengguna Google,Keren euy Pemda Jakarta,5,0,2021-11-03 07:39:10
13a928af-2589-49b0-b942-b01a8c65cfd5,Pengguna Google,Membaik,4,0,2021-11-03 01:27:45
7b19a503-bb0c-4281-8879-8829c69dad2a,Pengguna Google,Tidak sesuai pendafaran vaksin dan jadwal nya diaplikasi tersedia untuk vaksin tapi giliran sudah buat janji dan daftar dilokasi vaksin nya tidak ada tidak akurat mohon di perbaiki LG sistem nya,1,2,2021-11-02 10:28:07
882a3260-75d7-4f16-a633-927b04d7f234,Pengguna Google,Sangat memudahkan absensi,5,0,2021-11-02 07:48:52
ed0614c1-393c-4d9f-bf1b-847868b31453,Pengguna Google,Ok,5,0,2021-11-02 00:15:40
ceaae625-750a-42e5-8a1d-214b41c49e2d,Pengguna Google,Liat dulu klo respon bagus tambah bintang,4,0,2021-11-01 05:19:08
44fa80b1-a1cc-4957-b6c3-b1efc915f30a,Pengguna Google,Aplikasi yg luar biasa bagusnya. Bentuk birokrasi yang tanggap melayani rakyatnya. SEMOGA DAPAT DITIRU PROVINSI LAINNYA. Sudah melaporkan dua kali. Responnya sangaaat cepat,5,7,2021-10-31 19:33:44
50458259-427e-484a-a76d-9cc2400ff5c5,Pengguna Google,Sangat membatu,5,0,2021-10-31 15:43:35
2f6bf2f8-c619-4ca8-b5a3-a3505d32fee3,Pengguna Google,good aplication,5,0,2021-10-30 09:40:31
dde6e194-e217-4ff8-b9b8-7bd1301b9c16,Pengguna Google,"lapor parli, malah di aduin siaoa yang lapor.. kan kocag.",1,0,2021-10-29 06:20:49
18dbf133-d2b2-4d9d-a76a-f744fd2126ca,Pengguna Google,"Petugas vaksin pemalas kerjanya jam setengah dua belas sudah tutup , pemalas dan sungguh pemalas, Kerjanya Heeeh",1,0,2021-10-28 12:23:00
4501f569-d699-49a3-9c09-27083c12850c,Pengguna Google,"Assalamualaikum kepada semua admin jaki. Keluhan ini saya sampaikan ke admin jaki. Sudah lebih dari 10 hari dari laporan yang saya buat, namun sampai saat ini masih belum ada perbaikan atas laporan yang saya buat. Tolong di perbaiki kualitas tindak lanjut atau kecepatan tindak lanjut agar bermanfaat bagi masyarakat Jakarta",1,23,2021-10-28 12:11:20
6ee1d463-5f5c-43f0-90f3-5abda642699b,Pengguna Google,"Aplikasi yg sangat membantu sekali,Lengkap dan Luas",5,0,2021-10-28 11:55:41
f36aa190-da55-4306-8ccc-e6f221c61683,Pengguna Google,Aplikasi ya lama bangat layana kurang bagus,1,0,2021-10-28 10:48:15
76f46fbc-882c-4c9e-99c3-f4064e8c56fa,Pengguna Google,Gag bantu sama sekali. Pengaduan apa di alihkan apa,1,1,2021-10-28 10:20:19
a3e2ddeb-638c-4de7-9e41-72b926aeadea,Pengguna Google,Good,5,0,2021-10-28 08:21:01
2c87d103-1c24-468d-8580-494f1393a606,Pengguna Google,saya bberapa kali coba unduh spptpbb....melalui semua syarat yg sdh saya ikuti dan penuhi.....pas klik dowlnoad...tdk muncul apa2. gmn tuh ?,2,0,2021-10-28 07:55:16
42ffde92-7bb4-41d7-9314-4cd0e17ebeed,Pengguna Google,pagi saya udah daftar vaksin dosis 1 di JAKI.tapi disuruh nunggu jadwal dikonfirmasi dulu.. kira2 berapa lama ya nunggu konfirmasi jadwal vaksin di JAKI nya?? mohon dibantu,2,3,2021-10-28 07:01:06
9247fcea-4a41-422c-924c-fb83eccac2c5,Pengguna Google,Ok,5,0,2021-10-27 21:59:41
d1f66455-b24b-4ac1-8f21-9cd8fb58ea55,Pengguna Google,"Respon aplikasi dan pelaporan by email sangat sangaat sangat lambat, saya daftar vaksin ga dpt2 jadwalnya, diaplikasi tertulis 1x24 jam disuruh nunggu keluar jadwal, nyatanya sampai 2x24 jam masih belum muncul, sudah bikin laporan by email sampai 3 kali masih belum keluar juga jadwalnya.. Aplikasi online harusnya memudahkan bukan mempersulit. Mengecewakan, vaksin gratis tp ribet buat dapat jadwalnya",1,37,2021-10-27 13:57:59
abef1430-7da9-4f53-899e-581970b44316,Pengguna Google,Mantap,5,0,2021-10-27 10:02:11
de8c0cea-85d6-48dc-84c7-38c13143815b,Pengguna Google,"Daftar vaksin berkali kali jadwal tidak pernah keluar, selalu dalam proses penjadwalan, sampai tgl yg ditentukan tetap saja dalam proses penjadwalan, kalo sudah lewat suruh daftar lagi, dan hasilnya begitu lagi",1,1,2021-10-27 09:35:15
1e44bebf-3877-4e35-b888-2a0715227fdb,Pengguna Google,Ko saya mau daftar buat vaksin ga bisa ga,2,0,2021-10-26 22:32:31
a3a0e525-0324-425a-aee4-c06eee197d18,Pengguna Google,Kendala internet terus.. padahal aplikasi lainya ga ada masalah.,1,0,2021-10-26 08:26:02
0a4318fe-921b-4f33-94d8-0e221f00cc65,Pengguna Google,bagus,5,0,2021-10-25 18:35:19
1734ecbc-2616-4fa7-9081-75b377f05ceb,Pengguna Google,"Sangat membantu, banyak fitur dan informasi yang bermanfaat sekali. Bisa lapor gangguan lingkungan via aplikasi dan direspon serta ditangani dengan cepat. Terima kasih",5,3,2021-10-25 07:59:16
d899accc-094c-4feb-9f6b-042a2f38c074,Pengguna Google,Assalamualaikum ka..maaf mo tanya dulu semenjak covid 19 keluar saya warga Pejaten barat 2 05/08 PS minggu ..knp nama saya d RT setempat ga ada ya ..saya blum pernah ngerasain yg namanya bansos bansos .sy pengangguran ngontrak anak kelaparan d rumah...liat beras tetangga numpuk . Sy liat d pendaringan kosong ..bantuan apapun sy ga terima ...apakah nama sy d hapus SM RT setempat .pdhal KL pemilu nongol th nama sy...yg rumah jauh dr tmpat ringgal dpt ..knp sy Kaga ?,4,0,2021-10-24 20:45:23
457b84b2-f6a0-4145-a93e-47fc3e95568a,Pengguna Google,Petugasnya nindaknya pilih kasih malah laporan nya ditunjukkin ke yang bersangkutan,1,0,2021-10-24 18:07:36
9bce7360-4e40-46ef-90b4-725db05135f1,Pengguna Google,mantap,5,0,2021-10-24 12:16:40
abf227ff-380b-459a-95fd-dc517b999956,Pengguna Google,Good info dki update,5,0,2021-10-24 07:02:07
c22b8c4a-4a69-4702-b49d-8e447cde67ae,Pengguna Google,Lanjut pak Anies for Presiden RI,5,0,2021-10-22 16:40:13
b7d46537-4798-4373-b641-7819d45f9d76,Pengguna Google,Boleh tanya mksdnya cetak pree screening itu harus d cetak ya trs bru d ajukan k posko vaksin klu blm d cetak gimana,5,0,2021-10-22 08:27:32
b22b1b0a-6962-4e0f-b241-ccbb89a076c2,Pengguna Google,Mantappp,5,0,2021-10-21 22:14:17
9f3f7dbf-eca1-4a81-8057-470aa661e4ac,Pengguna Google,"Aplikasi yang bagus , memudahkan saya untuk melakukan vaksin ke 2 pfizer",5,0,2021-10-21 15:44:44
b556f290-804c-421d-9ced-9ce14e0e1008,Pengguna Google,"Setelah di update malah gak bagus,saya isi data vaksin gak bisa padahal kuota masih banyak,trus gimana ini🤦🤦🤦🤦🤦🤦",1,2,2021-10-21 12:38:22
8dee6479-9968-4205-a0ca-fc11c8e4b7f7,Pengguna Google,"Sangat membantu proses informasi, ekonomi, dan absensi",5,0,2021-10-21 09:54:42
b2caac06-5dc5-454e-835f-d4d8e1a66a3d,Pengguna Google,Jaki sangat bagus,5,0,2021-10-21 09:45:12
88df7a76-92c1-489e-a8e7-45a186e23105,Pengguna Google,Sangat membantu dan mempermudah akes informasi,5,0,2021-10-21 05:35:28
fc11238a-2a62-46db-b673-758a1e44a735,Pengguna Google,Cuma mau tanya aplikasi ini dibuat khusus laporan dr orang2 kaya. Atau umum. Tolong smua laporan di evaluasi dan survey dulu jgn lgs ditindak... Laporan warga cina lgs direpot...,2,1,2021-10-21 03:19:40
3e6dff65-b662-47fc-a04a-e6175d2ee348,Pengguna Google,Di laporkan berkali kali jg dikerjaain tp tidak ada hasil.khusus di cengkareng timur rusunami city garden . Yg masalah air bau dan kotor gerbang timur city park dan pintu masuk city garden. Yg banyak pakir liar dan pedangang kaki lima di jalan yg membuat kemacetan dan membuat lingkumg sekitar jd kotor.dan gak jalas siapa yg memberi izin buat pedangang kaki lima boleh berjualan di jalan,2,0,2021-10-20 12:33:42
20aceb70-3d0d-43f1-aeaf-26ec8aee8982,Pengguna Google,Bagus,5,0,2021-10-19 23:43:24
59dd85dc-2506-46e9-9d66-86ade8ca02ae,Pengguna Google,Ga bisa di download,1,0,2021-10-19 10:01:23
b7e94536-d030-4683-a745-f2024c9ffa18,Pengguna Google,"Halo, saya mau daftar vaksin tetapi pada saat masukin nik n nama. Ketika di klik periksa selalu muncul bacaan capchta is not valid..boleh tau solusi nya bagaimana",3,5,2021-10-18 20:45:59
d61a20e7-69b7-4704-84f5-f267ab1c94b5,Pengguna Google,"Responnya Cepat untuk memperbaiki kabel Listrik Putus, Terima Kasih Banyak",5,1,2021-10-18 17:44:11
6ae2110f-9eb6-4a25-ac45-5214b069f528,Pengguna Google,Bagus,5,0,2021-10-18 15:00:15
af88a6cf-cea4-47ee-b9cd-74de9e1f2439,Pengguna Google,"Aplikasi apaansi ini . Masa ga bisa pilih lokasi terdekat, lokasi vaksin nya jauh-jauh banget",1,1,2021-10-18 09:13:12
62b8597f-22f7-490e-a818-7d6eca368b78,Pengguna Google,Mau cekin udah tulis NIK malah loading doang payah 👎👎👎👎,1,0,2021-10-18 08:36:05
4095719e-4406-4197-bd47-36ad9c2e47a8,Pengguna Google,Respon sangat lambat.,1,0,2021-10-18 00:01:21
a6566989-8ab8-4475-9e0e-0a95af7eeb30,Pengguna Google,"Slow respon. SDH jelas bukti nyata didepan mata mlh menyalahkan yg komplain dgn cara TDK bs komplain LG alias di-block !!!!,",1,2,2021-10-17 23:51:15
d0ae6508-fc46-4cc3-bf16-0d075c418d34,Pengguna Google,Aplikasi yang bagusss..mudah dan memudahkan..dan saya berterima kasih kepada JAKI yang telah membuat mudah saya menerima vaksin pertama dan kedua..dengan ktp non dki buat saya jadi mudah.. terima kasih untuk JAKI dan semua teamnya.semoga sukses dalam kebaikan dan kesehatan..aamiin.,5,11,2021-10-17 20:26:57
69fb5174-131c-4a0a-8c7f-d814af6203df,Pengguna Google,"Tingkatkan terus kinerja dalam mengatasi masalah di DKI Jakarta, semoga tidak mudah menyerah yang terlibat dalam pelaksanaan laporan di JAKI ini. Soalnya kemarin sempet bikin laporan untungnya langsung dieksekusi...",5,1,2021-10-17 18:26:55
5a555d78-c5fb-49fb-b49b-8434acb6bc77,Pengguna Google,"Useless aps, percuma daftar vaksin online kalo ngantrinya ngga beres",1,0,2021-10-17 12:04:25
274eed67-a0ed-41fe-b36e-02d15f1d6aa0,Pengguna Google,payah,1,0,2021-10-17 10:55:16
6d440360-d43b-4942-a5a9-bdbff9e44b28,Pengguna Google,Kenapa beberapa wilayah tidak ada di opsi ?,1,0,2021-10-16 14:35:48
d2f63023-3d91-4fa4-a3dd-48bffcc6a0af,Pengguna Google,oklah,5,0,2021-10-16 13:45:28
503f165b-ae4c-4290-ae79-76a25b651e70,Pengguna Google,Mantul,5,0,2021-10-16 11:06:48
b9880878-4fa1-46ab-8935-8454184a5688,Pengguna Google,Ngak update,1,0,2021-10-15 21:57:12
db281031-c681-4db2-8cd0-19c3172802dd,Pengguna Google,Aplikasi ini bisa untuk screening anak sekolah kan,5,0,2021-10-15 14:57:40
6d8c87bb-4ad2-4a84-9a9e-f6703d07668b,Pengguna Google,"Maaf mau tanya, Saya mau daftar Vaksin, tapi kenapa nama faskenya (Puskesmas Kecamatan Jagakarsa) gak keluar yaa?? Saya udah coba 1 minggu ini, tetep sama, nama faskenya tidak ditemukan..",2,0,2021-10-15 08:54:21
5957e159-3d7e-4763-ab64-328a664d9918,Pengguna Google,"2 kali install 2 kali jg ngeuninstall App buruk mau vaksin mesti ngprint sendiri kertas screeingnya, ga modal ya pemprovnya? Mending gw vaksin d sentra vaksin ui modal bawa diri dikasih hadiah lagi ga nyuruh ngprint screeing 🤣 Kalo bisa mah w kasih 0 bintang",1,1,2021-10-14 15:45:37
2fbc45fe-8183-4ec3-8587-6cfd8eed360d,Pengguna Google,Bagus,5,0,2021-10-14 04:19:15
a351a493-1939-496c-86d1-2be76760c849,Pengguna Google,"Ribet, ribet prosesnya",1,0,2021-10-14 01:33:59
64af09b0-1cf2-4165-b8ca-6aeac843950e,Pengguna Google,Parah yaa saya mau daftar vaksin dosis pertama masa iya kuota penuh terus padahal saya sudah liat data kuota yang tersedia diwilayah mana dan coba diwilayah yang masih terdapat kuota tapi malah keterangannya ketika saya ingin daftar dibilang kuotanya penuh juga? Ini gimana bisa gak konsisten sekali aplikasinya!,4,3,2021-10-13 21:21:36
a133920d-8bae-49fd-81d3-4e3b7a745653,Pengguna Google,Mo login susah dan lama masuknya,4,0,2021-10-13 16:58:36
57a691e4-4189-4d28-a129-b96f6ecec6d9,Pengguna Google,Saya asli sulawesi berdomisili di jakarta . Apakah kalau vaksin harus pakai domisili atau hanya Ktp??,3,1,2021-10-13 15:25:08
241e7f6c-116c-4bef-919d-37892d360968,Pengguna Google,Saya sudah mengirim email tapi tidak di tanggapi tolong di respon dan di proses secepat nya atas nama sri etan r pentu,3,0,2021-10-13 15:13:05
3adeb1bf-abd6-4d3b-96cc-31222593b605,Pengguna Google,👙👙👙,1,0,2021-10-13 13:38:21
a2b3059e-49b0-4ccb-a564-d06bd53fca62,Pengguna Google,Barokallah,5,0,2021-10-13 11:44:17
d92e6dc9-e2ae-406b-9164-742666eb459a,Pengguna Google,Mau daftar vksn begitu masukin nik aplikasi tertutup tiba2 sdh berkali2 seperti itu,2,0,2021-10-12 19:00:52
b49c1c20-4b0e-43d2-8133-145b378d7ee5,Pengguna Google,Aplikasi yang bermanfaat dan tidak menyulitkan rakyat,5,0,2021-10-12 18:09:53
b92ccbd1-df97-4174-8c43-234b9f5d2b44,Pengguna Google,"Tolong di perbaiki server sibuk Mulu ga bisa login mau daftar faksin kedua, sekali bisa login juga ga bisa milih tempat dan tanggal yang terdekat",1,2,2021-10-12 14:48:19
563aac49-6bc6-4685-ba49-873041b280b2,Pengguna Google,Payah aplikasinya . Mau cek vaksin aja..mental mental terus..,3,1,2021-10-12 12:41:50
d3626a20-4fec-4ca8-9ba5-9954f382c2e8,Pengguna Google,Goodbener,5,0,2021-10-12 10:51:19
e41d4faa-28b1-42cc-9389-37160e54a4bf,Pengguna Google,Membantu laporan di wilayah,5,0,2021-10-12 09:59:02
0626b26f-c6a9-4c3a-9337-7a8eff9aacb4,Pengguna Google,Membantu,5,0,2021-10-12 07:20:17
231f5840-e7e0-470f-ad07-27c8d87ba2a3,Pengguna Google,Top,5,0,2021-10-11 18:00:50
1680772a-1edb-4135-a3d4-01d780ff127a,Pengguna Google,Bagus,5,0,2021-10-11 16:00:39
dd1f6868-8a6b-4ecc-9e65-2c715f191808,Pengguna Google,Apk ajing,1,0,2021-10-11 08:16:15
8b07d281-3586-4ce0-920c-ecab6fd9a793,Pengguna Google,Mantap,5,0,2021-10-11 00:13:20
74a45364-1f55-450f-98b8-c5c5972b3fcf,Pengguna Google,"Apakah masih nerima vaksin gratis untuk tahap vaksin pertama, soal nya saya ingin vaksin",1,0,2021-10-10 23:41:32
2054ffc7-75e1-40b7-abda-f2bb90b89b05,Pengguna Google,Mantap,5,0,2021-10-10 20:53:23
a3daf435-0f28-433a-b42d-cd7f53c34c42,Pengguna Google,Good,5,0,2021-10-10 20:28:18
ed8d0f01-1604-4682-aec6-7526890f49eb,Pengguna Google,Good,5,0,2021-10-10 20:08:49
599c9b7b-7f3e-45be-b3f1-cd6a63a8751c,Pengguna Google,Ok juga,5,0,2021-10-10 18:18:05
0d5cf2cb-3d6c-4956-9449-11642b33545e,Pengguna Google,Aplikasi yang sangat bermanfaat...hebat Jaki,5,0,2021-10-10 11:25:16
c449c476-c5af-41b6-b165-9dc1f5b3515d,Pengguna Google,Ok... MANTAB 👍👍,5,0,2021-10-10 10:27:14
6ea78fbf-b2aa-45f6-a534-fc7f48db5890,Pengguna Google,Jakarta,5,0,2021-10-10 10:03:36
4538e413-2d26-4d1e-b688-86cf5bb2824f,Pengguna Google,Keren.. jadi lebih mudah klo mau urus apapun 👍,5,0,2021-10-10 00:49:20
3f667b13-7865-4f8f-908f-703cbaa2c036,Pengguna Google,Mantap ini aplikasi,5,0,2021-10-09 16:22:52
b231767a-283d-41be-9b39-ae299fc9aa7e,Pengguna Google,gimana caranya mengubah status vaksinasi warna kuning ke warna hijau padahal sudah vaksin kedua tetapi status vaksinasinya msh warna kuning saja TDK berubah,4,1,2021-10-09 10:19:04
a91b2843-f332-47e0-be42-6d83ec5fb28c,Pengguna Google,Dikira aplikasi jaki untuk daftar vaksin tidak perlu anteri.ternyata perkiraan itu salah.masih tetap anteri.dan daftar lagi.jadi percuma ya daftar dijaki.lebih baik Dateng langsung.mana anteri nya panjang untuk ambil no.,1,0,2021-10-08 15:45:59
34107de4-1abf-4109-a54e-c8bb4da09797,Pengguna Google,"Aplikasi cuma buat proyek korupsi anggaran apbd...ga bisa di gunakan dan tidak pernah update, quota jadwal vaksin selalu penuh tidak sesuai fakta..aplikasi yg cuma di ada2x kan...",1,0,2021-10-08 13:21:55
8b5c4862-3e08-4570-aefc-41d00dc0d4fd,Pengguna Google,Bagus top,5,0,2021-10-08 11:05:45
94e30f96-4f1b-4778-b880-3487b333dca2,Pengguna Google,Bagus,5,0,2021-10-07 22:44:13
344c23d2-f3a8-49fc-a484-70e861c53ad0,Pengguna Google,Ok,5,0,2021-10-07 17:35:36
1d375cf5-f1c6-4f9e-a256-214901bb5857,Pengguna Google,Ok,5,0,2021-10-07 05:47:23
a526de65-31d0-49eb-8e62-1ca1a9c161a3,Pengguna Google,"sy mau daftar ulang vaksin ke 2 tgl 13 okt lewat aplikasi JAKI,tp tidak bisa",5,0,2021-10-06 14:18:39
6a746f49-3e08-4aa2-91a7-03c5d1fdcde2,Pengguna Google,Busuk. Lokasi faskes gak sesuai.,1,0,2021-10-06 05:29:13
fb96691d-8560-4377-8666-b326e5c5020b,Pengguna Google,Smg sukses sllu amiiin 🙏🙏,5,0,2021-10-06 05:15:39
977821ff-2cb8-4c7c-8e4b-1573fe0a14b9,Pengguna Google,saya kasih 2 dulu krn saya cari tempat vaksin ny g ada trs. pada hal di skt rmh ada tp di ketik selalu g muncul.,2,2,2021-10-05 20:53:06
7818bf57-8619-4b62-af22-9579131d1380,Pengguna Google,Bagus,5,0,2021-10-05 16:03:29
798f41fd-8f45-4d9a-8a20-f206f3000c20,Pengguna Google,Niat mau daftar vaksin kedua buat suami..pas masukin no.nik katanya anda blm vaksinasi..pdhl kan ud vaksin pertama..iseng cek Nik sy yg ud 2x vaksin..hasilnya nya anda belum vaksin..,1,3,2021-10-05 14:13:16
3e9a188d-28a0-4d84-8ba7-d12536b52c2c,Pengguna Google,"Aplikasi ga guna, udh d instal malah error terus",1,1,2021-10-05 13:42:47
46dd4a4e-c714-4f75-8bf5-2af8f4e52adf,Pengguna Google,ok,4,0,2021-10-05 11:14:47
6d067fb3-652e-46f6-a056-9cda213d2db6,Pengguna Google,Udah daftar vaksin tiba2 besoknya ga bisa d buka dengan alasan nik atau nama salah . Padahal jelas2 benar dan sesuai,2,1,2021-10-04 15:26:19
328c643e-5d47-4c05-971e-8cb1389c844a,Pengguna Google,Semua udh bagus tapi saat registrasi peduli lindungi selalu tdk berhasil padahal sudah masukkan nama dan nik berulang. Mohon bantuannya,4,0,2021-10-04 12:30:28
f3b7b9ec-3caa-4def-81f3-c573cc7d800c,Pengguna Google,"Maaf ya kog buat masuk ke fmtom kog susah bngt ya gagal melulu tolong di perjelasan ,maaf kak soal pas masuk ftomm dtks buat permohonan selalu gagal sedang kan email dan data buat ank syaudh lengkap trs juga hrs pakai pdf klo GK bisa gmn kak",3,1,2021-10-04 11:01:48
cef691d9-f81b-4751-a24e-60909d10ab97,Pengguna Google,Mantaf,5,0,2021-10-04 09:44:06
6ab704a3-4689-4bad-aa39-fc9d8737beac,Pengguna Google,Praktis dan gampang,5,0,2021-10-03 11:51:00
4b798980-9f94-40dd-a5e7-27023f5009d3,Pengguna Google,Tost,4,0,2021-10-02 23:51:06
a53c94e5-1dfd-4c96-93a0-c73d098e4b8a,Pengguna Google,Keren banget dah diingatkan,5,0,2021-10-02 14:36:10
91ff65dd-b050-4659-ae12-aad21e225911,Pengguna Google,"Halo , saya sudah daftar tuk vaksin di aplikasi JAKI , tapi saya tidak bs download prescreniingnya , katanya harus bawa hasil prescreening. ini gmn ya ? mohon info pliessssss",3,0,2021-10-02 14:16:33
4ca40ed2-ac75-4d13-a918-b725f57f03fe,Pengguna Google,Sampah',1,0,2021-10-02 12:35:57
bb8b67b2-06d8-441e-9ecf-b1419a07e62a,Pengguna Google,Sering errr,4,0,2021-10-01 22:44:45
838c7520-f974-4b22-8c7d-1c407617790f,Pengguna Google,Sangat Membantu cari semua informasi termasuk daftar vaksin,5,0,2021-10-01 19:47:08
4574e2d1-97d6-4375-a94b-5d0fd34e1e8f,Pengguna Google,Mohon dibantu ya .. Saya mendaftarkan vaksin untuk orang tua saya tapi lokasi yg dituju itu tiba2 hilang ..padahal waktu saya mendaftarkan diri sendiri sebelum nya lokasi yg dituju untuk vaksin itu ada .. Ini gimana sih .. Cek sisa kuota di lokasi yg dituju untuk vaksin masih tersedia cuma pas dicari di pilihan lokasi pada saat daftar tak tersedia gimana coba ya ini aplikasi nya...,2,21,2021-10-01 18:46:15
04562f86-aff0-4595-bd60-87356cf18989,Pengguna Google,Aplikasi error ga bs daftar vaksin. Cape2in nulis nik ktp dan nama lengkap.. Error mulu 👎👎👎 Aplikasi n it ga guna.,1,0,2021-10-01 18:25:14
8c41110a-e6ce-4c43-ac9e-cc32da17ca6f,Pengguna Google,"Maaf saya kok GK bisa yaa tuk scan barcode di aplikasi jaki setelah di perbarui alasan nya ""data tidak sesuai"" padahal tuk aplikasi pedulilindungi n pendaftaran vaskin lewat jaki lancar2 aja pake data saya.. kenapa pas mau scan barcode malah tidak bisa dengan alasan data tidak sesuai n mohon dilengkapi data sebelum masuk lokasi.. mohon bantuannya ya. Terimakasih",4,5,2021-10-01 17:47:46
a70fb46d-1665-4a6f-84d1-1f4341fa8fdd,Pengguna Google,Adain aplikasi buat lowongan pekerjaan dong,4,0,2021-10-01 11:44:09
4be89cf4-5c2b-452a-9ccf-56033ae62b61,Pengguna Google,"SAYA KECEWA DENGAN JAKI, DIARAHKAN KE JATINEGARA, SAMPAI JATINEGARA TIDAK BISA VAKSIN KARENA TIDAK SESUAI DOMISILI. TEPATNYA DIKELURAHAN RAWA BUNGA 30 SEPTEMBER 2021",1,2,2021-09-30 10:18:33
0b97db3b-940e-469f-8a51-a7ef50159e57,Pengguna Google,Perbaiki sistem bongkar muat buah di pasar angke Sangat mengganggu ketika ada bongkar muatan buah selalu menghalangi jalan. Seharus jalan itu khusus untuk pengendara motor dan untuk pembongkaran buah lebih baik dilakukan malam hari jangan pagi hari. Sangat menggangu aktivitas saat dilakukan pagi hari menyebabkan kemacetan yang sangat lama..,2,0,2021-09-30 08:54:58
186e5b88-d31e-4969-bb56-7c6c3eb7bd08,Pengguna Google,Sangat membantu,5,0,2021-09-30 02:00:17
37bd3bdf-aaf9-473c-8682-fb395f103b08,Pengguna Google,"Sumpah aplikasi lu lemot bgt di menu daftar ulang vaksin, engga jelas.",1,0,2021-09-29 21:36:45
0b351745-7e44-466e-97e3-f0769a34a0d4,Pengguna Google,"Tetep pas daftar directnya ke browser , ga penting jg aplikasi ini menuh²in perangkat aja . uninstal lah .",1,1,2021-09-29 20:47:19
193380fd-eb7a-4b3e-94ed-f83dcead494b,Pengguna Google,"Keren sih ini aplikasi, membantu banget 👍👍",5,0,2021-09-29 11:26:12
9b53105e-6ccd-44f3-aa4f-189b4c046e04,Pengguna Google,"Aplikasi yang memberi kemudahan dalam mengakses segala informasi mengenai kota Jakarta, terlebih di masa pandemi... aplikasi ini sangat membantu warga dalam mencari informasi mengenai penyebaran covid 19, vaksinasi serta tracing pedulilindungi yang sekarang terintegrasi di JAKI, good job JAKI!",5,3,2021-09-29 08:55:13
4df96ec5-5e17-4cf0-8158-6fcacb1cbfcb,Pengguna Google,Mantap banget.. Pemprov DKI yang terus berinovasi untuk memberikan pelayanan yang terbaik buat warganya..,5,1,2021-09-29 06:52:59
3c362bb4-8673-4c20-8e16-732b4e087c40,Pengguna Google,"Aplikasi yang paling uptodate dari aplikasi"" lainnya 😊",5,0,2021-09-29 05:02:51
42472e10-2000-4f58-84ac-0e80217b9de2,Pengguna Google,Ok,5,0,2021-09-29 04:41:20
19818d1c-3e2e-4240-aea4-b009054ea57c,Pengguna Google,"Aplikasi ini sangat Baik dan Responya juga cepat terus pertahankan yang sudah Baik & Tingkatkan yang masih kurang/perlu di tingkatkan, Terima Kasih Pemprov DKI sudah membuat aplikasi ini sangat bermanfaat",5,2,2021-09-29 00:07:32
04369be8-05ac-4c00-9bbb-b7c8064a409d,Pengguna Google,"Tolong lebih dijaga dan di beri kAmanan,untuk pelapor privasi nya.",2,0,2021-09-28 22:49:23
44e4a0b6-b37d-4024-9991-01db40fd1f60,Pengguna Google,"uda dftar vaksin, uda screening juga, pas dteng ke lokasi katanya tempat vaksinasi dilokasi tsbut sudah gaada lagi. Shrusnya bisa up to date jadwal dan lokasi vaksin jdi ga merugikan orang yang mau vaksin.",1,0,2021-09-28 20:11:11
c67aa420-af1e-4ae3-b4ed-4b68f0780271,Pengguna Google,"Aplikasi yang very Useful buat warga Jakarta, banyak informasi update didalamnya termasuk info pandemi Covid-19, untuk yang belum vaksin covid-19 bisa daftar vaksin lewat apps ini loh, keren bener. Ohh iyah bukan hanya sekedar informasi tapi juga dapat digunakan sebagai media untuk melapor, so aslik keren bener, amazing.. Makasih banget Jaki hadir menemani saat kami butuhkan, love you....",5,4,2021-09-28 12:00:42
b3a41a4d-c8b4-4bd0-a36b-0aec873b782a,Pengguna Google,Jaki jadi gampang melakukan vaksin,5,0,2021-09-28 11:27:09
e362c23f-7287-4948-97e0-7c3d97e1d68c,Pengguna Google,Wah Aplikasinya membantu banget. Cuma Daftar Vaksin di Aplikasi Jaki tinggal Pilih tanggal dan lokasi. Sudah tersedia semua. Padahal Aku mah orang Bogor. Gak perlu repot2 ngatri di faskes2. Thank's Jaki,5,23,2021-09-28 11:02:04
f6a2d207-f5fc-4ac7-9c15-2729b0330e43,Pengguna Google,"Hai saya sudah daftar vaksin ke 2, tpi kenapa tidak muncul arahan untuk pre screening ya ?",3,0,2021-09-28 10:20:12
333fdc8f-8b9a-4139-8760-066e64c639e1,Pengguna Google,smg membantu sy APL ni. ttg kesulitan menjadi warga rusunawa .,5,0,2021-09-27 23:22:51
c818138b-d4c3-4525-b906-50964cff849c,Pengguna Google,Saya ingin vaksinasi dosis ke-2 tapi kenapa tidak bisa pre-screening ya?,3,0,2021-09-27 19:29:15
100b266a-de3d-4c0e-89b5-ba67129e1591,Pengguna Google,Boleh juga nih aplikasi. Bisa tau update informasi covid juga. Kemaren mau vaksin daftar pake aplikasi ini juga gampang. Maju terus Pemprov DKI.,5,6,2021-09-27 12:51:36
eda5327f-7003-41a1-8bd1-ed41eb42e241,Pengguna Google,Untuk daftar vaksin ke 2 gi mana cara nya ya?????,5,0,2021-09-27 12:39:52
62cdc7d7-820e-4841-98fb-ec46033caf99,Pengguna Google,Mau vaksin harus melalui Jaki. Tapi diawal daftar sudah sulit. Cari lokasi faskes/kecamatan tidak terdaftar terus. Adanya cuma 5 lokasi yang muncul dan hanya moderna.,2,0,2021-09-27 09:55:20
f1ecbb19-a2b6-4726-bb30-d889c424598a,Pengguna Google,Top,5,0,2021-09-27 08:18:35
6a241174-a8ec-40b6-a00a-6fc95bad8069,Pengguna Google,Bagaimana cara daftar vaksin di jaki? Saya sudah isi nik sesuai dan nama sesuai tapi bacaan captcha not valid,3,0,2021-09-27 01:08:39
4839a997-e46b-406d-96bc-7137c3afbcfe,Pengguna Google,"Baru kali ini aplikasi yg paling terpercaya, cepat tanggap.. salut buat pak anis...!! Lucunya ada web tetangganya jakarta fiturnya kuno banget..masa yg dikasih data Excel..Hahaaa.. padahal kepala negara kerjanya disana sekarang!! Hayo kota apakah itu??",5,4,2021-09-26 20:57:59
90c1ec6c-3a34-4339-8156-413f040b750b,Pengguna Google,Sangat bermanfaat. Syukron kasiran,5,0,2021-09-26 19:56:40
1fb1d39f-f03e-4109-a2d0-b12dd4c9a61d,Pengguna Google,Apikasi.jaki sangat membantu..saya berterimakasih..😊🙏,5,0,2021-09-26 18:03:34
445d4618-a7da-47d2-aefa-6a595cb3ec03,Pengguna Google,Keren,4,0,2021-09-26 16:49:25
4c90e344-6c38-406f-b971-00cf9235ba5a,Pengguna Google,"wah bagus sekali, wifi diaerah pejaten barat 2 rw 8, sinyalnya kenceng ngebantu sekali anak2 pada belajar online",5,0,2021-09-26 11:55:36
cdbc07d8-ed52-4411-b89e-af72ff73b1f5,Pengguna Google,Penuh informasi,5,0,2021-09-26 09:22:45
5cf04cef-d117-4951-a2d3-6ca7f8b2e56b,Pengguna Google,Susah euy daftar vaksin pakai aplikasi ini 😂,1,0,2021-09-26 09:21:07
bbc3ac27-be91-4e02-ab26-11810bb99804,Pengguna Google,"Di Update makin banyak fitur yang menarik, yang memudahkan pemakai lebih efisien dan efektif, keren banget sih ini Apps 😍😍 1 Aplikasi dalam segala kebutuhan . semoga semakin terdepan 😍😍",5,16,2021-09-26 09:20:03
d1722b60-020b-450b-892c-12f202d0b62f,Pengguna Google,Aplikasi ini membantu sekali sebagai masyarakat jakarta harus punya,5,0,2021-09-25 16:19:09
c5a819fc-169b-4de6-83a0-185d32f9f6ac,Pengguna Google,"Mantap aplikasinya, sangat membantu luar biasa DKI👍👍👍👍👍",5,0,2021-09-25 12:29:43
eb27d06c-acb5-444a-9adb-adf742b16b1b,Pengguna Google,JAKI bikin hidup lebih gampang di Jakarta.,5,0,2021-09-25 10:31:20
33c25f4d-3575-4a0f-a382-1bfb80499ac6,Pengguna Google,"Bagus Jaki,, sukses,, nau ikutan vaksin ke 2 nih",5,0,2021-09-25 09:27:46
19e82db3-e581-4be2-8ddb-f29e4f5173db,Pengguna Google,Good,5,0,2021-09-25 00:18:17
a228648b-626a-4be0-ba75-134e6d359fdf,Pengguna Google,❤️❤️❤️❤️❤️,5,0,2021-09-24 22:41:02
e99df24a-8e2a-4365-9e5a-fd168d68f407,Pengguna Google,Kak cara melihat hasil tes CLM yg sudah dilakukan gimana ya? Ketika sudah selesai tiba2 ketutup sendiri aplikasinya..,2,0,2021-09-24 22:33:55
d51f26d7-2e65-4c55-a696-25849d3a3dbc,Pengguna Google,Keren,5,0,2021-09-24 22:27:38
768e310e-859c-48aa-b400-5974ec82a1b2,Pengguna Google,👍👍👍,4,0,2021-09-24 21:48:52
f8e85433-2b62-40f2-925f-57b1107b6594,Pengguna Google,aplikasi yg bagus..,5,0,2021-09-24 21:41:38
7a48f62a-a1a8-41fa-8ce6-c26e90b6804d,Pengguna Google,Ok,5,0,2021-09-24 20:58:56
93666146-d7c7-4e46-a669-bb6b011a322e,Pengguna Google,"Sangat puas dgn aplikasi JAKI.. Daftar gampang.. Dpt vaksinnya moderna, datang lagsg vaksin.. Nga ngantri lama2 dan nga panas2an.. Nga kayak di luar.. Hrs ngantri nomor dulu dari subuh2..panas2an pula antri buat vaksinya.. Thanks jaki",5,0,2021-09-24 19:59:43
bb8c792d-16a7-46cc-8311-30935a8bc6ce,Pengguna Google,Setiap sy melapor tak bsa mengirim sebab nya apa sy gak tau,1,0,2021-09-24 17:18:47
6ac131ed-2f1b-4c5b-b69d-cd6700fa07ac,Pengguna Google,Good.,4,0,2021-09-24 16:59:55
e23b6613-2f91-427c-9d55-cba683cf9f9a,Pengguna Google,"Mau tanya min ini kita bisa lapor khusus utk jakarta aja ya, jika wilayahnya bekasi atau bogor masuk gak min",5,0,2021-09-24 12:36:27
24066ef7-e8b6-4399-b44d-31782b219aea,Pengguna Google,"KAGA GUNA SAMA SEKALI. UD DAFTAR, UD DATENG, ALESAN JAM UD TUTUP PADAHAL JADWAL JM 11 SIANG .SAMPE TEMPAT JM 10.45. UD DEBAT ALESAN VAKSIN HABIS. KALO VAKSIN HABIS TUTUP PENDAFTARAN JANGAN DI BUKA TERUS. JANGAN DI WAJIBKAN VAKSIN KALO VAKSIN NYA ABIS TERUS",1,1,2021-09-24 11:04:56
d88d1ccb-4bb8-42c7-831a-1b9fe4c7b457,Pengguna Google,Ok,5,0,2021-09-24 07:31:17
ab84df29-c233-4642-9d81-106b125cc948,Pengguna Google,"Kenapa susah banget untuk mendaftar alamat mau Vaksin tidak biasa nongol"" pie tooo🤣🤣🤣🤣",1,0,2021-09-23 18:22:34
801fe342-203e-4798-b7a1-c741ccbde1cd,Pengguna Google,Mantaf trimakasih jaki sya ktp non dki dgn mudah daftar vaksin,5,0,2021-09-23 17:21:06
c8ac367d-b69e-4692-bce0-8a39cfaa8524,Pengguna Google,"Saya tinggal di jakarta namun bukan ktp jakarta, apakah saya bisa mendaftar vaksin pertama dan kedua melalui aplikasi ini?",3,0,2021-09-23 15:24:54
6e7c1e27-06a5-41e0-a225-5874877ee9cb,Pengguna Google,gajelas mau daftar vaksin mana tau tempatnya ga tau tanggalnya di situ suruh tulis aja .udah hapus aja aplikasinya gaberguna,1,0,2021-09-23 14:23:51
70674fe1-3d89-4b3a-829a-2d0da5a30952,Pengguna Google,"Aplikasi nyesatkan gw udah daftar di aplikasi ini untuk vaksin sampai di sana kata satpamnya habis acara saja blm di adkaan udah habis aja, aplikasi ini sama sama nyesatkan sama gubenur anis tolol, sejak dia mimpin hasilnya ambrul adul semu, ngkos gw lu balikin gw naik ojek manual habis uang gw 70 pp,vaksin tanggal 23 sept 2021 di aplikasi ini pas hari H nya sampai di puskesmas kec jagakarsa malah habis.",1,2,2021-09-23 12:16:15
2092416b-24ad-47d3-884a-f522274ab456,Pengguna Google,Ya tuhannn jaki mau daftar vaksin gimana caraaa cuma sisa 2 tmpt yg tersedia 😭😭😭😭 tolong ini mau vaksin gmn caranya yg daerah terdekat,1,0,2021-09-23 09:36:37
55356a60-0396-4ec3-a0da-fbcb7e47f3df,Pengguna Google,"Min lg nyari buat vaksin ke2 12thn keatas, ktp luar dki bisa ga?",4,0,2021-09-23 06:31:17
8cc51bbd-6de5-4412-970b-698cc0f7d2da,Pengguna Google,Mau daftar vaksin susah sekali. Di keterangan masih ada kouta . Giliran dipilih alat tidak ditemukan. Duh susah bgt sih,1,0,2021-09-22 21:49:41
cc2617b5-02a3-4f6a-94dd-a4a7be5258bd,Pengguna Google,Susah banget pilih lokasi faskes terdekat dari rumah,3,0,2021-09-22 20:54:00
480f38bb-66b0-4620-a6c8-ada3fcd5a985,Pengguna Google,Cukup bagus,2,0,2021-09-22 18:01:57
05f3b388-3090-4585-969a-dc3902551bdd,Pengguna Google,Akusuka,5,0,2021-09-22 15:37:22
9886460d-75e4-4734-98ca-472c7a0d4824,Pengguna Google,"1 bintang karena aplikasi jaki kagak sinkron sama aplikasi peduli lindungi! Data vaksin beda tanggal, bikin ribet. Apps pedulilindungi cacad, ditambah harus sinkron sama aplikasi laen, jadi payah.",1,3,2021-09-22 14:07:18
5e5f2fc3-c002-418b-8a9f-1ed7180841a4,Pengguna Google,Ini aplikasi bisa buat boking kir mobil ya?,1,0,2021-09-22 13:35:30
8d3dc6aa-7d63-468c-9fa4-b147c7c3d95d,Pengguna Google,"Aplikasi bagus, tingkatkan lagi lebih banyak fitur untuk kebaikan Jakarta",4,0,2021-09-22 11:11:57
92a5d6ab-48a3-4295-89f2-a3c7df6a6ef0,Pengguna Google,"Aplikasi nya keren banget, mempermudah kita untuk menemukan tempat dan jadwal yang kita mau 👍👍👍👍",5,2,2021-09-22 10:05:56
ee41e193-cf84-4ccc-8850-2138988cd30f,Pengguna Google,Krenn..,5,0,2021-09-22 10:01:38
3093b56d-86bc-4a48-9655-55b43345576b,Pengguna Google,Kembangkan lagi ya,5,0,2021-09-22 06:03:58
e376ca50-8ee8-494d-bc69-4dcd99fac61e,Pengguna Google,Bagus,5,0,2021-09-22 02:09:41
53d8fa20-5601-4123-b2f8-37d70a20d918,Pengguna Google,"Tolong di perbaikin lagi dong sistemnya ,, agar untuk semua pelaporan permasalahan di wilayah ,, pihak pelapor harus memakai photo yang baru jadi kadang pihak pelapor permasalahan memakai photo yang udah lama",5,0,2021-09-21 17:58:37
34f9c622-8a96-497b-8513-1b959f22ffbc,Pengguna Google,"Susah bener mau daftar vaksin aja di persulit,semua di persulit mau daftar aja susah",1,0,2021-09-20 21:36:00
490dad36-9b4c-47e5-922f-fe5b447e22aa,Pengguna Google,"Aplikasi sampah.. Mau daftar vaksin dosis ke-2 susah bgt.. Ngapain pake daftar lagi kalo udah dapat dosis pertama, kan udah dijadwalin kapan vaksin dosis ke-2.. Emang ga niat bikin aplikasi. SAMPAH!! Jangan bilang yang reply komen saya ini BOT..",1,7,2021-09-20 19:06:37
27f7d986-3ddd-435c-b617-39c9d79c09c6,Pengguna Google,"Gk jelas ah, data tidak ditemukan mulu mau daftar vaksin juga, curiga tidak profesional",1,0,2021-09-20 17:55:24
73388c14-e0a6-45e3-ba44-8e12c2c97583,Pengguna Google,"Agak bingung utk jadwal vaksin dosis 2 krn di form Nov, tp di JAKI nya Okt yg benar yg mana donk? Knp kok China cepat sembuhnya?",1,0,2021-09-20 14:53:30
00f0461f-3115-4da0-b59c-c7c0a2ef4346,Pengguna Google,"Gubernur DKI Jakarta makan reklame liar apa lagi di wilayah tanjung duren Utara tepatnya di jalan Tanjung duren raya reklame bambu liar semua ,dia korupsi buat nyapres cek aja ya para netizen kalo gak caya",1,0,2021-09-20 14:49:20
8ce92ea2-32e5-4b4e-98a2-6709054d3c2f,Pengguna Google,"Sinkronisasi datanya yang bner dong, masa liat di data kuota di tempat vaksinasi masih tersedia tapi waktu mau daftar di tempat vaksinasi tersebut malah data tidak ditemukan, masih banyak yg perlu di perbaiki, datanya pasti banyak, tapi setidaknya dengan sinkronisasi data yang benar dan tidak asal-asalan tentunya tidak akan ada masalah, di website pun sama saja,",1,9,2021-09-20 12:31:01
52e58d92-9172-4566-aba1-6604aa6229dc,Pengguna Google,"Saya bukan Warga KTP DKI, tapi bisa dibantu untuk Vaksin melalui aplikasi ini, tampa harus mengantri, ngisi data seperti mereka yg datang langsung, trimakasih.🙏🏼",5,0,2021-09-20 12:15:30
f3a23cd7-dee0-4200-bfda-cb44a35eca4e,Pengguna Google,Mantap,5,0,2021-09-20 11:50:04
d24124e2-3bf6-4555-bb2d-34cbb9e57fed,Pengguna Google,Aplikasi JAKI sdh bagus apalgi kalo dikasi kolom utk wilayah kelurahan pembagian dan para penerima BANSOS dgn NIK dan KK. jadi keliatan Rt yg curang dan mana warga miskin dan berkecukupan. Soalnya banyak besan dan teman RT yg menerima BANSOS/BLT. kasian warga miskin. Kami tunggu perubahannya....pak anis.,4,0,2021-09-19 22:30:50
e6a1dbe1-22df-437d-8726-0792830ce0e6,Pengguna Google,Bocor sengaja apa sengaja bocor?,1,0,2021-09-19 21:59:32
d1023943-27e4-46d1-bc5e-a3a4893f6e76,Pengguna Google,"Ini aplikasinya yg error atau gimana sih, saya mau daftar vaksin untuk dosis pertama ko susah banget ya, pas mau pilih lokasi faskes yg tertera cuma sedikit padahal di daftar kuota yg tersedia banyak pilihan faskes nya sesuai wilayah yg dipilih+kuotanya nya pun masih ada. Sampe bolakbalik app jaki cuma buat mastiin tapi hasilnya sama aja bikin pusing. padahal butuh bngt buat lamar kerja. tolong dong diperbaiki lagi sistem aplikasinya jangan mempersulit masyarakat.",1,12,2021-09-19 18:34:58
98b52290-fd3f-4582-9ce4-6c273dc239a5,Pengguna Google,"Kenapa ya tiap kali mau cek jadwal vaksinasi ke 2 pasti selalu error, uda login ulang jg masih kaya gitu, via web juga begitu error, pilihan daftar vaksinasinya ga bisa di klik",2,1,2021-09-19 13:32:58
ab719f07-58c1-42a0-a362-b2d85c83fbc8,Pengguna Google,"Mau daftar ulang untuk vaksin dosis ke 2 tidak bisa , payahhhh aplikasinya",1,0,2021-09-19 09:34:11
e633cdf4-a13f-4a8b-b7ca-5fe994ed34d7,Pengguna Google,Sangat membantu,5,0,2021-09-18 00:20:32
1f5c30f0-d867-448c-8944-4e57d4840e84,Pengguna Google,Aplikasi ga guna....hanya khusus warga dki doang.....,1,0,2021-09-17 23:48:11
06f49614-be82-4106-b7d2-8ca690136d08,Pengguna Google,Mantap sukses selalu,5,0,2021-09-17 20:08:52
a8cc9287-2a8e-4bcb-b9a8-63da1a418b2b,Pengguna Google,Bagus,5,0,2021-09-17 18:29:20
66fa0de3-3950-40b5-ba9a-0d386bfa0518,Pengguna Google,Update faskes tolong agak cepat,5,0,2021-09-17 18:25:25
cf73c74c-a543-4d18-be37-1983dd66923f,Pengguna Google,"Saya warga Jawa tengah dan ingin vaksin dosis 2 di Jakarta,saya coba daftar lewat aplikasi jaki dan Alhamdulillah saya berhasil di vaksin asal semua syarat yang di minta di bawa, terima kasih jaki",5,0,2021-09-17 17:51:00
89cabd15-0040-4e41-a756-baa3a53f8690,Pengguna Google,Ini apk jaki kenapa si setiap kali saya mau daftar vaksin ga bisa terus sedangkan sekarang itu kalo mau vaksin harus daftar online kemaren pas mau daftar kuota nya udah penuh padahal mh blom eh hari ini mau daftar lagi pas giliran mau tulis faskes nya ga tersedia tolong apk ny di benahi Biar ga bikin pusing pengguna nya,1,0,2021-09-17 10:03:34
31989562-801a-496a-bdfd-c4386c2d10b3,Pengguna Google,"Parah banget anjir, kuota penuh padahal cek di jadwal malah ada... Ga aplikasi nya, ga web nya.. Sama aja kgk ada bagusnya, ga up to date. Gmn mau jdi jakarta smart city -_-",1,1,2021-09-17 09:11:57
cbe9b2c5-8cc0-46e1-8f65-84313e8ff19f,Pengguna Google,"PEMBODOHAN, sudah daftar di JAKI, sudah dapat jam nya sekian, tapi ketika Dateng ke TKP disuruh daftar lagi bareng sama umum, dan saya dapat no 250 . FAEDAH nya apa ini Aplikasi ...????",1,5,2021-09-17 08:41:27
d261ece7-e296-4c69-9d9b-10f4545e487e,Pengguna Google,"Susah banget mau vaksin ke 2 katanya diwajibkan vaksin kita mau ikut anjuran pemerintah tapi kok dipersulit sih, disuruh daftar online vaksin via Jaki gak bisa Mulu faskes wilayah tempat tinggal tidak terdaftar, kalau begini saya harus gimana?mau vaksin dipersulit gak vaksin diwajibkan pemerintah tapi dilapangan dipersulit",1,3,2021-09-17 06:04:08
84db7847-6be9-46de-bd01-d10f19fee8e8,Pengguna Google,"Aplikasinya tidak membantu sama sekali, bukannnya mempermudah malah mempersulit. Useless",1,1,2021-09-16 20:34:07
253bd3cb-1201-4109-b785-9303a1de7181,Pengguna Google,Woke ok lah,5,0,2021-09-16 17:05:03
8da92b97-ae14-49c4-9e5b-d55d2df5929e,Pengguna Google,Apakah aplikasi jaki ini khusus ibu kota Jakarta saja kah,2,0,2021-09-16 14:53:09
255a528d-c4dc-4348-a67e-29f742e77ad4,Pengguna Google,"Aplikasi sampah,masa setiap mau daftar selalu kuota penuh..",1,1,2021-09-16 13:54:30
fc9ab860-64cb-4a4f-86ad-adedd3e50c32,Pengguna Google,"Mau nanya,untuk daftar di RS masih gratis apa berbayar(daftarnya lewat aplikasi jaki)?",3,0,2021-09-16 10:57:44
14a6994d-7844-48c7-a45f-bda5856938ac,Pengguna Google,"Payah.. Penuh terus, dateng ke lokasi masih bisa tuh.",1,0,2021-09-16 09:33:37
2d1e4811-c9e6-443b-b77b-7c44f017fb33,Pengguna Google,Ini bisa tidak untuk keluhan masyarakat terhadap pelayanan di kelurahan...tks,5,0,2021-09-16 09:33:16
9c91c3d1-fe14-4d69-ba7a-4dfceabc0d01,Pengguna Google,"Inilah kenapa yang saya takutkan terjadi, ketidak sinkronan data, seharusnya kalian pilih database master mana yang digunakan, saya sudah vaksin pertama, di situs peduli lindungi pun sudah update sudah ada sertifikat, tapi di aplikasi tidak terupdate, pertanyaan saya ini aplikasi jaki aplikasi resmi dki atau apa, kenapa tidak sinkron dengan aplikasi peduli lindungi, gimana saya mau daftar vaksin ke 2.",1,9,2021-09-16 06:12:53
682cec0a-08c4-4cc9-91e1-a94016aa05f4,Pengguna Google,Susah . Penuh terus kuatanya,1,0,2021-09-15 22:45:12
3cefb638-e300-457d-a238-1c6a8f854780,Pengguna Google,Gabisa liat riwayat,1,0,2021-09-15 21:40:44
84faabaa-ba2c-4653-b188-352e3ba29e50,Pengguna Google,Ga jelas ! Coba daftar di wilayah yg masih ada kuota namun penuh juga 👏,1,0,2021-09-15 21:22:39
0e334b52-d4d6-4f28-8f84-a0abc426948d,Pengguna Google,Ok,5,0,2021-09-15 13:00:36
fa5fdabe-395c-472a-ad71-b135ea57af0a,Pengguna Google,Pembelajaran yg ingin di capai oleh siswa,5,0,2021-09-15 10:39:35
4fd1cdcb-9911-45c8-b959-eb612f189ba3,Pengguna Google,ke tempat vaksin disuruh daftar di jaki.. daftar di jaki server sibuk,1,0,2021-09-15 09:47:07
12009ebd-a149-442e-a4b5-3619ced4922a,Pengguna Google,Good job,5,0,2021-09-15 00:22:34
0bfeb530-ba94-4ede-b591-e6c1ecbca2fc,Pengguna Google,Bodo yg penting giv alok bang giv alok Pleaseeee biar saya lebih jago main PUBGNYA terus bisaaa colab ama jessnolimit 😎🤙,1,0,2021-09-14 15:32:42
5d827cf9-f93c-4ac6-9003-46fbdaed7c2e,Pengguna Google,"Udah daftar vaksin lewat jaki , pas sampai lokasi vaksin ternyata saya belum terdaftar dan konfirmasi jaki eror . Status masih dalam penjadwalan selama 5 hari bahkan masih dalam penjadwalan padahal hari H sudah lewat .",1,1,2021-09-14 13:15:49
378c1c72-5210-43a1-b46b-715d73714f59,Pengguna Google,Good aplication's 👍🙂,5,0,2021-09-14 13:00:51
7023738f-a447-47d6-a1a3-60f480d0dea8,Pengguna Google,Cepat responnya,5,0,2021-09-14 12:00:15
c01c326e-362b-4b42-a5ff-a4bf0396891b,Pengguna Google,"Aplikasi nggk guna, udah diperbarui juga masih tetep nggak ada kemajuan",1,0,2021-09-14 10:42:00
36989280-e568-48d8-917f-976749c36bc8,Pengguna Google,Kuota vaksin slalu penuh padahal cek kuotanya ada,1,0,2021-09-14 09:06:33
2d89ecbd-fbe4-405f-8355-1194c4d69157,Pengguna Google,"Alhamdulillah udh bisa daftar vaksin lewat JAKI, awalnya terkendala dg aplikasi JAKI ini karena ketika melakukan pendaftaran utk divaksin kuota selalu penuh disemua faskes di DKI Jakarta, tetapi ketika melihat kuota vaksin yg msh banyak tersedia di http:corona.jakarta.co.id/kuota-vaksinasi-jaki, mulai curiga dg HP yg digunakan utk daftar, ternyata MUNGKIN ada beberapa tipe HP yg bermasalah dg aplikasi JAKI ini sehingga tdk dpt berfungsi dg baik...Maju terus Jakarta Maju terus Indonesia..🤲🙏👍👍",5,5,2021-09-14 05:44:04
03a625a5-deee-4b62-a6ce-22734f37323d,Pengguna Google,😉👌,5,0,2021-09-14 00:53:46
e657363a-fade-467a-bca0-bab43a9d941d,Pengguna Google,"Daftar vaksin ke 2 dri tgl 07-09-2021 sampe skrg msih aja tidak bisa daftar, penuh penuh dan penuh",1,0,2021-09-13 22:22:32
ef77d577-9378-476d-be41-97bcaa1594bb,Pengguna Google,Pak. kalo bisa masukin daftar2 penerima BLT/BANSOS dan nomor telp pengaduan yg tdk dpt BANSOS. soalnya yg menerima BANSOS mrk yg punya kontrakan/indekos. Wasalaaam....,2,0,2021-09-13 21:29:28
6307ef75-c7a1-4b34-9ba8-7742c67e2f81,Pengguna Google,TL yang dilaporkan beberapa x asbun dan tidak sesuai dengan kondisi di TKP.,3,0,2021-09-13 20:33:16
74ab3e05-91c0-4d66-a2f7-90f973c0fe5d,Pengguna Google,Bagus,5,0,2021-09-13 19:23:31
2aec6d7f-2ffd-4dd6-83ef-4bcb05818832,Pengguna Google,Bintang 1 dulu gak bisa buat laporan. Selalu rejected,1,0,2021-09-13 18:01:02
a138385d-c616-4496-ae35-172f9d069536,Pengguna Google,Aplikasi eror gak bisa buat laporan ke pemerintah,1,0,2021-09-13 17:52:02
e5ac0320-230d-454d-a913-00f2d8a27c5b,Pengguna Google,"Sy mau ganti nomor gawai sy,atas alasan privasi knp ga bisa2 ya. Nomor gawai kembali ke nomor lama terus.Tolong dong sy harus hubungi kmn..?",4,0,2021-09-13 16:49:28
88cc756c-bf57-4c6f-88b3-9788089c68ff,Pengguna Google,Kuota penuh terossss hadehhh,1,0,2021-09-13 14:16:36
a5b7f29d-cd71-4db2-8f1d-76e604f5b672,Pengguna Google,tolol apk nya,1,0,2021-09-13 11:03:34
845c9c4d-5eae-471c-ad9c-98a8d23d75c3,Pengguna Google,Kena di fitur jaksurvei tdk bisa dibuka selalu tdk tersedia survei Sudah dicoba setiap saat Jaringan bagus,1,1,2021-09-13 10:51:16
22558a00-2cf5-4e6e-96b0-6ca8dcac28e9,Pengguna Google,aplikasi gk update. masa mau daftar vaksin di situ tertulis kouta masih ada puluhan bahkan ratusan bahkan cek d web jg tertulis masih ad kouta. tp begitu di ok kan malah kouta habis. aplikasi gk kompeten dan di kelola org2 yg gk kompeten. sangat kecewa,1,2,2021-09-13 10:23:12
969627b8-0da8-431c-b0ae-c4bc35273c31,Pengguna Google,"Di kuota vaksinasi masih banyak slot tapi pas mau daftar kosong smua , kaga update di kuota apa salah pas daftar nya ya haduhh mabok dah bukan ny membantu malah mempersulit. Kalo ni app mau membantu coba bantu saya daftar vaksin dengan cara anda yg email saya bukan saya yg email ke anda !!!",1,10,2021-09-13 10:06:42
dce53a6a-5612-4172-8f4a-e61f06d8186c,Pengguna Google,Gabisa di download,1,0,2021-09-13 09:19:09
c53fca7f-a848-49d0-a4c8-e0c109664181,Pengguna Google,"Tolong dunk sistem dr apk ini di perbaharui,jangan dibikin eror,ini kan alat utama utk daftar online salah satunya,tahan vaksin kedua apk ini eror/TDK work SM skali!",5,0,2021-09-13 09:15:17
675dec63-a808-4fc9-9ca7-3d875cfc174c,Pengguna Google,Maaf masa setiap mau nyari tempat vaksin di App JAKI dari satu DKi jakarta kuota penuh kuota penuh terus gmna coba🤬🤬🤬😡😡😡,1,0,2021-09-13 08:09:38
d040faec-b09d-4260-a7a7-89b896c4e560,Pengguna Google,Good,5,0,2021-09-13 07:50:30
2e27321b-0ed1-458d-8ec9-97689ad811ea,Pengguna Google,"Katanya bisa dafatr vaksin, pas di daftar semua wilayah Jakarta Full, gmn sih",1,0,2021-09-13 06:36:40
a25aa95f-94de-43e5-a838-e4cc5813c3cd,Pengguna Google,Aplikasinya bagus dan ada fitur yang menarik aku kasih bintang 5,5,0,2021-09-12 22:08:26
7eed29e4-56a5-401d-9ca3-1168ef7b5415,Pengguna Google,"JAKI : Cek Data kuota Vaksin tersedia, JAKI : Daftar vaksin kuota penuh",3,0,2021-09-12 22:00:33
049a7bca-3130-4e6a-9a62-cad711ec86fc,Pengguna Google,Kebantu banget buat vaksin,5,0,2021-09-12 21:13:30
1598e406-cc72-4b02-9287-da79e3a60234,Pengguna Google,ok,5,0,2021-09-12 14:21:20
036c86e1-6776-4c67-b7d0-8336af983391,Pengguna Google,Nama sm nik ktp gak sesuai padahal di aplikasi peduli lindungi sesuai..,1,0,2021-09-12 13:59:13
ca9f1ce9-94c4-4be4-8704-e979a1b63e03,Pengguna Google,Ga mutu... Daftar kuota penuh semua.,1,0,2021-09-12 13:52:01
899270ba-ba95-42cd-953a-e3a6a364ff24,Pengguna Google,Data kuota vaksinasi ga sinkron. Setiap mau daftar vaksin selalu kuota penuh sedangkan untuk daftar vaksin harus melalui jaki atau peduli lindungi. Jarang ada yg buka on the spot. Tolong dong dibenahi. Sudah sering terjadi jawabannya cuma kirim e-mail pengaduan tapi aplikasi tetap tidak dibenahi.,1,15,2021-09-12 12:58:39
ac3c980d-7aa9-419f-9e7e-c47de085e820,Pengguna Google,"Aplikasi sampah,sudah daftar vaksin online sampai ditempat masih suruh ambil nomor antrian,ngantri panjang begitu sudah sampai pendaftaran dibilangin vaksin dosis pertamanya habis.Apa gunanya daftar online klo begitu.",1,1,2021-09-12 12:47:09
5628ab2f-0286-4f13-b027-822bf1514f50,Pengguna Google,Kok selalu penuh yaa,1,0,2021-09-12 12:45:53
d95af52b-bef0-42e3-8b98-a3ea21eaf5dd,Pengguna Google,Mantep dan mudah untuk aplikasi JAKI,5,0,2021-09-12 10:56:55
eb46c6c8-74fc-4370-a278-877d290b40ac,Pengguna Google,Mau daftar dari dua Minggu lalu setiap hari di cek selalu penuh terus. Itupun setiap dini hari ngeceknya. Sepertinya percuma saja aplikasi ini. Nggak up to date.,1,1,2021-09-12 06:23:45
ebd4e36e-374d-4379-931c-4cc45dc4516a,Pengguna Google,Mau daftar vaksin aja susah nya minta ampun.. alesan nya kouta nya penuh mulu..,2,0,2021-09-11 20:53:11
302e8752-e54a-4d63-9c04-104bbaf38f77,Pengguna Google,"Apakah aplikasi ini bisa di gunakan untuk ktp luar jakarta? Soalnya sudah beberapa kali mendaftar untuk melaksanakan vaksin,layanannya tidak tersedia terus,mohon infonya",1,0,2021-09-11 16:23:18
f71454da-631b-47e8-89c4-b4cfeb6b49e8,Pengguna Google,Sangat bagus dan membantu,5,0,2021-09-11 15:50:29
8a32e4df-cb84-4f24-af04-ef4057a9e4e0,Pengguna Google,Enak tenan,5,0,2021-09-11 14:20:50
0d0a5ce3-7388-4af2-b4d2-7e4eeef512b8,Pengguna Google,sumpah ini aplikasi abal2 sekali mempersulit rakyat yang ingin vaksin 👎👎👎👎,1,0,2021-09-11 11:06:46
af3b0622-eb2f-40e0-8759-12fda632e9a7,Pengguna Google,Bagus sangat membantu,5,0,2021-09-11 08:07:04
877e0b68-9692-442e-9cfb-d34c28453a34,Pengguna Google,Saya mau daftar vaksin situs tidak dapat di buka tolong solusinya..,1,0,2021-09-11 05:58:44
d238d666-edbb-4adc-b45f-9b95a5abba11,Pengguna Google,"Mau daftar ulang vaksin dosis 2 susahnya minta ampun penuh semua,nyuruh vaksin tp susah mau daftarnya",1,0,2021-09-11 01:28:16
59c1c977-ebdb-48f0-90e9-d7b19b12781f,Pengguna Google,"Gk bisa daftar, masukin nmr hp aja gk bisa",1,0,2021-09-10 22:21:52
87cab46b-f439-443d-9d89-fa7750d9c78e,Pengguna Google,Ok,5,0,2021-09-10 21:34:48
4c8825e8-eaa4-47b9-bd55-35178849d644,Pengguna Google,Sangat bagus dan sangat membantu,5,0,2021-09-10 21:27:10
93bc9b7a-c748-4998-90ed-0caf9182c0f9,Pengguna Google,Babe kadang nggak cocok dngn kenyataan,5,0,2021-09-10 19:07:25
8aacb928-19d0-435e-b91e-db6dc7579f21,Pengguna Google,"Konyol konfirmasi cari vaksin di kelurahan dijawab ""penuh"",solusi cari kelurahan lain.Ga bantu banget...",1,1,2021-09-10 18:08:22
fa3fac6c-a2d3-494a-b296-f0eab3ec415e,Pengguna Google,"saya harusnya melakukan Vaksinasi yang ke 2 Berhubung Tempat Vaksinasi pertama Tidak menerima Vaksinasi tahap ke 2 dikarenakan Jenis vaksn astrazeneca sedang kosong...Dan petugas Security menyarankan Untuk Daftar Lewat Aplikasi Jaki,saya pun Langsung Daftar lewat aplikasi jaki. Jumat 10 September 2021 Dengan membawa Bukti Pendaftaran lewat aplikasi jaki saya menuju ke Tempat yang Sudah Terdaftar menganteri dengan Sangat panjang dan pada Akhirnya Saya Di Tolak oleh Pihak yang bertugas",1,7,2021-09-10 16:55:16
eec374c9-ca39-4c35-a08b-6b6b5b3925da,Pengguna Google,"Sya sdh dowload aplk jaki untuk pemgaduan saluran air ,,sya sdh melakukakn lapor ,,tpi di status menunggu,,,sya mau tanya prosesnya seperti apa ya,,pak bu, trimakasih",5,0,2021-09-10 13:59:48
25adc85a-a8cd-40af-b606-d0986f269509,Pengguna Google,Gampang daftar vaksin covid disini,5,0,2021-09-10 13:52:08
d31d4747-3196-48a1-90dd-ef4dd0a334aa,Pengguna Google,"Quota penuh semua. Gimana ini, penyintas covid udah gak boleh vaksin lagi",2,0,2021-09-10 11:38:33
831b3e45-9744-49e9-a8fa-5891da2d2c5c,Pengguna Google,"Ok banget, sangat membantu lho, dan puas banget",5,0,2021-09-10 11:20:42
0c99ad93-d5ec-406c-98ea-89a191799a03,Pengguna Google,Terimakasih jaki,5,0,2021-09-10 10:39:31
7d5e7b7b-063c-44d5-a574-195a9ef78f39,Pengguna Google,"Aplikasinya stuck saat isi kelurahan, Mending petugasnya datang ke rumah Pasien yg ingin disuntik Jadi jelas gak dipersulit, klo penuh terus gimana mo kerja kmn mana harus vaksi. Buat apa pemprov di gaji besar?",2,1,2021-09-10 09:44:32
dcd14410-faec-4291-9fb3-4914fe215e05,Pengguna Google,Gajelas banget,1,0,2021-09-10 09:14:27
79e94d9f-3015-47e8-940e-2b1be9e75494,Pengguna Google,Buruk kk🤪🤪🤪,1,0,2021-09-10 08:52:37
e5dad549-6c98-4caa-9a5c-bc518f0b25ad,Pengguna Google,Jakarta timur .ga ada kuota sama sekali ..ini jadwal vaksin di update ga si ? Udah seminggu lho...,1,0,2021-09-10 08:31:51
9be1cdcc-6f91-4895-a14f-c4c59d27f29d,Pengguna Google,baik,5,0,2021-09-10 08:24:12
e03df0f4-36b5-48a7-97f7-9f3f9511fe58,Pengguna Google,aplikasi ini sangaatttttt burukkkkkk untuk pendaftaran vaksin.,1,0,2021-09-10 05:53:26
c36b06a4-38e6-42fb-8122-820ba63bf9d5,Pengguna Google,Kenapa sy mau daftar vaksin ke2 ga bisa kuota selalu penuh.Aneh bgt apk pdhl sy daftar tengah malem dan sy cek juga kuota masi ada kenapa sy ga bisa daftar.Apa karna KTP sy ktp daerah lain bukan jakarta?Ya terus sy bikin surat domisili buat vaksin pertama itu buat apa klo skrng mau daftar dijaki ga bisa pake kto daerah.Terus kata ny klo kto daerah selain jakarta daftar 2 hari sblm vaksin.Ya gimana mau daftar kuota penuh mulu ngatur tanggal jadi ga bisa.Kalo niat ny mau jualan apk ga gini lah,1,0,2021-09-10 01:54:37
8995dd60-9c0d-48b0-a76c-9cb315a0ca87,Pengguna Google,Ok,5,0,2021-09-09 22:13:59
30aba91d-0ea8-441d-a36c-97e8da6a52b2,Pengguna Google,Aplikasi JAKI Is The Best,5,0,2021-09-09 21:58:36
f17bc2dd-c753-437b-abb0-4efddb028637,Pengguna Google,"Ini amplikasi kenapa, setiap mau daftar kuota selalu penuh,,, Setiap tempat penuh smua...",1,1,2021-09-09 21:18:19
b0b48853-dc53-48b0-b4b5-cc0f94b832cc,Pengguna Google,Bagus.....,4,0,2021-09-09 21:07:11
0b362efe-549b-4716-8473-ed583db9a822,Pengguna Google,Not bad,4,0,2021-09-09 20:11:22
11202627-08c7-40ab-96d7-dfc25f0203bd,Pengguna Google,Bermanfaat,5,0,2021-09-09 14:43:18
a531cc4e-d0c5-4c04-b06c-2abaf39f5410,Pengguna Google,"pasti jawabnya mohon maaf ............................,,,basi..!!",1,1,2021-09-09 14:42:43
eebabcaa-a755-48e8-8afb-d626e9175da5,Pengguna Google,Mksh jaki,5,0,2021-09-09 14:28:22
db6a025f-6321-470a-b0e8-197ec15895f7,Pengguna Google,Mau daftar vaksin penuh semua... Gmn nih min?,1,2,2021-09-09 12:00:37
8befa671-3f50-426a-a5a1-e766ed2c89be,Pengguna Google,Udah cek di semua lokasi wilayah jakarta tp kuota full.. gimana dah .. ampe pegel cek satu2 😒,1,0,2021-09-09 11:48:08
4d74e001-3f2a-4905-abb4-7e6a5f1bb651,Pengguna Google,Tanggal Vaksin dosis ke 2 saya sudah dicetak. Datanya dari PCare tidak sesuai dengan tanggal yang di tampilkan di Jaki.,1,0,2021-09-09 09:21:58
af0156b7-3106-4fad-944a-e488ef796213,Pengguna Google,Sangat mudah serta ringkas dalam mempergunakam aplikasi ini,5,0,2021-09-09 09:08:12
2e814e46-b6cf-411e-817b-b4c087a358a6,Pengguna Google,"Maaf Saya baru vaksin ke 1 tapi mau daftar yg kedua dari aplikasi jaki ko ngga bisa terus ya kak. Diketeranganya tutup halaman ini terus, ngga ada daftar ulang vaksin yang kedua",3,1,2021-09-09 08:17:12
d192864f-e512-4582-9256-25088ed53a84,Pengguna Google,"Kok engga bisa di akses ya baca an nya request rejected, knp ya",4,0,2021-09-08 22:43:34
c2e30c77-d204-4790-93bd-7267c66aaa4b,Pengguna Google,Sangat positif dan bermanfaat dimasyrakat,4,0,2021-09-08 22:38:22
12b092c6-bb3f-49ee-81cc-fe433845b313,Pengguna Google,Good,5,0,2021-09-08 22:11:25
fe44fa5c-97e6-4c46-af85-3c23a3a6fb7c,Pengguna Google,"Saya melakukan Vaksinasi Tahap 1 Tgl 11 Juli 2021 di GBK, Mendaftar melalui Jaki ini. Ada bukti foto dan selembarannya. Namun di cek di peduli lindungi, Data saya blm di vaksinasi sampai saat ini. Jd blm ada sertifikat tahap 1 nya.",3,0,2021-09-08 21:21:48
94529eba-645c-4ad1-b16e-c32ca71b1ec4,Pengguna Google,"Kenapa setiap saya daftar vaksin,quota selalu penuh terus..? Gimana ini aplikasiNya...",3,0,2021-09-08 20:59:40
cff65ffd-31f4-494d-a5a8-ef5f9b005406,Pengguna Google,Apakah aplikasi jaki bs digunakan scan barcode syarat naik commuter line?,3,0,2021-09-08 19:02:49
c690f373-b8f3-4929-81ed-dc001f2e0e3b,Pengguna Google,Njir baguss nyaaaa,5,0,2021-09-08 16:53:55
8391cfbf-197c-4542-8197-18b1281d3a17,Pengguna Google,"Ngebug x ya.. Dicek di web kuota vaksinasi jaki masih 100 - 0.. Pas mau daftar via jaki.. penuh.. Sampai tak cek 1-1 setiap wilayah, kecamatan, kelurahan, tetep aja penuh.. Mohon segera dibenahi.. #sinovac dosis 2",1,6,2021-09-08 13:28:56
61eb5acb-3f4d-400f-a0af-9059d421a0e1,Pengguna Google,Mantan bagus,5,0,2021-09-08 10:44:51
bc60471f-8a2c-435f-8540-76bfd15ab195,Pengguna Google,"Gausah bnyak gaya bikin apl lah... Berikan fasilitas pelayanan lapangan aja dlu yg bner. Apl ga guna.. bnyak bug, loding ga kelar2.. pdhal sinyal dah 4G+, udh pke wifi juga.. ttep msih ga jalan apl'y. Gini lah suruh masukin data personal nik, nama, ttl apa segala. Nnti bocor lagi, jebol keretas. Main2 sama data personal penduduk.. sampah",1,2,2021-09-08 07:53:24
9303050b-b92a-4925-9542-b5ebec328abe,Pengguna Google,Vaksin kedua kenapa ya sekarang dibikin susah astaghfirullah.,1,0,2021-09-08 07:19:13
bb3842ee-104b-4fcf-8c2c-e142b7c03ff7,Pengguna Google,Gajelas,1,0,2021-09-08 06:57:17
1408fff0-ab26-473d-baa0-0ab2fbcc6fc1,Pengguna Google,"Kenapa setiap daftar ga bs mulu ya? Keterangannya ""chaptcha is not valid"". Ada yg bs bantu jawab ga?",5,0,2021-09-08 00:46:44
ea204b38-4f8b-4fba-9b5d-0bc43698ce10,Pengguna Google,"aplikasi gak guna, kayak gubernur nya",1,0,2021-09-08 00:22:08
fa82cbe0-b75e-45eb-9445-0b9b6a6e32ba,Pengguna Google,Awal pertama dapat BST lalu di bulan berikutnya tidak dapat... Ngga jelas kenapa ngga dapet... Padahal banyak yg lebih mampu dari saya pada dapet BST ... Saya juga warga Jakarta loh !!!!...,1,8,2021-09-07 23:54:07
e54de3fa-b185-45b3-8f32-6cb0eb93c819,Pengguna Google,Kuota penuh,1,0,2021-09-07 19:46:18
6f523027-51ab-4ee3-b261-f0a7d419721f,Pengguna Google,Bermanfaat,5,0,2021-09-07 19:30:35
13bc8b6b-3be6-42d3-a4fb-9b429ae5f34b,Pengguna Google,"Udah dua hari mau daftar vaksin ke 2 via aplikasi ini gagal terus, di link lokasi vaksin masih ada kuota tapi begitu di kolom pendaftaran selalu penuh. Kalau ada ganguan kenapa ngga cepet2 d perbaiki?",1,1,2021-09-07 19:16:07
f66e5139-9b6b-47b0-9a42-b5d52c05b301,Pengguna Google,Suka,5,0,2021-09-07 19:06:29
f5961428-b9bd-4920-a4c9-bf9b865ae1ce,Pengguna Google,Is the best bintang 5,5,0,2021-09-07 15:54:09
cd36fceb-7108-4e3e-9396-f2afa1f953c3,Pengguna Google,"Perasaan vaksin dosis 2 dari bulan Agustus sampe sekarang kuota penuh terus dah, mau vaksin aja di persulit . Padahal pas sampe TKP vaksin kehitung jari orang yg melakukan vaksinasi tetapi di web selalu Kuota penuh",1,1,2021-09-07 15:34:21
ff54deca-6d19-474c-ab24-fa080ebfc6fe,Pengguna Google,Thxyouu jakii mempermuda dapat jadwal vaksin nyaaaaa ❤❤,5,1,2021-09-07 13:30:05
e71658bb-b236-42d4-8775-fde3beb1f3b2,Pengguna Google,Berguna sekali,5,0,2021-09-07 12:06:44
4fb28f71-0c69-4345-925b-6d68173b4f5c,Pengguna Google,Membantu sekali,5,0,2021-09-07 11:39:55
06289c0d-bf5e-4b25-a4e5-791f0d5e4fb3,Pengguna Google,Ok,5,0,2021-09-07 11:37:28
1a8ec0e6-5a34-4fed-b85c-88200b91720a,Pengguna Google,Sangat membantu memudahkan,5,0,2021-09-07 11:30:01
cdf4e4aa-a5c6-4249-bdf7-cdb74e8c0464,Pengguna Google,Sangat membantu dalam pendaftaran vaksin,5,0,2021-09-07 10:48:11
69830e6c-40d0-4f59-95c0-db49000baac4,Pengguna Google,bagus,5,0,2021-09-07 10:38:45
8ea45206-fc6b-44ac-90eb-0f2630a53a71,Pengguna Google,Ini kenapa mau daftar vaksin kouta penuh mulu??,2,0,2021-09-07 10:32:34
bdb9d8c6-7e8b-4fea-9f18-2900de187fd9,Pengguna Google,Buat masuk no. NIK . sama Nama asli ...susahnya minta ampunnn ... Parahhhhhh,1,0,2021-09-07 09:33:53
6591bc5f-2fa0-4822-9b5d-dea9641fa644,Pengguna Google,Good,5,0,2021-09-07 09:14:17
cd8ed763-857f-4d51-9b4e-bca3e588888a,Pengguna Google,Kenapa penuh ya daerah saya Cileungsi,2,0,2021-09-07 08:25:44
16520042-c180-4677-b5e0-e950c6861aef,Pengguna Google,mau daftar vaksin kedua tidak bisa. lemot sekali app nya. begini jadi susah. udah berhari hari juga. tolong segera di tingkagkan min.,3,0,2021-09-07 01:48:18
456d89f0-1112-4193-bb0b-0a9b11bb5742,Pengguna Google,"Ribet, bikin aplikasi itu yg simple Bukan mencla mencle kmana2 Parah",1,0,2021-09-07 00:25:48
37c02f3b-57a8-4cf6-a78c-8d9650e803f5,Pengguna Google,"Saya sdh vaksin, dosis pertama melalui aplikasi JAKI, pada tgl 11 Juli 2021, tapi sampai sekarang belom juga ada sertifikat vaksin nya, saya sdh kirim email ke sertifikat@.id mereka menyarankan untuk menanyakan ke paskes dalam hal ini adalah JAKI, dan saya sdh email ke JAKI, untuk mencari info apakah data saya sdh di input atau belum tapi engga ada tanggapan sama sekali...luarrrr biaaaasaaaa...",1,0,2021-09-06 23:49:13
8a5916f6-0736-41ef-99af-0beef3eea7b3,Pengguna Google,Mau daftar vaksin semua kuota penuh...gmn ini,3,0,2021-09-06 22:05:12
4702abbd-2d41-4024-8b18-10b248026892,Pengguna Google,"Aplikasi gak bs dipake, mau daftar semua tempat penuh..",1,1,2021-09-06 21:46:36
a982f063-6c8e-42d2-95c1-4e345524d3e8,Pengguna Google,Baik dan puas,5,0,2021-09-06 20:48:32
ec794db3-d4af-4325-96c6-82243ceb7d92,Pengguna Google,"Saya download ini untukdaftar vaksin pertama di sini,,, selang saya daftar dapet notifikasi untuk me restart HP, udah saya lakuin,, ada kali sampe 5 kali... Tapi blm ada konfirmasi mengenai status jadwal vaksin saya. Tapi notifikasi untuk restart terus muncul.. Aneh",2,14,2021-09-06 20:14:59
41ddd8e2-2c8f-4611-b3d8-d9ffb543b885,Pengguna Google,"ini gimana ya mau daftar vaksin kedua, tapi dimana2 kuota penuh",3,0,2021-09-06 18:44:15
252a719a-1d02-47a9-b74c-5366af6e906b,Pengguna Google,Saya sangat terbantu menggunakan JAKI karena dengan JAKI saya bisa mendapatkan lokasi vaksinasi dosis 1 dan 2 yang deket dengan rumah. Cara menggunakan nya juga simple dan mudah. Semoga kedepannya JAKI bisa memunculkan fitur-fitur lainnya yg bisa bermanfaat lagi untuk warga Jakarta seperti fitur pendaftaran vaksinasi yang sangat berguna untuk warga yang mau vaksin.,5,7,2021-09-06 15:52:32
5c79b445-02b7-4ade-915e-bc7d652a6e8f,Pengguna Google,Aplikasi Corona yang sangat membantu khusunya bagi warga DKI Jakarta tapi kok tidak ada JakClm..🤔,5,1,2021-09-06 15:50:54
186a4c84-3b89-4586-9a6f-e0981b2ce73f,Pengguna Google,Good,5,0,2021-09-06 14:50:23
ef8b5e29-ea40-4efb-b52a-d0e7acbc6878,Pengguna Google,aplikasi nyusahin mau daftar aja loading nya lama udh gitu ada keterangan kesalahan,1,0,2021-09-06 14:26:53
4b36814c-77a4-4632-b935-57fe520984bc,Pengguna Google,Bagus,5,0,2021-09-06 13:16:57
72c5f810-a8d2-4275-b25f-3788b0dd4ef9,Pengguna Google,"tolong coba di check kembali tadi sempat melakukan tes padahal sudah mengisi kondisi penyerta tapi kenapa pada saat hasil tes keluar yang tertulis "" tidak ada "" ada apa ya 🙄 karena kondisi penyerta sangat menentukan hasil di akhir, apalagi persiapan untuk PTM",3,8,2021-09-06 13:01:45
81d8487a-6c21-4daf-9ece-66616477fe68,Pengguna Google,Mau tanya saya kan udah vaksin dosis pertama apakah bisa daftar di aplikasi jaki untuk dosis kedua,5,0,2021-09-06 12:42:36
ded5beec-92e1-4173-93d1-b05fe94c7714,Pengguna Google,Aplikasi sampah... Lemotttt,1,0,2021-09-06 12:21:37
e8041f0a-151f-49b8-a3f6-50c6efb0fa2c,Pengguna Google,Masih perlu antri dan isi formulir pas datang ke lokasi. Harusnya dipermudah karena masyarakat dah mulai antusias berpartisipasi. Ini malah dipersulit harus pakai aplikasi.,1,1,2021-09-06 10:47:52
407aaf95-e98e-48d2-a4ee-aa0903f1806d,Pengguna Google,"Mantap, pelayanan juga mantap mudah , trima kasih jaki",5,0,2021-09-06 10:38:42
4694058a-124d-4244-b0b4-f0b7f9e1dac6,Pengguna Google,Ini saya mau daftar vaksin ke dua cuma capthca ga keluar keluar. Gimana cara daftarnya klo capchanya ga kebuka,1,0,2021-09-06 10:32:32
37bf7e0e-b93b-4fd4-a4eb-9ce49aa306bf,Pengguna Google,"Data Vaksin tidak sinkron dengan aktual di lapangan, Di aplikasi Sinovac, tapi pas datang adanya Astra.",2,0,2021-09-06 09:58:55
a4ebe718-f550-4854-86d8-b46fa2e34339,Pengguna Google,"Saya nyoba apk ini buat nyoba daftar vaksin ke 2. pas login daftar la kok katanya Nama yang dimasukan ngga sesuai sama NIK yang terdaftar. la mksudnya apa, orang itu udah sesuai bgt, beribu kali saya liat takut ada angka yang salah tapi ngga tuh. trs gimana ini mksudnya ya min.",2,3,2021-09-06 08:18:17
3bb3eb4f-12da-450c-912f-8f1053225647,Pengguna Google,Aplikasi kaga jelas. Daftar vaksin aja susah banget,1,0,2021-09-06 07:10:39
14f4ea9e-02e6-4aed-8ce5-cc7cdf42cd62,Pengguna Google,Buat Daftar vaksin susah gabisa aplikasinya,1,0,2021-09-05 23:01:31
e16472d1-e46a-4581-b791-6483ff62d98e,Pengguna Google,"Setiap daftar vaksin dosis ke 2 di tmpat yg sama malah penuh terus , pdhal daftarnya jam 00:00 masa iyya jam sgtu dah penuh ini bukannya membantu masyarakat klo stiap di cek selalu penuh tolong dong di tingkatin lagi pelayanan aplikasihnya katanya mempermudah tapi malah gak mempermudah gmn sih .. ?!!!",2,14,2021-09-05 22:57:17
ddca94ac-6df0-4f84-b5ff-49ebccc4e57b,Pengguna Google,"Aplikasi selalu log out sendiri, jadi repot masukkan email & password",1,1,2021-09-05 19:32:59
e17f6fb0-eeb7-4340-b5d9-70c1b8549328,Pengguna Google,"Ngisi JakCLM jelek banget, masa rt domisili ga ada angka 9 dari 8 langsung ke 10, udah cacat diwajibin isi lagi 🙄 Buat yg download, kalo emg jelek kasih bintang 1 aja, biar kalo ratenya jelek ntar pengembangnya notis cacatnya apk ini, atau seenggaknya ga diwajibin pake apk ini karena ketahuan jelek.",1,1,2021-09-05 14:58:51
039ae1f1-ea0c-4845-bc97-ee15e37af72c,Pengguna Google,Nyesel download aplikasi ini. kirain komen yg lain boong. Ternyata emang bener saat pilih faskes semua nya penuh. Gak tau penuh nya dari mana. Tolong di perbaiki 🙏,1,0,2021-09-05 12:08:10
a78bba58-3499-4cd3-b440-f830288f6cb1,Pengguna Google,Mau daftar vaksin kedua kuota penuh trs padahal di dashboard masih ada slot dan template load bgt,1,0,2021-09-05 11:21:14
6c84a008-19b0-4587-8e34-2f7bdc7d33ae,Pengguna Google,"Aplikasi ngehek, bapuk, mau daftar vaksin kedua aja susah, tapi dimana2 suruh daftarnya lewat jaki, di cek lagi donk, kenapa saya mau daftar vaksin kedua nyari tempat dimana2 di jaki ga tersedia mulu!!!!!",1,9,2021-09-05 09:03:08
e2110dd9-cc63-45dc-9c8e-20830ccf421c,Pengguna Google,Saat mendaftar vaksinasi tidak keluar unduhan hasil screening sehingga saat ketempat vaksin ditolak vaksin dikarenakan tidak membawa hasil screening padahal bukan tidak membawa tapi dari aplikasinya tidak keluar unduhan hasil screening dan saat ingin melapor melalui aplikasi juga sulit tidak bisa mengirim. Mohon bantuannya🙏saya ingin melakukan vaksinasi sulit sekali.,1,2,2021-09-05 00:35:43
4f4f2b94-f1d4-4e69-aa14-5802cd43946b,Pengguna Google,lah aku mau daftar vaksin dosis ke 2 ko kouta udah penuh semua😭 gimana ini .. tolong dong informasinya yg jelas aku ulang2 beberapa hari gt trus,2,0,2021-09-04 22:50:52
af19571d-49a8-4a81-bab0-ba88a126b88d,Pengguna Google,Yg lemot aplikasinya apa kuota sy sdh limited edition,3,0,2021-09-04 21:28:19
5b5563bb-f719-4ee2-a024-9a68fb0e8551,Pengguna Google,"sangat butuh update, masih belum layak",1,0,2021-09-04 15:04:41
da676cf8-f2ec-4ef8-b00d-c618788182bc,Pengguna Google,Sulit daftar di jaki..mo daftar vaksin pasti akhirannya dalam konfirmasi..giliran dateng ketempat yg dituju ditolak,2,0,2021-09-04 13:57:18
6a5106d6-10f0-4047-9e1d-79e186c656f1,Pengguna Google,Sy vaksin pertama daftar di jaki udah dpt tgl dan hari nya eh pas ksna ga nerima dosis 1 cuma bisa vaksin ke 2 malah d alihin ke kodim harusnya klo ga nerima kuota vaksin pertama jgn d adain di aplikasinya biar kita ga bolak balik,3,0,2021-09-04 11:43:41
fbe11412-9043-4295-a5e2-cab40afeb0a0,Pengguna Google,Sangat burukk ...cs tidak membantu dan selalu eror,1,0,2021-09-04 08:22:18
424e5b7a-868c-41a1-abb1-7e30ad2507a3,Pengguna Google,Sangat membantu,5,0,2021-09-04 07:47:37
d39ec378-50fa-4c66-adb6-fd7366fedb86,Pengguna Google,Melaporkan segala masalah di jakarta dan direspon dengan cepat. Walau ada kekurangan so far it's good lah.,5,0,2021-09-04 07:03:23
8f1d38e4-a20d-450b-8e47-533c8123a1ee,Pengguna Google,Mau daftar vaksin kedua kenapa penuh semua ya sudah di coba semua mohon infonya dong,5,0,2021-09-03 22:56:49
f4b35cae-15e0-4348-9c23-3028cc268a0f,Pengguna Google,"Penuh Mulu, dan Sering Lemot",1,0,2021-09-03 22:24:23
27d25fad-5789-4e01-b3d6-e23cbfada7f4,Pengguna Google,"Terimakasih JAKI, semoga Corona lekas pulang dari negara kita INDONESIA",5,0,2021-09-03 21:53:01
14a9412f-24b2-48f3-b259-af35fd1bd187,Pengguna Google,Mantap aplikasi nya.. Terima kasih pemprov DKI 🙏,5,1,2021-09-03 21:25:49
1e796268-caf5-47ed-adff-021890bf45a9,Pengguna Google,haloo. terima kasih telah memperbaiki masalah di aplikasi ini yang pernah saya alami. semoga kedepannya tetap lancar dan tidak ada masalah lagi🙏🏻,4,18,2021-09-03 18:58:19
7b919d77-bb0c-42d6-9c34-bb6141f9a554,Pengguna Google,Saya mau laporan ke aplikasi ini knp saya daftar vaksin g bisa mulu kuota penuh stiap hr saya coba saya dtg ke lokasi mungkin dengan nunjukin ktp bisa tau tau g bisa hrus lewat jaki saya sudah bilng g bisa saya dah coba d suruh nyoba lg dah brapa hr saya coba g bksa itu knp y mohon d perjelas,2,0,2021-09-03 18:56:26
51fe3821-6e8b-4532-bb8a-caa6ce783341,Pengguna Google,Yang bikin ni apk tolol asli,1,0,2021-09-03 16:21:55
96d961fc-6978-496a-8655-d249c89beec5,Pengguna Google,Jaki memang ok...,5,0,2021-09-03 16:18:04
661cf3f1-09d2-46a8-905c-e9f2eb03746b,Pengguna Google,Bagus,5,0,2021-09-03 14:01:02
abbd5cf3-37e1-4b59-90eb-c3104822d8e5,Pengguna Google,Vaksin di bawah umur di bikin ribet Tinggal daftar offline kan bisa ngapa harus online,1,0,2021-09-03 11:53:23
4f745f53-7cae-4baf-85bb-c1b57bdec59c,Pengguna Google,"Daftar vaksin ke-2 via Jaki, begitu isi jam vaksinasi, gak bisa diisi karena harus pilih tanggal terlebih dahulu, padahal tanggal sudah terisi otomatis..hadeehhh, esmosi jadinyaahh..😤😤🥱🥱",1,1,2021-09-03 10:55:31
5e9386b3-841f-4f97-999e-aac634b7a593,Pengguna Google,Ga gunaaaaa.antriann panjang.ga ad bedanya.daftar sinovac ttp aja dikasih astrac.klu gitu org bisa daftar ditmpt sepi.gakkk ngebantu sama sekali,1,0,2021-09-03 10:21:44
98f6f9eb-f2f7-4308-827e-7ec21e9f87bd,Pengguna Google,"Kenapa suka gk bisa masuk ya kalau mau isi jaksurvei kadang suka gk konek SM lemot bngt responnya , tolong diperbaiki lagii",3,0,2021-09-03 09:58:02
33ad8045-46c7-4e95-8463-e40bde7b28ab,Pengguna Google,"Aplikasi apaan kaga ad gunany,,msa udh dftarin dri jakarta barat,selatan,utara,smpai pusat isi kuota sudh pnuh mnding kga usah vaksin bkin ribet😡...",1,0,2021-09-03 09:46:26
904917a7-e610-4b98-9a36-1ba253f8dee9,Pengguna Google,Aplikasi jaki memang bagus,5,0,2021-09-03 09:40:42
908f68fd-fbf4-4c67-9ecb-874b8e76b068,Pengguna Google,Nice,5,0,2021-09-03 08:55:45
cf9407f9-9204-4d1a-91d2-20d699fc8f96,Pengguna Google,Tiap daftar pas pilih. Faskes kuota penuh terus. Udah ganti kecamatan dsb pun ga bisa bahkan tengah malem pun jam 00.30. Mencoba daftar kirain bisa.. ternyata ga bisa . Coba daftar di hp suami bahkan tetangga pun tetep ga. Bisa alesannya kuota penuh terus. Masa iya berhari2 penuh terus?,2,16,2021-09-03 07:18:25
966fcbfc-7261-412a-81a6-cff79632574c,Pengguna Google,Ini kenapa kok saya mau daftar vaksin tpi keterangan sistem sedang sibuk terus. Gajelas,1,0,2021-09-02 23:09:41
41e1d370-d1a8-4814-ad53-a87d3e876c3d,Pengguna Google,Aplikasi taii ini kagay usah di download,1,0,2021-09-02 20:39:56
97d61442-60db-4b30-b6d6-57e65d0880ed,Pengguna Google,"Mohon bantuannya , saya coba daftar vaksin lewat app ini tapi gak bisa2 gagal mulu bilangnya capchanya salah pdhal gak muncul2nya catchanya .. Gmna ini ?? Harus bikin aduan kmna ya ?",3,0,2021-09-02 18:41:30
508831cf-606d-4fa9-905d-a06ff47932a3,Pengguna Google,Cuma DKI yg mau vaksin ke 2 susah ny pake bgt...di giring vaksin ke 2 harus pake jaki.mau daftar ulang ny aja sulit.selalu trtulis faskes penuh.pdhal d daftar kuota trtulis masih ada kuota..yg berhasil daftar d jaki pun masih harus mndpti fakta yg berbeda d lapangan ada bbrpa d tolak krna kuota habis.pdhl dah berhasil trdftar d jaki.,1,0,2021-09-02 18:23:50
836f6d83-931f-4e7f-ad09-6b4199db1913,Pengguna Google,Mau daftar vaksin susah amat kuota penuh udah gonta ganti kelurahan tetep jja penuh gk bisa daftar buang2 kuota jja download aplikasi ini,1,0,2021-09-02 17:15:52
964d0775-6a5f-4c39-98e1-2f5ef7e4e978,Pengguna Google,"Mau vaksin, daftar semua penuh. Cek di status kuota masih ada. Aplikasi nya ga berguna",1,0,2021-09-02 15:42:27
69f26e9e-b931-4ea3-8158-82b7c2c9e50f,Pengguna Google,Oke,5,0,2021-09-02 15:16:09
9a599eaa-1e22-4040-8459-012d28d5701b,Pengguna Google,Bingtang nol cocok mau daftar vaksin tp gk bisa,1,0,2021-09-02 14:24:55
59955064-ab03-47ea-b1f4-c5af02febe49,Pengguna Google,"Mau daftar vaksin kedua aja susah banget, quota penuh terus di semua daerah.",3,0,2021-09-02 13:52:23
8652ffd8-5973-48ac-9086-fc775444577e,Pengguna Google,Aplikasinya mantap,5,0,2021-09-02 11:58:10
7a6a8cc9-12c2-46c8-a0f2-76f5270e11f2,Pengguna Google,"Aplikasi kentang ,coba daftar vaksin bilangnya NIK gak sesuai ,padahal ud bener masukin data ,giliran data masuk tgl vaksin gak bisa buka ,giliran klik tgl disuruh masukin data ulang lagi ,asli kentang banget ,berkali2 masukin data 😔😔😔",1,1,2021-09-02 09:39:58
0e474da8-ddbd-4b7d-a2c5-6d4f8f0653d0,Pengguna Google,Aplikasi bangke saya datang tepat waktu palah aplikasi gak bisa di buka katanya server sibuk,1,0,2021-09-02 09:06:36
d36125d2-1a12-490b-9b81-baa097d5f8e9,Pengguna Google,Daftar vaksin susah banget gila,1,0,2021-09-02 06:37:17
067df36b-d304-4721-8194-f82262194d9d,Pengguna Google,Lag,1,0,2021-09-01 22:13:29
9c9bff64-2fc1-40a0-a297-69531c0ba88d,Pengguna Google,Mantap,5,0,2021-09-01 21:12:29
f99254fd-caa0-4c97-be35-88c9c02bdbcf,Pengguna Google,Bermanfaat infonya,5,0,2021-09-01 17:24:20
db3664d5-123f-4f65-b80b-926e1d5b76f5,Pengguna Google,Keren,5,0,2021-09-01 16:42:53
2550415f-0dac-44f0-aa96-9ab54d978330,Pengguna Google,"Payahh lo bikin aplikasi,, keterangan kuota vaksinasi kedua selalu penuh padahal di dashboard kuota vaksin untuk second dose masih tersedia. Telp ke 119 dibantu dgn Mb. Sasha diinfonya katanya masih pengembangan, jd kuota memang sudah penuh tp delay terlihat di aplikasi Jaki. Ah payah lah klo aplikasi pemerintah yg buat!!!!!!",1,14,2021-09-01 14:53:46
3a521cb8-826b-4565-8b77-838b73f7b5dc,Pengguna Google,"Mo daftar penuh terusss..hebat dah,sama aja kaya sistem dagang..udah laku sombong ,dulu belom vaksin di udak2 sampe rumahhhh...",2,0,2021-09-01 14:11:10
16d8db74-8d26-4059-b429-7da83e0a9f86,Pengguna Google,kok setelah vaksin dosis 1 mau buat jadwal vaksin dosis 2 semua wilayah DKI TIDAK ADA KUOTA VAKSIN..INI APLIKASI YG ERROR ATAU MEMANG JAKARTA TIDAK PUNYA KUOTA VAKSIN...TOLONG PENJELASAN NYA,1,0,2021-09-01 13:11:09
8109f68b-e8b7-47a3-9ad9-b488aa481c91,Pengguna Google,"Di web ada kuota, di aplikasi penuh kan tolol",1,0,2021-09-01 11:50:55
6e4c0ff7-4947-43bf-9cad-46582b6480b0,Pengguna Google,"Ni aplikasi fungsinya APA? Kalo sudah daftar di sini sudah dapet jadwal vaksin sesuai waktu , dan dateng sesuatu waktu , ternyata kuota sudah habis saat datang ke lokasi ?? Ga guna ini dong ni aplikasi",1,12,2021-09-01 11:47:46
e7ada47b-9ab7-43d0-9463-d0cf5fd16bb1,Pengguna Google,"Aplikasi yang sangat bermanfaat, Responnya cepat, penindakannya juga cepat, semoga Jakarta bisa lebih baik.. Terimakasih banyak Pak Anies Baswedan 🙏",5,1,2021-09-01 11:40:34
8d87f003-35f8-4b21-875d-fb2d7d008382,Pengguna Google,"Stock Sinovac masih ada tapi di khusus in buat 18 kebawah, semua dipaksa AstraZeneca yg efek nya keras tapi efikasi sama aja. Rakyat dipaksa gak bisa milih, padahal dah daftar di hari kuota stok nya yg ada di lokasi vaksin nya itu. Jadi kalo gak da daftar itu stok nya dikemanain kalo ke yg lain gak boleh??. Tunggu sampe expired itu vaksin nya.",1,27,2021-09-01 11:11:34
3b4d6d8e-010b-42d2-9cf3-8bdc3c681e37,Pengguna Google,Oke,5,0,2021-09-01 09:49:22
0901bb0e-b745-4a7b-960f-22295f0793b6,Pengguna Google,"Daftar vaksin kedua nya susah..kuota di aplikasi penuh terus, padahal jadwal dan kuota nya masih sisa banyak. Please perbaiki ini yaa",3,0,2021-09-01 08:50:41
b0c4d90c-b371-4320-978c-4e867fe7a308,Pengguna Google,Ribet,1,0,2021-09-01 06:44:28
ae103cb7-373d-4c29-ac9d-64cf2d0d89f1,Pengguna Google,Bagus,5,0,2021-09-01 05:28:39
5eb0cc75-68a6-4713-9b84-3cf9934d93fb,Pengguna Google,Aplikasinya bagus banget kren dan berguna,5,0,2021-08-31 19:44:42
bf2e6cc3-29a2-48dc-8dd8-692d8b90bc03,Pengguna Google,Mw daftar tp keterangan nya kuota penuh di semua kelurahan kec.Tanjung Priok,1,0,2021-08-31 18:33:09
36614a5a-aa35-41a8-958f-b67fd7baaf06,Pengguna Google,Gmn si ini. Gua mau daftar vaksin ke 2 kuotanya penuh padahal pas diliat masih ada sisa kuota. Gatau ini aplikasinya yg eror apa ngaco dh,1,0,2021-08-31 17:05:30
39b53158-6bcf-46f0-a63d-df72b217fb3f,Pengguna Google,Sangat membantu untuk segala informasi tentang saat ini,5,0,2021-08-31 13:40:43
5ce0be23-82c0-4e23-9031-855e5e3ba04e,Pengguna Google,"Sepertinya data quota vaksin nya tidak update, sudah gonta ganti kelurahan sama saja, status selalu tertera penuh.",1,1,2021-08-31 13:22:21
0c0a13bd-26ac-40cb-bfa0-3d204f41d1b2,Pengguna Google,Aplikasi gak mutu gak berguna..mau daftar vaksin aja tdk tersedia trs statusnya..gak membantu..jgn download jeleeeeekkkkkkkkkk,1,0,2021-08-31 12:23:24
855a3030-2d1c-4438-82f8-38eb91305305,Pengguna Google,Ok,4,0,2021-08-31 10:03:08
aab08461-c8a2-4a86-b2ec-6ebe94896f84,Pengguna Google,"Tolong diperbaiki min, masa untuk pilihan nama kelurahan dan kecamatan terbalik. Harusnya pilihan kecamatan pasar rebo yg tampil jd pilihan nama kelurahan kalisari, cijantung, baru dll",3,0,2021-08-31 09:15:50
d51cc5b7-c5df-4afa-a7b2-db019c329bea,Pengguna Google,"Hai min, ini knp ya status vaksin sy masih dalam penjadwalan padahal sudah satu minggu. Sedangkan adik sy yg daftarnya bersamaan sdh dikonfirmasi.",3,0,2021-08-31 08:20:01
8190a866-558d-4a26-9ead-295f4bfe6951,Pengguna Google,Jika kita pengguna lupa mendownload hasil tes clm itu harus bagaimana,4,0,2021-08-31 07:18:00
bd525e3b-4785-45f2-a7f4-96aae0344a1c,Pengguna Google,Daftar ulang vaksin yang kedua di apk jaki..kuota selalu penuh..sudah cape ikutan antri dipuskes kelurahan sendiri juga ditolak dengan alasan terbatas hanya melayani vaksin yang awalnya disitu...,1,1,2021-08-31 07:16:56
d0de43bc-8ffd-489e-9000-b359d5834d1b,Pengguna Google,Jakarta- memang Kereeen,5,0,2021-08-31 06:44:22
60450f45-be14-41c3-bd3c-4d3e1034cabe,Pengguna Google,"udh bikin jadwal buat vaksin, tiap kali mau cek buat cetak pre screening server sibuk mulu, tbtb jadwal belom ada, tau lah",2,0,2021-08-31 06:27:51
2792f3c2-6374-49f3-9266-422323e00cf7,Pengguna Google,Ok lah siiiiip,4,0,2021-08-31 06:25:17
64a72fbb-c362-4c5b-bbdd-17d7188a7180,Pengguna Google,Sulit sekali di klik untuk di isi,1,0,2021-08-31 03:06:10
8256ced6-9159-49e3-b0b0-6d21e966c134,Pengguna Google,Berak aplikasi gk ngebantu,1,0,2021-08-30 23:41:09
ca49dbb2-9cc8-4fbc-a6b8-a2a57f7e4090,Pengguna Google,"Udaj seminggu mau daftar vaksin,eh malah gak bisa². Udah lewat App sm lewat web. Gimana si malah gak bisa. Katanya disruh vaksin,tp daftr ajaa gk bsa² mlu. Tolong kasih solusi ke kita",1,0,2021-08-30 23:18:55
b6dfcbcd-8525-4064-aa56-37a0e0d786e5,Pengguna Google,Aplikasi bego. Mao login gk bisa bisa udh se jam,1,0,2021-08-30 22:57:54
9c2f2ec7-e0e5-4ed9-b470-1bd50ef89a2a,Pengguna Google,Saya mau tanya pertama saya vaksin di jakarta tapi pas mau vaksin ke dua saya mau vaksin di luar jakarta pake aplikasi ini apakah bisa,4,0,2021-08-30 22:53:23
71ca016d-5981-407a-a815-173cf9c6c314,Pengguna Google,GG aplikasi,1,0,2021-08-30 22:34:00
5cdb5365-5096-431b-b275-8dfba7cf8260,Pengguna Google,"BUANG"" WAKTU LAMA BAT NUNGGUNYAAAAAAAA",1,0,2021-08-30 22:28:53
e90b1f9d-5e39-43c9-b62d-20c49d21f348,Pengguna Google,Aplikasi payah. Tidak membantu. Menyulitkan orang tua,1,0,2021-08-30 21:39:17
528e2035-29fa-4cf4-bc15-941a7f32e576,Pengguna Google,Aplikasi gajelas diklik gajelas banget cupu,3,0,2021-08-30 20:55:14
072a0150-dfce-4b55-b29b-1673e649e78b,Pengguna Google,"Aplikasi gk jelas bad gateway terus, lanjutkan korupsi mu nak",1,0,2021-08-30 20:51:06
e09cedd2-1257-4cce-9320-3df27c042ac5,Pengguna Google,"Ini ada masalah saat saya mencoba CLM nya, ketika mengisi identitas diri entah kenapa pada bagian kabupaten, Kelurahan, RT, RW itu tidak ada pilihannya. Dan karena itu saya tidak bisa melanjutkan CLM nya, ini bukan masalah jaringan internet, karena saya masih bisa melakukan kegiatan internet lain dan berjalan dengan lancar",2,0,2021-08-30 19:38:25
04fb856e-4d13-44de-a810-7cd58a769ea3,Pengguna Google,"Sering terjadi eror. Bknnya mempermudah malah mempersulit. Hadeh, tolong di tingkatkan lagi. Kami sebagai pengguna sangat amat kesusahan! Terimakasih",1,5,2021-08-30 19:09:59
264b471f-d2f4-465e-a628-6597e88d19e8,Pengguna Google,Lelet banget,1,0,2021-08-30 18:29:48
9d4b4347-faa7-4510-8f1b-e59ad00b46a1,Pengguna Google,"lemot parah, kalo bkn karna disuruh guru gabakal download.",1,0,2021-08-30 18:17:57
5c720fb3-f7bd-46df-a6d1-d74c3865b427,Pengguna Google,Damn stuck di rw,2,0,2021-08-30 18:01:00
9688ad09-76a9-4a38-97a5-d171681e30f8,Pengguna Google,Terlalu banyak bug dan memiliki server yang tidak bagus,1,0,2021-08-30 17:31:45
cdc6c71a-8005-4ccf-8f17-04a00222339d,Pengguna Google,Apk mengecewakan,1,0,2021-08-30 16:52:09
ae008610-a06e-4b12-b4f7-39dd7048040f,Pengguna Google,Aplikasinya jelek-!!!!!!!!!!!!!!!!!!!!!!!!!!!!!!!!!!!!!!!!!!!!!!!!!!!!!,1,0,2021-08-30 16:03:41
c4911399-c3a6-4653-a793-b718c8e82216,Pengguna Google,ngisi data lamanya minta ampunnn.. berjam2 mana data gk nongol2 ngabisik paketan saja,1,0,2021-08-30 15:36:18
244c3bb0-d96d-43b3-a349-314643bf31db,Pengguna Google,"Aplikasi nya tidak bisa saat saya isi identitas kelurahan , kecamatan , rt rw nya kgk bisa di buka tolong di perbaiki aplikasi nya udh lama bngt kgk bisa di bukan dan lama nungguin hasil nya",1,0,2021-08-30 15:08:22
9a28029a-c7f0-4d60-b0a2-2d76e1a3644f,Pengguna Google,"Ga bisa di pake,saya kira cuma punya saya yang ga lancar ternyata temen"" saya juga. sdh 3 hari saya mencoba. Pagi siang sore malam tetep aja eror terus. tolong developer mohon bantuannya. terimakasi",1,0,2021-08-30 14:33:13
3682162c-21fc-4380-9171-a9f6381f9038,Pengguna Google,Baguus,5,0,2021-08-30 13:44:24
6231e05b-76c1-406f-b26f-f155a140986d,Pengguna Google,Trimakasih,5,0,2021-08-30 12:33:41
cf550d4a-fea8-4662-aa18-cf7d6bd3e010,Pengguna Google,Ngebug anj aplikasinya. Bikin emosi,1,0,2021-08-30 12:28:22
4fbc26ea-aa76-4216-8b72-8046316316a2,Pengguna Google,Ok,5,0,2021-08-30 12:01:13
835fb3ca-7e61-4f0e-bdb3-0a763dbc0f3c,Pengguna Google,"Udah daftar vaksin lewat aplikasi jaki , udh dapet tanggal , waktu dan tempatnya .pas dateng ke lokasi vaksin dengan menunjukan kartu vaksin dri jaki malah ditolak dengan alesan nomor pendaftaran sudah habis , buat apa fungsinya daftar lwt jaki kalo pas dateng ke lokasinya mereka punya nomor pendaftaran sendiri ..",2,11,2021-08-30 11:59:13
83c7073e-a256-4e29-befc-09b4e2753ddd,Pengguna Google,"APLIKASI GA GUNA, DIAPK DOSIS 2 TGL 30 AGUSTUS. UDH NGORBANIN WAKTU BUAT KELOKASI BILANGNYA TANGGAL 1 KARENA APKNYA CUMA NGITUNG 28 HARI. KECEWA BGT WAKTU TERBUANG SIA-SIA. SUDAH NGANTRI BERDIRI DAFTAR BERDIRI TEMPAT RAME.",1,0,2021-08-30 11:56:32
f7b91b83-1927-4032-8042-84dfdcd41762,Pengguna Google,Ini knp kok saya gk bsa aktivasi akun? Gk bsa log in juga Tolong responnya,1,0,2021-08-30 11:48:12
e6ef3d76-9267-4e4e-a373-8707770ea964,Pengguna Google,Ga jelas,1,0,2021-08-30 11:29:47
a631898b-02aa-4de3-ac5e-42c4382dab29,Pengguna Google,"Tolong bantu kami sebagai pengguna aplikasi jaki,Berbeda sekali di lapangan. Saya daftar vaksinasi dan sudah ada jadwal Di POLKES Jakarta Pusat. Datang sesuai jadwal namun ditolak mentah2 karena kuota habis dan suruh datang besok. Padahal jadwal di aplikasi hari ini sudah jadwal saya. Jika seperti ini lebih baik DAFTAR langsung di tempat daripada di aplikasi.",1,21,2021-08-30 11:18:08
6648cf68-25d4-46a7-bbdb-ded6bcb44588,Pengguna Google,"Vaksin ke 2 sruh daftar di jaki Tapi kuota semua tempat penuh ,🤦🤦🤦. Di coba pagi siang malam daftar juga penuh Ribetttt",1,0,2021-08-30 11:05:52
a1cfaf5b-4357-4332-90f3-3856a671706e,Pengguna Google,"Jelek, ga bisa diaksee",1,0,2021-08-30 10:59:02
aaed4ae3-5c59-4cee-8e09-016c01c196a6,Pengguna Google,"Masih lama loading awal pas masuk, bukannya gak sabar tapi emang lama",3,0,2021-08-30 10:41:06
c379e9fc-96dd-4565-87fe-8fd8e973facf,Pengguna Google,Kuota masih ada.tp ga bisa daftar.penuh mulu😡😡jelek nih,1,0,2021-08-30 10:09:35
914f4ede-330b-4d18-99a7-46df437aaa72,Pengguna Google,Jelek,1,0,2021-08-30 10:08:15
090b725f-d8ed-4348-9fb8-0a55e3d9b676,Pengguna Google,Praktis info jakarta,5,0,2021-08-30 08:24:10
cc225c37-51d9-461a-a403-e32cadac022d,Pengguna Google,Kenapa ya presreening q ga bisa ke download padahal q dah isi,3,0,2021-08-30 08:22:00
54c5b0ee-7ec7-4116-b554-82bf8e51e31a,Pengguna Google,"Penting banget mau isi JakCLM untuk sekolah, tapi selalu ada tulisan ""bad gateway"", plisss admin mohon dong di perbaiki bug nya saya selalu update terbaru terus loh padahal...",4,0,2021-08-30 08:10:10
d6464bcf-ee13-40e9-9673-5e3b5c730b41,Pengguna Google,Apk nya eror Mulu buat daftar aja gak bisa bintang satu dulu deh Tolong di perbaiki ya,1,0,2021-08-30 07:53:19
5e02f9cc-ddf3-48c2-baaa-bd5abaa5b800,Pengguna Google,Bagus,5,0,2021-08-30 06:48:18
15167df4-8058-4f4d-9715-6066725380ef,Pengguna Google,"Mau vaksin dosis dua ga bisa, udah dicek berkala tetep aja faskes penuh",1,0,2021-08-30 06:47:56
fb025322-1bf6-46c1-b8dd-1dcdb32d5711,Pengguna Google,"Aplikasi kaga guna, aplikasi ngaco",1,0,2021-08-30 04:59:29
78e47df5-d964-49e2-bf53-6b429bf2448d,Pengguna Google,Ini gimana sih apk nya saya mau daftar vaksin pertama ada Bacaan nya kuota penuh penuh trs! Tolong dong jgn begini kata nya vaksin itu penting tapi ko gini sih saya mau daftar vaksin aja ribet begini sih gabisa bisa giliran ga vaksin aja pada ribet suruh vaksin tapi ko gini harus nya jgn gini lah kuota penuh trs kecewa banget saya,1,0,2021-08-29 22:22:32
f96ce42d-5c16-4bee-93cf-b15d0179ef40,Pengguna Google,Sobad,1,0,2021-08-29 22:21:48
94f20189-de9f-423c-a6e3-56232ac84438,Pengguna Google,Isi tes covid yang bagian kelurahan segala macem gak bisa....padahal internet 5mbps lebihhhhhhh,1,0,2021-08-29 22:00:40
2a0ae008-e06a-475c-94be-0cab4bdaf3e3,Pengguna Google,saya kasih bintang 2 karena saya tidak bisa daftar di apk jaki ini tolong di perbaiki lagi ya karena saya mau melihat daftar lokasi vaksin,2,1,2021-08-29 21:54:12
30bf5ef9-4c4b-43d4-98a3-44a1cd421330,Pengguna Google,Tolong jangan lag terus,2,0,2021-08-29 21:20:37
8c6394a3-dfb0-4478-908d-a98f95d26d15,Pengguna Google,"kesel, ngelag bangettt padahal butuh banget",1,0,2021-08-29 21:01:42
e11e3c23-679b-46b6-b3e6-899fa74c87b3,Pengguna Google,"apk gajelas begini kah pemerintah membuat apk? server eror bikin apk yang niat lah , oh iya percuma aja gabakal di denger si kritkan kaya gini 👎",1,0,2021-08-29 20:57:33
def69cb8-cbf8-4b5e-82c2-53a25a660991,Pengguna Google,Loading terus kalau mau ngisi clm tolong dong ini soalnya penting,1,0,2021-08-29 19:21:48
53b69a42-8688-4579-a015-c1b7720a28b4,Pengguna Google,"install jaki buat jakCLM, buat salah satu persyaratan uji coba PTM. udah test, isi semua pertanyaan juga udah tinggal nunggu loading hasil tiba-tiba server maintenance.. pas coba ulang katanya test lagi bisanya tanggal 5 september, nyari riwayat test yang tadi juga gak ketemu dimana-mana tolong diperbaiki, terima kasih sebelumnya",3,15,2021-08-29 18:54:31
26d53d0b-fa6f-4b23-9686-28b331a0c2bb,Pengguna Google,Ko gak ada Jak CLM sih,1,0,2021-08-29 18:35:31
24fa13b3-3f56-4ff8-96d5-3064d4a9e9d9,Pengguna Google,Server down trus pakkk,1,0,2021-08-29 18:12:17
21d91b00-5430-4e43-bb57-1f065b658bb4,Pengguna Google,"dari sekolh suruh tes mandiri lewat jaki tp ketik tombol kelurahan ajah gk bisa""gimana ngulang terus gk bisa juga cape",1,0,2021-08-29 18:07:10
07385600-658e-47ba-a452-c2534828e057,Pengguna Google,"Udah nunggu lama2 dari siang ga bisa2, giliran udah bisa sampe akhir malah Disconnect dari server.",1,0,2021-08-29 18:05:34
4d0bb305-4c8b-48b7-8bff-12b5ceb244a5,Pengguna Google,JAKCLM syarat anak u/ PTM skolah sngat sulit diakses!!! sangat lambat lemot lambat respon!!! 😭,1,0,2021-08-29 16:45:57
c4599ccf-b446-4d52-b413-2899c8d89168,Pengguna Google,"Aplikasi Msh beta tpi dipaksa pake ini, hadeuh, error, bug msh banyak lgi.",1,1,2021-08-29 15:25:28
c3bff3e7-0eb7-40c2-9f51-873824aaa922,Pengguna Google,Servernya sangat buruk,1,0,2021-08-29 14:11:07
971ff8d3-f7e9-49fe-9251-f3ffa36f5951,Pengguna Google,"Sering lag, gak bisa masuk jakclm",1,0,2021-08-29 12:09:51
1b3aa650-0547-4e17-9923-fd21160bc766,Pengguna Google,"Tolong aplikasi dikembangkan lagi,ini sangat merepotkan kuota ada tapi loading terus saya mau mengisi jakCLM tapi gagal terus menerus hadehhh",1,0,2021-08-29 12:09:10
c7285998-4248-4baa-a2a1-3d0a882e026e,Pengguna Google,Asli mau bikin cml aja susah di suruh milih kabupaten/yang lain kadang ga bisa,1,0,2021-08-29 12:05:02
e3c9e2ac-4f6d-4ced-813b-5b5ada2bffea,Pengguna Google,Rusakkkkkkk,1,0,2021-08-29 11:42:51
4b099ad0-c6bf-4d7a-b023-a578ab2b3172,Pengguna Google,Aplikasi ini kenapa sih saya mau daftar vaksin tapi saya cari² kelurahannya katnya koutanya habis terus saya harus gimana tolong lah perbaiki saya mau daftar vaksin,1,0,2021-08-29 11:42:16
749d7ff1-a0ba-4e4d-b6f2-e03ff76a956e,Pengguna Google,"Mau tes clm aja susah banget, slow respon, server buruk",1,0,2021-08-29 08:49:53
756cb9bb-16e5-4ecb-a04b-9b8b75b71c8a,Pengguna Google,Mantap,5,0,2021-08-29 07:50:19
29c52aed-59b7-4b63-8e7f-9f91796a0685,Pengguna Google,Ngga ngerti gimana cara kerjanya pendaftaran vaksin di jaki ini.kuota selalu full padahal kuota masih ada Dateng ke lokasi langsung ditolak krn blm daftar di jaki sedangkan jakinya aja seperti ini.,2,0,2021-08-29 06:54:16
7b0dc439-9b81-4d3b-9ea3-a51f3e621b40,Pengguna Google,Yang ngejawab robot,1,0,2021-08-29 06:43:58
8726e4fa-3570-4e8b-ab6d-02cfb97c0b1e,Pengguna Google,Aplikasi ga sinkron dgn data..diperbaiki dulu sinkron datanya degn corona.jakarta.go.id terkait kesediaan kuota vaksin..,1,1,2021-08-28 23:42:55
abf8f2e3-d388-41dd-a890-2255d1777e87,Pengguna Google,Ini gimana mau vaksin ke 2 ko nggak bisa semua tempat vaksin udah di cba malah kuota sudah habis gimna??,2,0,2021-08-28 21:26:08
c1966389-e5f3-4512-a28f-e83e623f29b2,Pengguna Google,Aplikasi Ngacoo Di peduli lindungi data vaksin sudah ad Di jaki keterangan belum di vaksin. Hadehhh,1,0,2021-08-28 20:57:51
be1546e3-11b8-4543-bfed-d234422566d2,Pengguna Google,"Lelet bgt error trs lagi, gjls",1,0,2021-08-28 20:56:13
c3c63581-7144-4090-ae18-7637b3017247,Pengguna Google,Nik saya di jaki ga kebaca uda vaksin 1. Kemarin2 sih kebaca.,1,0,2021-08-28 19:21:00
190b1274-cc87-432f-8cfc-f6b404ea44e0,Pengguna Google,Saya mengunduh hasil tes CLM tapi tidak bisa /error terus,2,0,2021-08-28 17:56:36
06a9c41f-8d41-4603-981f-28d7c61b67a8,Pengguna Google,Aplikasi jelek👎👎👎👎👎👎 Ngisi link aja gak bisa...padahal jaringan udah 5G😡 Tolong ya diperbaiki...udah satu jam isi link gak bisa-bisa😠😠😠,1,0,2021-08-28 15:09:16
31c29d46-6f1d-4e35-9c7f-cc9351f5b714,Pengguna Google,"Apk sampah, malware. Daftar vaksin kuota penuh mulu 👎👎",1,0,2021-08-28 15:00:39
0c8f01af-8207-4f03-85ba-2a34e267e1df,Pengguna Google,servernya error terus 😷👎,1,2,2021-08-28 13:09:30
f22b384f-1190-4ee7-9816-3d6c03765621,Pengguna Google,Aplikasi GK guna!!!!!!,1,0,2021-08-28 13:05:23
d56d04a5-d2f3-4a76-a0a6-0d3fec4b2fae,Pengguna Google,Gajelas.,1,0,2021-08-28 12:57:40
e7fb60ba-eed8-48de-bf6b-02b120164ddb,Pengguna Google,Nth lh belom nyoba,5,0,2021-08-28 12:07:28
da2c0045-22bf-47c3-904b-90efc838b6eb,Pengguna Google,sudah vaksin dosis pertama dan kedua tp di cek tdk trdaftar ternya salah nulis nama dan nomor nik bagaimn ini,1,0,2021-08-28 11:45:16
e214263b-917a-46b9-ada4-e968ef9ba816,Pengguna Google,Tolong aplikasi dikondisikan dengan benar!! Masa ngisi CLM aja lemotnya minta ampun. Saran mending via website aja!!! Terimakasih,1,0,2021-08-28 11:16:33
116e0a60-04ff-4088-a278-187dd07c3ef0,Pengguna Google,Kok kuota penuh terus gimana ceritanya,1,0,2021-08-28 11:04:02
ba613c52-6d35-4738-883c-c1d4719d1238,Pengguna Google,Sangat membantu,5,0,2021-08-28 09:55:11
1b13723f-51a7-4c97-b649-c50ddec0673a,Pengguna Google,"aplikasi apaaa ini beginiiii, saya mau tes CLM aja ngga bisa, udah di coba di lain2 hp tetep aja ngga bisaaaa!",1,0,2021-08-28 09:25:32
76e6fe0c-64df-43a6-a3b1-d7cb5b42cb95,Pengguna Google,LEMOT BGST,1,0,2021-08-28 08:52:56
a767e861-d208-4d38-9be1-c5cb5f059819,Pengguna Google,"Aplikasi ga beres ,udah vaksin tapi status belum berubah juga,sertifikat belum muncul udah seminggu",2,1,2021-08-28 07:55:54
cfa1dc29-7c6e-4a40-8449-ce9944f6c91d,Pengguna Google,"Apk gak guna. Kuota penuh mlu. pdhal gua daftar jam 2 pagi ttp penuh. Hps aj nih apk dri playstore , apk burik",1,0,2021-08-28 01:53:51
d5a14b33-3e79-414b-9c9c-8f484334c537,Pengguna Google,"Server sellau error, Saya sudah mengisi tes namun disaat verifikasi tiba tjba error dan mengulang kembali dari awal kejadian berulang kembali hingga puluhan kali saya isi kemudia error kembali, Sangat Mengecewakan.",1,3,2021-08-28 00:19:32
8f5eaf69-a319-4251-93ef-c9b217355b7d,Pengguna Google,Kenapa sayah belum dapat sertivikat paksin secara onlan,5,0,2021-08-27 20:26:15
6898f9b5-87ed-465b-b187-c09126b5bd65,Pengguna Google,Karena di suruh ngisi clm jadi download abis itu ngisi clm uninstall lagi,1,0,2021-08-27 20:03:26
195472fa-84a1-49a7-ae5a-3fe373f736c1,Pengguna Google,sulit di akses kurang memberikan kenyamanan,2,0,2021-08-27 16:37:59
5f5962cd-c864-41cc-b06b-3b92957eae4b,Pengguna Google,Lancar,5,0,2021-08-27 15:56:45
8d07df9f-4a14-4428-9f4c-77b4c33e39bf,Pengguna Google,"Susah daftar nya,kuota penuh terus",1,0,2021-08-27 15:27:46
c3778583-9c20-4a64-932f-9d26c05de24c,Pengguna Google,Sangat bermanfaat dan membantu masyarakat,5,0,2021-08-27 14:17:44
70a3d79a-4c36-4ceb-9d8d-36fbe3c99031,Pengguna Google,vaksin mencegah penularan yg parah,5,0,2021-08-27 14:10:47
877da766-eb09-4cfb-b14c-a0548c5a6a28,Pengguna Google,Membantu Dan Mudah,5,0,2021-08-27 13:54:05
c808ac6f-025a-44b5-8c18-ec3ee25ffe99,Pengguna Google,Antap,5,0,2021-08-27 13:44:10
36feee19-e072-48ce-8779-bb2fca817868,Pengguna Google,"Woe knp saya mau memasukan nama dg benar dibilang salahh?? Padahall sesuai loh, kok di bilang gak sesuai, sya mau daftar vaksin ndak bisa loh",1,0,2021-08-27 11:27:12
1b4c37df-a8b1-4d2c-a9ba-6f942f01e236,Pengguna Google,Membantu sekali,5,0,2021-08-27 10:38:20
166fcdd1-6eaf-46c6-8aee-ab2718b1f0ed,Pengguna Google,Respons lama,4,0,2021-08-27 09:58:47
639ce167-6760-4e1d-9939-c7765bcbfedf,Pengguna Google,"Padahal aku cek kuotanya masih buat daftar vaksin. Tapi kenapa aku gak bisa daftar Mulu!! Dah 1bulan daftar terus sampe hari H nya tetep aja gak bisa. Yang eror, kuota penuh dah itu tulisan doang yg muncul!!! Padahal pas vaksin pertama daftarnya lancar lancar saja tapi yg ke-2 parah abisss gak bisa daftar sebulan ini!!!",3,30,2021-08-27 09:48:52
6941ef5e-3661-4f4b-8071-dbb5f2383982,Pengguna Google,Sangat puas dan sangat membantu,5,0,2021-08-27 09:30:08
5f8657ca-d72d-442d-ad0a-3ac3c904018e,Pengguna Google,"minta update, setelah diupdate tambah runyam gaessss",2,0,2021-08-27 08:37:14
a2f9a2da-a829-4e3c-a8a5-c0778ceef429,Pengguna Google,Buruk,1,0,2021-08-27 07:07:42
120b9093-776e-46a5-8c7f-42d20cda8c5c,Pengguna Google,Aplikasinya mohon diperbaiki masa mau vaksin selalu kuota penuh...,1,0,2021-08-27 06:33:43
17983430-6114-4ac9-a776-8613f2ead61f,Pengguna Google,"Sering"" update informasi terbaru",2,0,2021-08-27 06:11:32
e81a9afb-a833-486b-a867-21a2952ee397,Pengguna Google,"Dapet saran dari gubernur bahwa aplikasi ini bagus, tapi yasudahlah😂",1,0,2021-08-27 00:12:32
cb465892-1578-4797-ab4d-47a68f6495db,Pengguna Google,"Saya mau daftar vaksin, tapi selalu keterangan penuh. Gimana ya?",3,0,2021-08-26 21:15:13
5d182114-8f24-40aa-a91b-90326dbdf773,Pengguna Google,Ini gimna mau daftar setiap kelurahan penuh semua . Padahal cek kuota masih ada.. bingung,2,0,2021-08-26 20:48:55
932bb35c-3075-4882-ad09-20414ec6f614,Pengguna Google,"Tolong,tolong di update donk untuk pendaftaran vaksinasi di jaki,banyak orang yang benar-benar gaptek soal handphone terutama orang tua ketika mau daftarin saudara vaksinasi pertama lewat jaki ulasana nya kuota penuh, tapi ketika klik di lihat kuota sisa kuota masih banyak tapi gak bisa daftar kenapa susah banget ya kalo daftar vaksin lewat jaki Tolong di update donk🙏🙏🙏",1,18,2021-08-26 20:31:44
027c881c-67bf-4af2-975d-753bec1a51d3,Pengguna Google,"Sangat membantu sekali dalam informasi tentang dki jakarta , maju terus aplikasi buatan anak bangsa,",5,1,2021-08-26 19:46:56
bb4e3f6d-a92b-4296-9a90-9374e8478969,Pengguna Google,Sangat membantu,5,0,2021-08-26 19:19:54
dea4596e-92e9-476d-8246-f5d3f490e862,Pengguna Google,Sering Banget Error padahal wifi sudah bagus Mohon lebih diperbaiki lagi kedepannya,1,1,2021-08-26 18:58:30
f4ea7217-d065-4da8-b909-9eff035e575b,Pengguna Google,Aplikasi yang sangat membantu... Terutama saat mencari jadwal vaksin. Terimakasih JAKI,5,0,2021-08-26 15:35:15
ca0d360d-2afe-442c-94eb-fad72220b87b,Pengguna Google,Ini kenapa saya mau pilih lokasi vaksinasi kuota penuh terus ya . Padahal sudah ganti2 lokasi vaksin . Gimana ini min,1,1,2021-08-26 15:11:53
244de31f-7c3b-44e8-86b4-9f90e0ad2791,Pengguna Google,memudahankan warga jkt,5,0,2021-08-26 14:20:02
cf72af4a-a240-492a-b360-39a3081ed2e9,Pengguna Google,Mau vaksin aja dipersulit giliran g vaksin di paksa,1,0,2021-08-26 12:13:36
e3f56512-8759-471d-bbc7-c3e933bbd50c,Pengguna Google,"Aplikasi tidak ada gunanya, saya sudah daftar di Aplikasi dengan Sinovac, malah di kasih astra, kemudian untuk apa daftar online jika daftar ulang kembali, antrianya tidak sesuai nomor ambur adul, bukan mempermudah tapi mempersulit",1,6,2021-08-26 11:25:12
39d9173d-82ba-498c-97f7-749246d5461e,Pengguna Google,"Aplikasi apaan si ini, masa mau daftar vaksin pertama aja semua kuota udh penuh,,udh pilih faskes yang laen tetep aja penuh semua, buat apa disuru daftar mandiri kalo semuanya udh penuh.",1,1,2021-08-26 10:22:20
4bab9059-d96d-46cb-b425-d36d5d59a245,Pengguna Google,"Astaga... Mau vaksin susah banget ia, kuota sll penuh. Ud berbagai cari di berbagai kel kec full smua. Maksud app ini tujuannya ap ya? Kok masyarakat yg peduli akan di vaksin malah sprti ini. Sy baca di Google hrs download app jaki, ternyata ZONK!",1,8,2021-08-26 10:05:43
465a1511-c1cd-4826-b7f2-052ca410a959,Pengguna Google,Tambah mantP,4,1,2021-08-26 09:46:09
80a1ca8d-518f-45c3-acd5-a4dc12a6f2ac,Pengguna Google,"Aplikasinya bagus, tapi mungkin bs lbh ditingkatkan lagi 😊👍👍",4,1,2021-08-26 08:53:36
c3efefd9-ea76-49ca-a503-d42a9383777b,Pengguna Google,"Aplikasi jaki.. Kalau kasih info vaksin 1-2 yg lengkap, memang jenus vaksinnya bener tp karna ga semua tempat ad vaksin 1.contoh kemaren info vaksin jaki di LIPPO keramat jati, saya sudah kasih tau sodara2 saya buat vaksin karna mereka cari sinovac tau2 pas dateng sudah lama menunggu tau2 vaksin dosis ke 2,ga bisa dosis ke 1.akhirnya mereka kaya kecewa",5,1,2021-08-26 08:07:43
142b0fec-bad1-45a6-b10c-cd040ea98678,Pengguna Google,Percuma dowload gbsa juga digunakan ga terdeteksi di kawasan tempat tinggal saya mohon dibantulah,2,0,2021-08-26 03:47:07
d7cedb9a-239d-4415-b84b-fefc3a6af779,Pengguna Google,"Jelas jelas kuota vaksin ada , tapi daftar lewat jaki tidak bisa karena kuota penuh, parah jakarta kita",1,0,2021-08-26 01:20:18
c1ec1bd6-8c5b-4aa4-b1e2-8ab12a88f74b,Pengguna Google,ok,5,0,2021-08-25 20:50:18
8c43950c-2107-4ce1-acb3-0261b1968312,Pengguna Google,"gak jelas nih aplikasiii kuota penuh terus , padahal di cek sisa kuotaa masih tersediaaa ....",1,2,2021-08-25 20:28:34
2d0b416c-bb12-4b06-b2aa-58571c76b2fc,Pengguna Google,Saya download kartu kendali buat vaksin ga bs kk.mohon bantuan perbaiki aplikasi nya.,1,0,2021-08-25 19:58:36
c55c5620-4623-4e8d-96cf-3f5dce46f00b,Pengguna Google,Ini sy mau daftar vaksin ko g bisa2 penuh terus pdhal kuota di cek msih byk 😔😔 ada apakah ini apa warga luar jkrt gak boleh daftar,1,0,2021-08-25 19:29:36
09c8fcfb-c2ec-40a1-9f2f-5110cc966523,Pengguna Google,"Isi data permodalan di aplikasi jaki bahaya tidak ya, msalah nya setelah isi malah eror platform nya, mohon bantuan nya",5,2,2021-08-25 16:26:26
d81d254d-be6e-4635-98a4-ec561d4df97e,Pengguna Google,"Aplikasi busuk, gabisa daftar vaksin",1,0,2021-08-25 14:41:13
9ea3eaac-6e36-4b2d-b14b-07a60220f736,Pengguna Google,saya baru mau mulai vaksin pertama tapi kenapa di semua kecamatan/kelurahan penuh terus gimana solusinya???? saya kira dengan mengunduh ini bisa dapat solusinya tapi malah cuma nambah pusing doang! saya mau ngelamar kerja harus pake surat vaksin! nyusahin masyarakat aja bisanya,3,17,2021-08-25 13:54:41
78abc446-0681-4713-b490-28b4d77951b7,Pengguna Google,Ga bisa buat daftar.... Lemot pke banget.,1,0,2021-08-25 12:49:26
abb8c87e-809f-4498-be99-9ed41f6e8aa8,Pengguna Google,"Buang"" waktu aja . Uda isi data & print hasil prescreening . Sudah di cek ada vaksin pzifer di smk n 26 utk hari ini tgl 25 agustus . Jauh"" ke sana kata nya ga ada . Parah banget bikin orang yg jauh"" datang ga ada hasil. Kacauu",1,19,2021-08-25 11:40:31
91057528-8385-457c-80d6-7e1f781c77c8,Pengguna Google,Mohon izin mewakili menjawab terkait pendaftaran vaksin melalui jaki. 1. Terkait daftar vaksin jaki penuh mau dosis 1 / 2 Karna di jaki itu ada kuotanya. Kalo sudah pas batas kuota pasti lokasi vaksin tidak muncul. 2. Terkait sertifikat vaksin tidak muncul. Bisa cek di pedulilindungi. ( Cara bisa lihat di YouTube / tanya Ama yang tau ) 3. Dan bagi lokasi Vaksinasi gak semuanya selalu bisa lewat jaki. Yang terpenting lihat dulu lokasi mana yang ada di jaki.,5,18,2021-08-25 10:09:27
370d3768-e2a2-43b9-bc46-5cd59c80cb04,Pengguna Google,Saya daftar vaksin tgl 25 ags 2021 di polkes 00.09.03 jakbar pas saya dateng vaksin di ternyata ga ada !!! Di pindahin lah ke tempat lain tanpa korfirmasi apapun !!!!!,1,1,2021-08-25 09:57:48
aa28d35e-1ed9-4b40-86b7-8d9bc0df9efa,Pengguna Google,Alhamdulillah..jaki banyak manfaatnya ya..,5,0,2021-08-25 06:48:26
62ec7af4-2a56-45e8-a053-fb48300fd00e,Pengguna Google,Kenapasih mau vaksin dosis kedua aja susah bilangnya penuh terus tiap mau daftar ulang padahal di deket rumah ada!! Gimana ini perbaiki dong tolong! Susah buat daftar nyesel daftar vaksin disini jadinya susah buat daftar ulang vaksin kedua!,2,10,2021-08-25 01:33:16
80194fe8-01ea-4f57-bf5c-e02d9660f937,Pengguna Google,Rakyat mau vaksin moderna di persulit dgan hrus ktp dki dan non dki hrus surat domisili🤦🏻,1,0,2021-08-24 20:26:20
71bffabc-4d5b-4a38-b07f-822f8850fa19,Pengguna Google,Mantab,5,0,2021-08-24 19:19:07
be228e5a-5956-4bfe-b328-85ca470c3789,Pengguna Google,"Sudah 2 hari mau daftar vaksin gk bisa2, dipaksa sehat melalui aplikasi yg sakit,....",1,0,2021-08-24 18:09:04
ed70445e-5be5-4880-9ece-19bbd8253185,Pengguna Google,Dapat informasi jadi mudah,5,0,2021-08-24 16:21:23
f5bcc86c-5e8e-4c73-98f8-c0c6879e6b11,Pengguna Google,Aplikasi sangat bermanfaat simpel & Tidak ribet saya sudah vaksin melalui aplikasi ini buat kalian yg vaksin yuk daftar di jaki.,5,0,2021-08-24 15:09:11
3facb339-3455-470c-a585-0bd621705ff8,Pengguna Google,"Maaf min saya untuk vaksin ke2 sudah daftar via JAKI, tapi waktu datang ke lokasi malah ditolak alasan kuota sudah penuh. Jadi harus bagaimana min, bisa daftar lagi gak untuk lain hari. MOHON BANTUANNYA. Terima Kasih",2,5,2021-08-24 14:56:53
c0f88a3e-7cfa-4208-95bb-888771ce2a06,Pengguna Google,Bagus membantu.,5,0,2021-08-24 14:20:06
fe705b0d-baaf-4949-8c81-2af658d27933,Pengguna Google,Untuk persoalan sepele memang statusnya cepat ditindak dan mungkin sudah tepat. Tapi untuk masalah yg terkait rambu2 jalan yg tidak ada/tidak informatif diselesaikan HANYA DENGAN SCREENSHOOT GOOGLE MAP dan keterangan tambahan rambu sudah sesuai. Ini JAUH BERBEDA DARI POKOK PERMASALAHAN. Mungkin banyak lagi masalah yg gak sesuai tapi sekedar di'selesaikan' sehingga laporan yg dibuat diaplikasi ini seperti tidak berguna,1,36,2021-08-24 13:36:35
ae030b81-4fac-4c86-92ec-6ff8b846d4b6,Pengguna Google,Kok g bsa unduh hasil pre screening ya..?,1,0,2021-08-24 11:50:24
4c4542be-61ba-46a5-9368-bc57076227a2,Pengguna Google,Mantap daftar vaksin super cepat ngg perlu antri lama lama dan ngga perlu antri dari subuh lagi buat daftar vaksin,5,0,2021-08-24 10:52:35
7ca03fee-1731-4c68-ba50-5b32d267c34c,Pengguna Google,"Saya uda vaksin pertama lewat jaki , tp status saya si aplikasi ini tetap bluw vaksin ,alias masih merah . Jdi ya setiap saya mau daftar vaksin kedua , dapatya valsin pertama. Itu karena statusya saya di aplikasi ini blow vaksin, Padahal di peduli lindungi saya uda ijo . Jdiya bigung",2,10,2021-08-24 10:47:42
dfac1b09-f607-4571-8921-6a40f3e540be,Pengguna Google,Knp di aplikasi ini tidak busa buat daftar vaksin kedua !! Udah dicoba brulang kali tetap tidak bisa dgn tulisan kuota sudah penuh pdhal daftar nya buat besok,1,1,2021-08-24 09:57:10
9b4fd4ea-87e3-4ffa-9fe1-a49c3b46378c,Pengguna Google,"Saya mau vaksin ke 2,dan udah dapat no tiket,tpi knapa nggak bisa masuk pdhal mau vaksin buat tgl 27 ini",1,1,2021-08-24 08:15:47
cebff37b-de92-4527-92b8-350a13261c7f,Pengguna Google,"Aplikasi apa sih ini, vaksin ke-2 kok gak bisa, udah dicari tiap wilayah selalu penuh koutanya, gak akurat👎",1,0,2021-08-24 06:30:10
8e9206f3-9d1e-44fd-a0e8-6d4290af3984,Pengguna Google,"Gimane nih, mase iye daftar vaksin ke 2 penuh mulu Jgn2 permaenan nih 😤",1,0,2021-08-24 05:21:09
e597e718-a3a9-49ba-acd8-0fd0d56cc003,Pengguna Google,Kenapa vaksinasi di wilaya saya selalu penuh terus kapan vaksinya saya kak kalo wilayah daerah rumah saya selalu penuh belum tentu di wilayah lain di terima kak,3,1,2021-08-24 04:10:33
ff63d5c3-41cc-4f49-9f69-bfd17df8fc9d,Pengguna Google,"Jaki sekarang jelek , bikin laporan dijalan biasa nya setelah foto selalu ada titik lokasi .. Skrg .. titik lokasi harus ditulis ... Sehingga tidak akurat .. Seperti saat ini diarea RS CIPTO dari gedung KENCANA SAMPAI LAMPU MERAH SALEMBA DEPAN McD macet parah oleh PARKIR LIAR dan MOBIL² TAXI serta BUS SEKOLAH BERPLAT KUNING parkir yg dimana ada rambu larangan .. serta percuma membangun jalur sepeda tapi tidak bisa digunakan , karena bamyak mya parkir LIAR .. gimana nih pak ANISE ..",2,1,2021-08-24 02:47:04
cfad5352-9fb7-4140-a1d9-81847d485bf1,Pengguna Google,Kenapa screening aku tidak bisa terunduh ya.harusnya ada tulisan untuk mengunduh.udh bolak balik coba g bisa2 pdhl jelas2 persyaratan untuk vaksin harus bawa print.nan screning,2,0,2021-08-23 23:57:04
ad65d432-b30f-4d50-aba7-6b1580e78024,Pengguna Google,"Mau dapet vaksin ke 2 aja susahnya minta ampun,coba daptar via aplikasi kaki suruh masukin nik, jawabannya nama anda tidak sesuai dengan nik... Padahal KTP saya pegang dan berulang kali saya cek nama dan nik gak ada yang salah,,, katanya wajib vaksin tapi di bikin ribet,,,,apa petugas yang gak mau ribet",1,11,2021-08-23 22:58:27
1466dceb-dc16-4a87-92b3-c56430016fe4,Pengguna Google,Aplikasi bagus dan sangat memuaskan. Tertera dengan jelas keterangan selesai vaksin pertama dan vaksin kedua. Sukses selalu JAKI... Terima kasih...,5,1,2021-08-23 18:49:51
2f407290-b226-48b5-98bb-cf3a42fc6d85,Pengguna Google,Mantap,5,0,2021-08-23 17:43:46
5e878d36-3300-4dd9-b629-8656510e6af1,Pengguna Google,Ok.like.,5,0,2021-08-23 16:48:33
84337abc-271a-4340-b6b4-20f5623a5ae0,Pengguna Google,Mantap,5,0,2021-08-23 14:17:35
49770b1d-cd1d-4df4-80b6-10ee0066d1f3,Pengguna Google,"Saya bsk mau vaksin ke 2 knapa tidak bisa msk ya dr kmrn, tolong ksh tau knapa ini ? Trus memang ga bs2 gmn ini apakah ada cara lain atau sy datang langsung aja ketempat pertama saya vaksin?? Tlng respon secepatnya... Tq",2,1,2021-08-23 13:08:27
c62e512a-15cf-40c9-a8fd-a12f7cfb3cc3,Pengguna Google,Mau daftar vaksin tidak bisa nik tidak terdaftar kok aplikasi kaya gini digunakan,1,0,2021-08-23 12:48:48
aa57e9c3-3fef-4025-a729-f235a05b1d45,Pengguna Google,Om,5,0,2021-08-23 10:36:34
4b7fba83-68b9-4dad-9d71-84e2aa007614,Pengguna Google,Bagus aplikasinya membantu,5,0,2021-08-23 08:05:12
f02821ec-8cac-4df3-a6a5-60a2d857434b,Pengguna Google,Ini aplikasi nga jelas dan aneh. Mau daftar vaksin ke 2 semua lokasi tidak ada kuota. Padahal sdh cek di kuota vaksin masih ada. Cari admin nya yg fungsi malah robot. Bingung..,1,2,2021-08-23 01:18:10
4e0c61f3-1144-4b6f-91d4-f7216dc7b6c7,Pengguna Google,"Untuk pendaftaran vaksin dosis 1 okelah, tapi giliran daftar ulang dosis 2 kenapa semua faskes dan sentra vaksin kuota penuh di seluruh wilayah DKI",1,1,2021-08-22 21:19:34
eb9c77f2-73fe-4a49-856e-c2273bc2f5c3,Pengguna Google,Emosi,5,0,2021-08-22 17:41:23
0b1ab844-9e5a-4440-992d-897ea0dab0e2,Pengguna Google,Mantap,5,0,2021-08-22 10:39:19
169b6737-fba2-419f-9461-ab9f62b105ee,Pengguna Google,"Gila lemot banget KOORDINASI nya, lapor tengah malam, di TL jam 15 orang maboknya dah pindah kesebelah laporannya bilang udah gak ada. Emang gak punya mata gak keliatan apa? Bikin laporan baru cuma proses KOORDINASI doang kerjaan ASAL BAPAK SENANG!!!",1,0,2021-08-22 08:40:56
87a152b2-311e-4577-bab6-e6debac8d8df,Pengguna Google,Mantul,4,0,2021-08-22 07:52:26
42c15f24-bb7a-4bfc-8b41-1f4a175a0016,Pengguna Google,Di aplikasi tidak bisa dan tidak ada tombol untuk mengunduh file hasil pre screening.... Tolong di perbaiki...... Solusinya gimana..... Syarat vaksin harus ada print pre screening ....,1,4,2021-08-22 01:37:45
f7ea3154-2ac0-45d5-ae40-e304a52fa6f5,Pengguna Google,"Saya mau tanya. di aplikasi Jaki tertulis Saya wajib membawa pre screening, tapi setelah menjawab pertanyaan pre screening, tidak muncul keterang unduh. Itu bagaimana ya?",4,1,2021-08-21 19:30:47
dc72dbf1-d7d9-41c2-bfce-0fec712392a4,Pengguna Google,"Aku mau daftar vaksin tapi kuota sudah penuh semua, bagaimana ya?",4,0,2021-08-21 09:13:38
868fc888-6d9a-45f0-9b9c-6ddaee6d40df,Pengguna Google,Mau daftar vaksin ke 2 susah banget,1,0,2021-08-20 20:55:09
b4436486-dcdb-4090-9eba-f28089ebe60d,Pengguna Google,Ok,5,0,2021-08-20 20:03:26
5355869e-109b-4398-814a-fdc20f7d4583,Pengguna Google,"Ga mau vaksin di paksa, gliran mau vaksin di persulit, di appnya harusnya ada pemberitahuan lokasi jangan asal pindah lokasi, giliran udah di datengin eh malah di persulit lagi, bner"" ga guna ngerjain orang doang",1,3,2021-08-20 10:30:37
035cd3fd-b349-4045-9402-43b9813cf081,Pengguna Google,"Ngaco bener deh, mau daftar vaksin d daerah jakbar yg daerahnya deket sm rumah, eh kuota penuh semua. Heran.",1,1,2021-08-19 23:45:43
7957e018-5e53-40e4-bac2-d5a48d2371df,Pengguna Google,"Halo, ini kenapa ya kok saya mau daftar ulang buat vaksinasi dosis kedua semuanya di bilang kuota penuh????? Lalu bagaimana cara agar dapat melakukan daftar ulang kembali di aplikasi JAKI supaya saya tepat waktu untuk mendapatkan vaksin dosis kedua saya?",3,9,2021-08-19 22:57:00
2453a89d-6d0f-442b-b991-c0e74a0415e6,Pengguna Google,"Cakep, dapet notifikasi berkaitan dengan Ibukota Jakarta, Coba di upgrade lagi, misalnya bisa dibuat widget seperti flipb**rd punya sams*ng. Atau widget macem Go*gle Ber*ta.",5,1,2021-08-19 20:57:24
482130a7-d72d-4660-add2-f41c1706e977,Pengguna Google,Mantap keren,5,0,2021-08-19 16:20:49
d4aabf9c-9b3c-4a4b-826f-05c8e022ff62,Pengguna Google,Susah masuk ke aplikasinya,1,0,2021-08-19 11:01:46
b5e02f60-3cb7-438e-bc41-2e54713dc7d6,Pengguna Google,"Ngga peduli lindungi, ga jaki, aplikasi gagal semua, database berantakan, kaya gini mau Indonesia bebas covid ? Systemnya benahin dulu",1,1,2021-08-18 20:46:46
caa58b11-720c-4433-a52f-2e7ab0693e8a,Pengguna Google,"Aplikasi gak guna banget, masa mau vaksin 2 tidak bisa daftar. Masa nik ktp salah katanya padahal baru cek 2 hari lalu lokasi vaksin 😡😡😡",1,1,2021-08-18 16:45:52
f0335d69-e6ff-48e3-abd1-e9f9f73b1511,Pengguna Google,"Di Jaki kata nya bisa bayar pajak motor secara online,tapi saya coba cuma bisa nge'cek nominal pajak nya doank ? Mohon penjelasan nya ????",1,1,2021-08-18 16:22:17
7b5f0779-389d-46a0-b9ba-3bb20972a38f,Pengguna Google,Suka eror ya aplikasinya,4,0,2021-08-18 15:49:49
dc31811f-4010-471e-b895-75c8fad74af7,Pengguna Google,Kadang bisa kadang gk bisa dibuka akun vaksin nya,5,0,2021-08-18 15:46:10
f9410c98-7f53-44a5-8698-a0b565b8c0c8,Pengguna Google,Ini kenapa saya kok mau daftar vaksin buat bapak saya nggak bisa ya...server sibuk terus. Udah saya update juga aplikasi nya :( saya butuh buat daftar vaksin :(,1,1,2021-08-18 13:08:40
029344d6-699f-41c5-8844-9850d51d0f92,Pengguna Google,"Mohon maaf, saya kan sudah vaksin pertama melalui aplikasi jaki, tetapi vaksin kedua sudah tertera tanggal tapi jam dan tempat vaksin kedua tidak muncul. Bagaimana saya mau vaksin kalau hanya tertera tanggalnya. Mohon dibenerkan pak/bu aplikasinya 🙏",1,14,2021-08-18 12:45:43
dc65dc5e-63fc-4c1e-90fc-a02685d94924,Pengguna Google,"Daftar vaksin langsung datang dan jangan lupa cetar presceening di fotokopi terdekat, selesai🤩",5,0,2021-08-18 12:23:11
ecd43b62-de51-455a-b455-26d1efa0ebe8,Pengguna Google,"Wah, urutan pertanyaan di daftar ulang vaksin sebaiknya dirubah. Masa saya belum ngisi kapan tanggal vaksin udah bilang penuh quotanya",2,1,2021-08-18 11:16:17
cf1536fc-14ce-470b-942d-877ed9eb3e4c,Pengguna Google,Kenapa saya mau daftar gagal terus ga bisa bisa mau vaksin ke 2 aja susah bgt,4,0,2021-08-18 10:40:32
4593728e-9a76-4b74-8aab-427e0ff795e7,Pengguna Google,"Aplikasi ga guna. Cuma nyampah doang. Daftar ulang vaksinasi anak ke-2 ga bisa, kuota penuh mulu. Padahal di lokasi, smu 31 jakarta cukup sepi, udh ambil no antrian, udh ngantri lama, tp ditolak krn petugas minta print registrasi jaki. Hey.. ini kan vaksin ke 2 tinggal ikuti data vaksin pertama.. ikuti jadwal ajah... kok ribet amat lu.. Jadinya harus cari2 lokasi vaksinasi tanpa aplikasi jaki.. Di Smu 22 jakarta aman, tanpa aplikasi. Nyampah doang nih aplikasi.. Sumpah 👎👎👎👎👎",1,25,2021-08-18 09:25:38
db0e99f5-4464-4e98-a1c1-67df4001293c,Pengguna Google,"Daftar Dosis kedua gimana kagak bisa2 ??? Kuota selalu penuh padahal di info PL masih ada kuota,, Dateng langsung malah diusir petugas katanya harus daftar jaki, apk dableg... Kalo bukan karna keter paksaan gua ogah",1,1,2021-08-17 21:09:34
4b182b78-e1f8-434f-ac1f-15e11e467198,Pengguna Google,Pasang App JAKI,5,0,2021-08-17 20:46:38
f1be2d6e-7a78-4ba7-b693-bd139a870c92,Pengguna Google,Ngelag,1,0,2021-08-17 20:37:59
4fb04f1c-c858-4031-9992-38a12c74796e,Pengguna Google,Semenjak di pembaruan ko mala ribet dh isi smua sesuai keterangan tetap aja ga bsa Trus sama GPS di bilang ga aktif aneh,1,0,2021-08-17 13:19:03
cc3beba6-d848-4e88-a5a8-245792bed9da,Pengguna Google,Dri kemaren mau daftar vaksin eror mulu masa tulisannya server sibuk mulu sampe skarang ga bisa2! Tlong dong solusinya,3,0,2021-08-17 09:50:05
69a8ab75-e5ab-440e-9332-a24e9c321865,Pengguna Google,kuota selalu penuh seharusnya di aplikasi ada data info kuota yg masih kosong secara real time,5,0,2021-08-17 06:04:08
4923c331-d8ab-4830-a8ec-87c253d0715a,Pengguna Google,Ok,5,0,2021-08-17 01:04:16
c2b2a9d6-da6b-403e-ad19-2fe8d420b40d,Pengguna Google,Daftar Vaksin sulit.,2,0,2021-08-16 21:58:38
32618d41-3919-4a6e-8b75-83df0525e7a3,Pengguna Google,Mantap,5,0,2021-08-16 19:13:23
6958ce7d-8925-480a-bfad-3ce6b7d1ae3d,Pengguna Google,Makin lama makin susah untuk masuk. Sudah ketik nama dan nomor NIK selalu salah server. Bingung jadinya. Gmn mau vaksin ke 2 klo gini terus?? Sedangkan kita wajib print screaning,1,2,2021-08-16 18:11:18
250e4d30-8884-4307-843d-213b11da304c,Pengguna Google,"tolong dong captcha di web vaksinnya diperbaiki, saya mau daftar untuk vaksin kedua malah jadi dipersulit",3,0,2021-08-16 16:40:12
e25be196-e0d1-492d-8357-f5f66a86d749,Pengguna Google,"Aplikasi zong, susah amatasuknya buat daftar ulang vaksin ke 2",1,0,2021-08-16 15:58:06
d599b926-b85f-4f88-931b-2b312cb0bf36,Pengguna Google,Lemot,1,1,2021-08-16 13:21:18
f69ff0ef-0800-4077-b75d-d1fd16d25ae5,Pengguna Google,Hallo saya mau masuk melihat jadwal vaksin kembali. tapi tidak bisa dibuka. Keterangannya server sedang bermasalah. Apakah saya haris menunggu lama untuk bisa buka kembali. Karna ada persyaratan yang harus difoto copy untuk bisa datang vaksin besok. Sedang aplikasi tidak bisa masuk. Mohon bantuannya yaa,3,15,2021-08-16 13:08:16
721dfe25-6e62-467d-9d9f-088028e73326,Pengguna Google,"cek vaksin error, sering terjadi kesalahan",1,0,2021-08-16 12:57:54
a9dea98b-ecf3-4bb2-ac02-1f34b79fa9e3,Pengguna Google,Bagus oke,5,0,2021-08-16 11:38:05
bb880ac8-73b5-457d-ba4f-c819cb2d96b0,Pengguna Google,Ini saya masukin nomer ktp mau cek vaksin kenapa muter doang,1,0,2021-08-16 11:01:50
7336d6a5-05dd-4696-93d8-44e9bacb3e72,Pengguna Google,"jelek bgt, lemot, katany lokasi tsb msh tersedia, pas mau dftr blg ny kuota penuh, gitu aj teruuuss",1,0,2021-08-16 10:07:59
ddd4a253-567a-4b06-8769-30f9047475a4,Pengguna Google,"Gak ngerti sama JAKI, mau vaksin ke-2 aja dipersulit. Gunanya apa aplikasi kalo semua faskes penuh semua. Gak banget lu jak",1,1,2021-08-16 07:51:31
671b6a41-c9a4-472c-9fff-8cd19aca6cda,Pengguna Google,Bgus a.bget aplikasinya,5,0,2021-08-16 07:21:28
a76082f8-902c-4434-a683-14c16276e1c6,Pengguna Google,ini kenapa aku mau daftar vaksin tahap 2 kuota sudah penuh semua :(,1,0,2021-08-16 06:41:31
9e83628e-04ba-4e8e-bb4c-fc43bb6abdbb,Pengguna Google,"mohon maaf jaki, ko untuk info jadwal vaksin di daerah jaktim dan jaktim ko , kuota penuh terus sih",4,0,2021-08-15 21:09:43
48ae3f71-f37f-4969-96ee-e46e8078f50e,Pengguna Google,Aplikasi tidak bisa dipakai untuk daftar,1,0,2021-08-15 20:51:19
7e551e72-e635-42ec-8c9d-1f7a0eb3c923,Pengguna Google,Tolong dong Ini di bentulkan Aplikasinyw Saya mau daftar Vaksin ke 2 selalu Gagal Jadi ini Gimana dong🤯🤯🤯,1,0,2021-08-15 19:56:03
5bc5b982-4a36-4966-9953-15b6112f44cc,Pengguna Google,ktp luar daerah susah vaksin yg kedua,2,0,2021-08-15 15:10:12
e53e1ab0-c997-4e8d-a43c-6cdc806731a3,Pengguna Google,"Aplikasi gak bagus, katanya jadwal vaksin ada dstu semua tp nyatanya pas cari lokasi vaksin 1 DKI gak nemu2 juga lokasinya😒",2,0,2021-08-15 13:46:27
51743264-f33c-4acd-8673-804fab248b90,Pengguna Google,"Percuma ada aplikasi haji di tengah masyarakat, setiap masyarakat buat laporan, tidak pernah di respon. Kalopun di respon dan ditindaklanjuti sangat lama sekali. Tidak seperti zamannya gubernur sebelumnya.",1,3,2021-08-15 10:36:13
e9f70f7b-694e-4af3-9421-900c28319025,Pengguna Google,Tolong di perjelas lagi cara daftar vaksin nya,1,0,2021-08-15 09:24:50
6fa33d2f-6a84-4c71-8b6f-912151e06264,Pengguna Google,Terus perbaiki,4,0,2021-08-15 07:04:14
90ba8be5-3cb5-4e48-a75b-13d4b08d2251,Pengguna Google,"Kenapa tidak bisa kirim laporan, diperbaharui bukannya makin lancar ini kok malah tidak bisa mengirimkan laporan/menyimpan! Tolong ditindak lanjuti.",1,2,2021-08-14 18:14:37
56df4a19-13b1-41fc-89af-e076ecf55d1c,Pengguna Google,Apkikasi ini sangat bermanfaan trimakasih dan sukses trus untuk jaki 🙏,5,1,2021-08-14 17:01:02
c4bf67c0-fabe-43fc-96e6-32415162d393,Pengguna Google,ga jelass,1,2,2021-08-14 16:07:42
51e37e86-16d5-462a-a756-2860039d3842,Pengguna Google,kuota mash tersedia tapi pas mau daftar vaksin kenapa tercantum sudah penuh. gmana mau daftar buat vaksin kedua,1,0,2021-08-14 10:51:25
938e5224-77a4-4a6c-b1f2-6dd1347b08b6,Pengguna Google,Alhamdulillah vaksin dosis 1 saya sudah berhasil ada sertifikat vaksin proses cepat dan juga daftar lewat aplikasi jaki mudah dan proses cepat yang penting nik KTP dan nomor telepon yg benar supaya proses cepat apabila ada keluhan pun cepat di tanggapi . Terima kasih aplikasi jaki pokok pertahankan kualitas aplikasi jaki . Is the best 👍👍,5,5,2021-08-14 07:27:56
dc5ffead-cbd4-4bf4-9a65-5870ef99342e,Pengguna Google,"untuk daftar vaksinasi ke-2 kenapa sangat sulit ya harus registrasi ulang,padahal waktu faksin pertama sudah dihimbau oleh petugas untuk vaksin ke-2 langsung datang di jam dan tempat yg sam,namun sekarang malah dipersulit ,seluruh wilayah kuota sudah penuh ,padahal diawal saya sudah percaya dengan JAKI ,jadi menyesal saya melakukan vaksinasi melalui JAKI, jika begini bagaimana nasib kita yg belum di vaksin ke-2 ?",1,32,2021-08-13 23:18:31
ac6ddb44-c441-4ceb-97ce-055e278c5076,Pengguna Google,"Nik anak sy salah seharusnya 32** jadi 33**, pas mau cek sertifikat jadi salah ,hrs pake yg 33**,gimana mau koreksinya ya,terima kasih,buat aplikasi jaki sangat membantu",5,3,2021-08-13 20:28:12
61e09eaa-bae7-44e9-b6a7-a1f1768311d2,Pengguna Google,Kenapa hasil vaksin yg ke dua gk bisa di lihat hasil nya..,1,0,2021-08-13 17:50:17
eb924fd1-98d3-4eae-80bc-c98b62006dc4,Pengguna Google,Mantap,5,0,2021-08-13 15:48:42
f4ac7513-ecd5-4224-83c5-fd8dd3ffc72a,Pengguna Google,Ok punya 👍,5,1,2021-08-13 14:38:57
4dfbd36a-6255-4fbd-abb9-e84d08849e31,Pengguna Google,Aplikasi abal abal susah di buka,1,1,2021-08-13 14:16:43
7e7b339a-aca2-4f8f-bc0e-173dbd2baa25,Pengguna Google,"Hai kak, saya mau daftar online di aplikasi jaki, setelah masukan nama dan nik, sudah klik periksa, tetapi selalu tulisannya terjadi kesalahan mohon login kembali, itu kenapa ya min ?",1,2,2021-08-13 13:51:22
b888e74e-536b-4f90-aede-f78e1f2195b0,Pengguna Google,Dear All tolong kondisikan aplikasinya ya. Lain kali jangan jadi aplikasi burik gajelas gaguna. Ini daftar faksin aja gagal terus. Kesalahan di aplikasi. Saya sudah daftar dan ingin download Pdf presceaning nya gabisa. Tolong jum'at 13 Agustus 2021,1,8,2021-08-13 13:42:52
6a66fa82-2d9b-4c58-84ee-46176c2bf291,Pengguna Google,Aplikasi abal abal mau masuk aja susah,1,0,2021-08-13 13:24:21
8af10a13-ca78-466b-8d51-0b756e86f941,Pengguna Google,"Ga jelas nih app ,ud coba ber xx daftar vaksin susah nya kebangetan ,gagal 2 terus di suruh login kembali udh coba sama aja ga ada perubahan ,begitu masuk semua kuota di kec yg d pilih habis,ganti lgi ke yg lain sama aja, dri jkt barat ke pusat g ada yg tersedia",1,9,2021-08-13 12:58:57
fbe0a0bc-c63a-4fd1-8350-e4c2f369720f,Pengguna Google,"Sulit sekali mau daftar vaksin. Mau login saja loadingnya lama lalu muncul error ""terjadi kesalahan, mohon login kembali"". Terussss aja gtu error dari jam 9 pagi sampai jam 1 siang. Ada cara yg lebih mudah ga yah, buat daftar vaksin online????",1,4,2021-08-13 12:51:22
71fa3bca-4d73-490c-9207-a293f228144a,Pengguna Google,"Saya kira lewat Aplikasi JAKI lebih cepat penanganannya, ternyata sama saja seperti biasa....., Payah dah",1,1,2021-08-13 11:23:29
0f1dad22-5bfe-43e0-b6f4-1e9ab0994da0,Pengguna Google,Aplikasi bobrok selalu ga bisa buat dftr vaksin ke 2.,1,0,2021-08-13 10:59:50
6d9b69f9-5086-4551-b365-6c56bea314c3,Pengguna Google,Sangat tidak berguna,1,1,2021-08-13 10:55:09
69b3259f-a820-4bf8-b12d-222ec7f5c5b2,Pengguna Google,Tolong berikan saya informasi alamat kantor Pusat JAKI dan Kontak yang dapat dihubungi terima kasih,1,0,2021-08-13 09:20:03
725ac66e-e8a8-4452-b1db-0ae453189c76,Pengguna Google,Kouta vaksin masih ada pas di daftar udh penuh kocakk kocakk,1,1,2021-08-13 09:07:55
86511d5b-a20a-4867-b8a2-d649842644e6,Pengguna Google,"Percuma bikin aplikasi tapi pas vaksin di persulit, saya mau daftat vaksin kedua suruh daftar lewat jaki, tapi pas mau daftar lewat jaki kuota penuh semua. kirain di kecamatan itu doang yang penuh ternyata saya coba2 di tempat lain sama aja penuh. seharian nge datengin tempat vaksinasi 3x suruh pindah2 tempat ngga ada yang di terima. ga usah nyuruh vaksin kalo mau vaksin aja di persulit. tolong kalau bikin apk yang jelas. apk cuma bikin susah",1,3,2021-08-13 07:44:54
6c254f61-2082-4c03-be64-ed79b0e25ac0,Pengguna Google,Gak bisa buat laporan,3,0,2021-08-13 05:31:40
cc783663-5468-4bf7-8a24-08c1ba5c468e,Pengguna Google,"Udah vaksin pertama, trus udh dijadwalin buat vaksin kedua lewat sms, pas ke tempat disuruh daftar lg, pas daftar gabisa, kuota penuh, nyuruh vaksin gembar gembor sana sini, ehhh pas mau vaksin begini, coba sistem nya lebih dirapihin lagi, klo udh vaksin pertama tolong diarahin buat vaksin selanjutnya jangan didiemin doang, udh chat CS nya malah ga dibales bales padahal online, sial aku dighosting.",1,5,2021-08-12 23:36:30
405ea79e-0115-462f-88d8-77cb37a8b2fe,Pengguna Google,nggak ada bagus2nya.. bisa nggak sih bikin aplikasi,1,0,2021-08-12 20:19:17
9c84fc63-8a2c-493b-b5a3-a91fc09253f2,Pengguna Google,"Loh aplikasi aoa ini, kenapa saya dapat keterangan belum divaksin? padahal jelas jelas saya sudah divaksin 2 kali... tolong DONG diperbaiki",1,0,2021-08-12 18:32:11
4b763441-687e-479e-9203-ef209e022962,Pengguna Google,"tidak bisa daftar vasin covid,terjadi kesalahan terus",1,0,2021-08-12 16:27:55
0416e382-be25-4073-85e6-bc8f8fd9d296,Pengguna Google,Ini jaki lg error ya ga bisa daftar vaksin tolong di perbaiki,3,0,2021-08-12 15:16:05
c157b947-8e7a-465a-96dd-0799d98b5e78,Pengguna Google,Sangat bagus,4,0,2021-08-12 14:34:32
a0e125dc-eadb-46d5-af24-9dea10bc5ce4,Pengguna Google,Luar biasa,5,0,2021-08-12 14:20:18
05f2e990-1ab3-44ba-9f75-85a4e4e246f0,Pengguna Google,"Ga kepake. Jadinya buang buang waktu, udh daftar online, udh setting wktu dan tanggal, pas sampai tkp kuota habis lhaa gimana ceritanya bukannya mempermudah malah mempermainkan",1,3,2021-08-12 13:59:25
2869d2af-8b79-4acf-8e59-560678fb2bbf,Pengguna Google,"izin bertanya sudah daftar vaksin online melalui jaki tetapi ke hapus data nya,apakah masih bisa mengikuti vaksin terima kasih",5,0,2021-08-12 13:36:21
cf7a1f1c-5805-4f5d-9b89-ae7ea636b76f,Pengguna Google,"Kenapa ini ya gabisa bisa daftar, sebelumnya lancar aja daftar, tolong perbaiki segera.",3,3,2021-08-12 12:59:24
ceb0fe67-4578-4c4c-a4e1-c5a10247f76a,Pengguna Google,"kalo bikin aplikasi, servernya digedein dong. mikir.",1,0,2021-08-12 12:23:25
3a7f71d2-d038-485a-b30c-42db3690c1c4,Pengguna Google,antrian vaksin lewat jaki gak berlaku/ditolak petugas di kec. cilincing...uninstal,1,0,2021-08-12 12:02:40
461a1d35-f9e7-412a-8575-43c064a1293e,Pengguna Google,Aplikasi buruk. Gk bisa singkron,1,0,2021-08-12 11:48:12
07299aa3-a30e-4890-8b4b-e406b5cf1986,Pengguna Google,"Saran jangan banyak² notifnya cukup 1x/hari,, notifikasi untuk informasi penting saja/pengingat,, kalau mau memberikan informasi harian/up-to-date dibikin aja fitur widget buat monitor info² harian sprti kasus jumlah orang yg sudah divaksin/dll..",4,0,2021-08-12 11:24:00
f5ceab26-38f8-45e1-9a9e-654d9d8161ef,Pengguna Google,Top👍👍👍,5,0,2021-08-12 10:55:30
f424fc43-25b5-449e-b9f0-5316edc705c4,Pengguna Google,Mantaf... Dah,5,0,2021-08-12 10:10:53
58e862a7-5f03-4e12-a1e0-882ef3dc5dee,Pengguna Google,"Saya daftar vaksin ke 2 di jl.pesanggrahan indah no.1 RT11,Rw.5..pas datang kuota habis...pdahal bisa pas daftar..tolong lebih jelas lagi donk",1,0,2021-08-12 09:24:56
f10849ad-b0e9-48df-aa02-01156a218368,Pengguna Google,"Untuk survei, ketika ganti akun lain harus instal ulang dulu. Nama akun di profil dan nama saat survei berbeda saat kita masuk di akun yang kedua. Nama akun saat survei tidak berubah, masih akun yg pertama kali login. Mohon diperbaiki. Setelah update, keluar2 sendiri",1,3,2021-08-12 08:21:49
45843276-1247-4711-b526-d18c75d0c2e2,Pengguna Google,"Sering error, sudah menanyakan ke cs jaki tapi gaada respon.",1,0,2021-08-12 07:35:40
76d062af-2e2e-46fe-9b2d-0a5e3fc859dc,Pengguna Google,"Hai ka,. Kenapa di setiap saya mau daftar vaksinasi kuotanya penuh semuaa. Apa emng jakinya yang gangguan atau emng bneran udah penuh,.....",2,2,2021-08-12 07:26:01
9a426c19-9c45-4a14-b146-a08c27560494,Pengguna Google,God jobs,5,0,2021-08-12 07:24:33
77786846-d78d-40c7-b2a6-0fd441f93ef5,Pengguna Google,Mau daftar ulang vaksin kedua kuotanya penuh mulu... Beda klo daftar langsung ke rsud cuma skrng rsud dialihkan ke jaki😭😭😭,1,0,2021-08-12 07:18:11
7ff7d6af-a6b2-470c-9cbe-d2c712f1c7c8,Pengguna Google,Sudah vaksin dosis ke 2 sampai sekarang belum dapat sartepikat nya,2,0,2021-08-12 03:57:51
013077ad-abde-4b00-9171-07818c5fca2d,Pengguna Google,Mau dftr vaksin kedua aja kayanya susah banget. Jumlah kuota yg di apk nya tidak memungkinkan. Emang harus walk in biar dapet kuota. Bukan kah tujuan daftar online agar tidak terjadi krumunan. Kenapa jumlah kuota yg ada di apk nya terlalu sdkit. Hingga susah diakses. Mau stay jm 2 mlem pun ttp bacaan nya kuota habis. Lalu ready nya kapan?. Apa memang diharuskan untuk berkrumunan dengan mencari kuota vaksin yg walk in?,1,6,2021-08-11 14:36:48
fc5adbfd-b341-47b4-a0c3-774bd2abedd3,Pengguna Google,"CS JAKI apa ya? Nanya di CS apk nya ""Halo Java siap membantu"" tapi lama banget jawabnya.",2,1,2021-08-11 14:15:20
adc6596b-664d-43ea-b9c6-808815cd71df,Pengguna Google,spt biasa. ga ada yg beres kalo ada aplikasi pemerintah. mgkn smp nyaris kiamat br lancar,1,0,2021-08-11 11:52:22
5db1e254-a4f5-4802-b76f-3f76fd903b02,Pengguna Google,Siiip,5,0,2021-08-10 22:43:02
2b5651bd-8f6c-423c-b3cd-b9022e2eda93,Pengguna Google,Kenapa gak sinkron si liat daftar list kuota masih banyak pas pilih kecamatan sama kelurahan malah kuota habis kocak,2,0,2021-08-10 21:10:17
68de8fff-7170-41b0-9393-e4dc0b96cd5e,Pengguna Google,Gabisa daftar vaksin..,1,0,2021-08-10 15:36:45
0dc6e27e-1883-4a03-859e-d61316e48783,Pengguna Google,Ga sinkron dengan lapangan. Padahal udah daftar. Sekali ketempat vaksin kuota habis. Percuma daftar disini... Bikin orang pulang pergi aja.,1,1,2021-08-10 14:51:45
55edb785-d37b-444c-bbc6-7465ec1bb7b1,Pengguna Google,reCaptha nya ganggu sumpah. Internet saya baik baik aja. Login nya lama banget si loading terus heh. Ini saya pengen vaksin dosis 2. Kmrn enak enak aja. Kok skrng abis diperbarui malah begini si. Tolong dong,1,1,2021-08-10 13:24:32
ae0cf2fd-4739-44dd-b807-0636e6748e30,Pengguna Google,"Ini kenapa ga bisa login ya...udah di coba berkali2,",3,0,2021-08-10 12:58:56
6ddb1247-9d7f-4bbd-80bf-0613fecfd71e,Pengguna Google,Bagus dan memudahkan warga DKI pada saat pandemi covid 19 untuk berbagai urusan dgn Pemprov DKI.,5,0,2021-08-10 11:34:22
9771bd29-b25d-4857-817a-af9cd4d5a328,Pengguna Google,Sangat sangat membantu.,5,0,2021-08-10 09:57:19
22a52d26-9d2c-43a6-867a-e8756a1adbd5,Pengguna Google,Ajib,5,0,2021-08-10 08:23:02
a7c60eab-4073-49a8-8b94-645410438a9a,Pengguna Google,"Terimakasih kasih Jaki, Saya dan keluarga sangat terbantu dengan aplikasi ini. Pelayanan pencarian vaksin sangat mudah, akurat dan tersusun dengan rapih terencana. Good design and best target for user. Matursuwunn Jaki...",5,8,2021-08-10 08:14:20
1858b0f0-63aa-4e1b-9d61-f3414138e7cb,Pengguna Google,Kenapa sekarang jadi susah untuk melapor ya? Pembuatan laporannya ga sesimpel setengah tahun lalu. PAYAH !!!,1,2,2021-08-10 00:43:03
3aa379f9-18cd-4908-9d03-70fad10a996a,Pengguna Google,Udah bikin laporan tp ga ada tindakan 😑 ini tempat lapor apa tempat curhat,1,0,2021-08-09 23:53:57
48c3fb97-df29-4815-ba6e-97a955c39095,Pengguna Google,"Recaptcha nya bikin saya kesal, fungsi ""ingat saya"" gak ada gunanya, setiap mau liat status vaksin tetap input ulang lagi nik dan namanya.",1,0,2021-08-09 21:27:51
ca1c8928-0f51-4bde-9dfa-24c6a5239d9c,Pengguna Google,"Gak jd instal, review nya jelek2",1,0,2021-08-09 19:34:00
5f07e34e-58b7-4fd1-8c40-02095a452733,Pengguna Google,"Maaf mau nanya, cara menghapus akun gimana ya?",2,0,2021-08-09 18:30:18
a096adb8-2aa4-4d99-ad04-c68fd2d95286,Pengguna Google,"Hi jaki..mau tanya jadwal vaksin ke 2 saya tidak sesuai di kartu vaksin yg diberikan petugas tgl 10/08/2021, sedangkan di aplikasi jaki tgl 12/08/2021, jadi saya harus mengikutin yg mana..? Kan bingung jadinya..",4,5,2021-08-09 17:20:15
becec27e-578e-426e-83c5-40df0ec2d241,Pengguna Google,Aplikasinya keren daftar langsung di dahuliin ga pake lama antrian lagi,5,0,2021-08-09 16:56:18
86cc4900-0cc2-4ad2-a3dd-f84b88d231a2,Pengguna Google,saya udah vaksin tapi di aplikasi jaki belom vaksin . apa ga ngaruh ya?,1,0,2021-08-09 14:56:01
131f339e-515a-43c5-b764-6cac21446a88,Pengguna Google,"Maaf min, saya mau kasih masukan. Kalau misalnya kita sudah daftar vaksin, terus tidak jadi datang karena ada halangan penting, bisakah data kita di reset agar kita bisa daftar ulang online kembali???. Saya daftar untuk vaksin jumat lalu, tapi saya berhalangan tidak bisa hadir, saya mau daftar ulang tp tidak bisa karena saat saya login malah keluar data saya dengan status 'SIAP DI VAKSIN' dengan jadwal yang sudah lewat. Tolong diperbaiki. Terimakasih.🙏",2,25,2021-08-09 12:28:07
f835dd4a-2ab3-4829-91b9-3d4e92b47d72,Pengguna Google,"Saya sudah daftar dan melakukan vaksin yg ke 2 , tapi status di jaki belum vaksin ke 2 dan sertifikat vaksin ke 2 pun gk ada, sedangkan teman saya yg datang hari itu jg sudah dapat sertifikat. Gimana itu min",1,3,2021-08-09 12:06:40
a53665f3-e862-4482-9c68-d01d85cfe20e,Pengguna Google,"Daftar di Jaki terus ke puskesmas Cengkareng sesuai jamnya, ehhh .... Gak pake ngantri, langsung ke nakes buat tensi. Ada arahan dari petugas khusus Jaki KTP Bekasi, domisili Subang, hebat EUY. Cus tgl 10 08 2021 jam 09.16 dapet dosis ke-2",5,11,2021-08-09 10:11:24
62edb56c-1cd9-42ff-a069-34d6ff2acf29,Pengguna Google,"Tolong dong jaki, beri pelayanan yang baik. Kami sudah divaksin sertifikat nya susah minta ampun. Harusnya disertakan call center jaki. Biar komunikasi gak susah",3,0,2021-08-09 09:31:12
15f62d30-9eca-48b3-835c-3a66ebecc63a,Pengguna Google,"Wowww di aplikasi vaksin sinovac tp pas dateng Astrea, thanks alot yaw",1,0,2021-08-09 08:33:03
56328964-3d3f-4051-a09d-b6534eed423d,Pengguna Google,Ini aplikasi jaki buat apaan kita bertanya di aplikasi tapi gak pernah di bales cuma on doang payah.kita mau tanya itu soalnya banyak sekali kecurangan tapi payah sekali aplikasi ini,1,1,2021-08-08 20:39:57
327a2910-3c7f-45d3-a128-1a8b9ae08b77,Pengguna Google,"saya mau vaksin kedua....tp ternyata ga ada di GBK...padahal vaksin-1 disini, muter2 disekitar situ...ga bisa juga....dan sertifikat vaksin-1 belum diinput,sehingga tdk bisa didownload!! saya kecewa bgt...!! tolong perhatikan",1,10,2021-08-08 20:03:37
041f7138-f1c4-47ae-967f-ddf961dead43,Pengguna Google,aplikasi ga jelass najis mau daftar vaksin ga bisa najisss,1,0,2021-08-08 16:08:59
1fc6be78-4d07-4cd5-85e3-cfa1ed4c2ed4,Pengguna Google,"Kalau kartu vaksin yg pertama hilang gmana ya solusinya,mohon bantuannya,soalnya saya tangal 13 Agustus ini mau vaksin ke 2 Terimakasih",5,1,2021-08-08 13:50:08
bf695405-120d-4246-aba9-7f4267ff6d6e,Pengguna Google,Huhu,5,0,2021-08-08 12:31:25
f1a619f1-34a1-4d2c-a06e-76c8571716bb,Pengguna Google,"Jauh2 Dr priok, mau vaksin ke 2 d GBK, ribuan orang tdk dapat penjelasan, Ga ad vaksinasi aplikasi JAKI, gimana sih? Paling tidak kami diberi notif",1,0,2021-08-08 11:45:56
382be172-f4c0-411c-8d84-8a6dd5074b24,Pengguna Google,Semoga bisa sukses ingin buat strp,5,0,2021-08-08 10:54:31
9d1c7b95-384a-4d2b-b58e-c5d4f8659a81,Pengguna Google,"Di prank jadwal vaksin ke 2 di GBK. Aplikasi bangsaat, vaksin pertama jg gak dpt sertifikat. Anjiiink gue di suntik doang",1,0,2021-08-08 09:35:17
61030651-d310-493a-9c36-8ce63c752094,Pengguna Google,Sangat membantu sekali.,5,0,2021-08-08 08:20:37
cce515d8-181f-41fc-a730-3d0ca19b9f70,Pengguna Google,informatif,5,0,2021-08-07 21:28:14
6df14f97-d238-4ab5-9899-ed51f9e9d3ad,Pengguna Google,Aplikasi pembodohan publick dan tertolol! Knp musti pakai robot verifikasi segala. Sdh diikutipun ttp saja tdk bisa!👎,1,1,2021-08-07 15:28:09
0d52ee33-b5f1-49d0-9db4-57a120611f9a,Pengguna Google,"Menurut saya dalam sistem pemberian vaksin alangkah baiknya dibuatkan no antrian sesuai jumlah vaksin yg ada, agar petugas ke amanan tdk pusing memikih siapa yg lebih dulu antri, banyak kejadian orang yg udah antri lama tapi tersalip atau yang baru datang sudah dipanggil terlebih dahulu.",1,9,2021-08-07 13:23:35
2b6f6370-c7cc-4a31-bd17-8760cd68b769,Pengguna Google,Untuk ktp luar Jakarta apakah bisa daftar vaksin lewat jaki,5,0,2021-08-07 12:41:43
02aae653-5dc2-4bde-8300-f98145f25fd0,Pengguna Google,Iyaaa cakep udh,5,0,2021-08-07 11:33:09
583d0fdd-5854-4f1a-8efb-d1095de54145,Pengguna Google,Ini gak bisa bayar pajak kendaraan online kah? Cuma bisa lihat tapi gak bisa dapet kode bayar,2,0,2021-08-07 10:36:32
7dad4b30-c953-4cf0-a2af-9e840030004a,Pengguna Google,"Admin,kenapa saya daftar Jawabannya Maaf Nama anda tidak sesuai dengan NIK yang terdaftar,padahal sy sudah cek update ke kemendagri Nama dan NIK saya sama.Jadi gimana solusinya? Terima kasih",3,2,2021-08-07 10:24:18
b1709fe0-9b04-4cce-8177-8153792bd902,Pengguna Google,Bagus,5,0,2021-08-07 09:28:40
3f96be52-30b0-404c-ae6d-535ff531bde8,Pengguna Google,Klw non dki ktp gmn.?,5,0,2021-08-07 08:26:44
54c2dd30-32ea-4695-bf11-3a63211549b8,Pengguna Google,Semoga membantu,5,0,2021-08-07 08:17:22
7878ae60-c81f-4403-8c2e-8d3613fd253f,Pengguna Google,Min kok saya GK bisa cek sertifikasi nya sih!,2,0,2021-08-07 06:44:36
0b70f503-3b1c-483a-a8d9-30fda98174e2,Pengguna Google,saya sudah divaksin dosis pertama belum ada sms sertifikat vaksinasi.. pas masuk jaki kok malah belum divaksinasi.. APA APAAN INI !!!,1,2,2021-08-06 21:22:40
9937dd3b-0251-4646-8c9c-20c6b2fd738a,Pengguna Google,"Terimakasih banyak untuk JAKI berkat jaki saya sudah bisa vaksin dosis 2 pdhal vaksin dosis 1 saya di daerah,coba2 daftar di jakarta Alhamdulillah bisa.",5,0,2021-08-06 18:44:28
899397f0-c758-4ae9-bbff-13a6824a2109,Pengguna Google,"Mohon untuk Mengecek Seluruh Laporan Aduan Saya Karena, berkat Dengan Hak Asasi Manusia' dan bagi Pemerintah Pusat dapat Merusak Citra Kinerja Daerah, jika terus Menerus dilakukan Pembiaran. Saya butuh kontak yang dapat dipertanggung jawabkan untuk langsung mengadukan aduan ketingkat yang lebih tinggi. terima kasih.",1,0,2021-08-06 16:20:04
1b21aa71-99ba-4076-b6e4-e74ee78fb86c,Pengguna Google,ok,5,0,2021-08-06 16:13:59
f66f97fe-4b71-4f87-a62d-2513a14d385c,Pengguna Google,Aplikasi paling top,5,0,2021-08-06 15:43:27
404e2d0c-436a-4d18-9ef5-f48deb4464d9,Pengguna Google,Sudah vaksin jam 10 dan kemudian di cek ulang jam 15 status vaksin blm di vaksin. Di cek status serifikat vaksin hasil tidak di temukan. Aneh,1,1,2021-08-06 14:58:20
69daf6aa-a0c2-4053-a5e8-8adb091ba765,Pengguna Google,okeh,5,0,2021-08-06 14:37:56
2a8ae951-78cd-4cde-a08e-bb11396127fc,Pengguna Google,"halo min tolong jawab dong, saya pengen vaksin yang kedua tapi harus beda tempat, apakah harus daftar lagi lewat jaki?",3,2,2021-08-06 11:33:15
0063d839-fc94-4f1b-a646-13d2d56bd77d,Pengguna Google,Gimana ni aplikasi saya sudah vaksin pertama masa di bilang belum di vaksin parah udah unistal aja aplikasi jaki ga berguna penuh penuhin RAM hp aja,1,0,2021-08-06 11:07:46
68a7067e-9d66-4b4c-983a-4ba6ef1cf60d,Pengguna Google,Kurang Membantu sedikit dan kenapa harus pakai akun email segala,1,0,2021-08-06 08:05:48
98f85678-a528-4ba3-972e-d80981992a7f,Pengguna Google,"Saya sebagai masyarakat pengguna setia JAKI kecewa terhadap peraturan untuk membuat laporan aduan permasalahan yang terjadi, dimana sekarang mau membuat laporan aduan harus minimal 50 karekter permasalahan dan harus pakai nama jalan / lokasi (minimal 50 karakter). Padahal laporan aduan masyarakat itu berbeda - beda, ada yang singkat dan juga ada yang panjang. Contoh : Laporan Sampah, Parkir Liar, dll. Harusnya laporan aduan dari masyarakat itu jangan pakai peryaratan yang bertele - tele !!!",1,20,2021-08-05 23:40:24
1f2c1dbc-fe7b-426d-9d45-40d1a841f0b8,Pengguna Google,"Eror mlu Mau dftar gk bisaa,sdh sy msukin nik dan nma lngkap mlah gk bsaa..",3,0,2021-08-05 22:14:42
bc7350c1-056a-4088-87c8-fc56113f8aa6,Pengguna Google,Sya suka ama ini,5,0,2021-08-05 21:18:05
7ff4ac09-daea-4509-9d67-f644969ab54c,Pengguna Google,"Payah... payah... payaaahhhh.... Sudah daftar, sudah login, sudah input nik & no hp.. sudah keluar sertifikat vaksin nya.. tapi begitu mau di lihat gak ada menu untuk itu.. Masa harus input data² lagi... hadehh",1,5,2021-08-05 21:04:06
8e606765-52bf-43f1-99e6-e0bfc6515018,Pengguna Google,"Min apk JAKI knp jadi ada sistem saya bukan robot yah min? Setiap mau perika data pasti wajib cek saya bukan robot,kalo sekali 2 kali langsung sukses gpp min,ini sampe berkali-kali tapi kadang gagal kadang bisa min,mohon penjelasannya knp jaki jadi ada seperti itu jadi menyusah kan min jadi nya kalo orang yang sedang buru""",2,9,2021-08-05 20:36:47
a461e5cf-b38f-46b5-b295-12dbb185b8d4,Pengguna Google,"Maaf tiba-tiba akun saya logout sendiri, dulu registrasi lewat no hp dan sudah vaksin. Sekarang malah tidak tersedia login lewat no hp. Dan besok jadwal saya VAKSIN.",1,2,2021-08-05 20:09:42
381b0bee-54a0-41e3-acc6-023c1d65e441,Pengguna Google,Aneh..ga bisa liat sertifikatnya..ga bs cetak..tp ada keterngn udh.vaksin..bingung.bgt,1,0,2021-08-05 12:24:44
ff957072-6a78-49e9-8de1-552fa9cc5d96,Pengguna Google,"Min tolong saya udh vaksin pertama tp blm dpt sertivikat , vaksin keduanya nnti tanggal 8. Tolongin kek masa udh di suntik ga dpt vaksin . . Saya ada buktinya nih.",2,1,2021-08-05 08:14:54
79ce44bc-8a0a-4ec1-a4d1-86045c7f49a9,Pengguna Google,Sangat membantu saya saat mau mendaftar utk vaksin jd pelayanan lebih cepat,5,0,2021-08-05 07:55:53
12c87c59-d193-4dfb-a426-fa722d2e169d,Pengguna Google,Sya sudah divaksin lengkp 1 dan 2 sya cek diaplikasi ini statusnya belum divaksin (merah) gimana ini min harusnya sudah ngelink kan,3,0,2021-08-05 06:08:38
e8b3fe9d-7381-41b0-a70b-e42f59782241,Pengguna Google,Sudah vaksin sejak 17 juli 2021 tapi per tanggal 4 agustus 2021 tetap saja statusnya siap di vaksin.....boro2 mau nerima sertifikat dapat sms saja tidak..hadehhh....birokasinya ga nyambung ofline sama online nya,1,0,2021-08-05 00:07:41
753f38df-2e72-4a14-945b-a1d234917a38,Pengguna Google,membantu,5,0,2021-08-04 21:18:31
5f422375-4057-49a7-9245-c0719356fdde,Pengguna Google,"Yg komentar jelek menurutku ngga smart pakai aplikasi, soal Pelayanan puskesmas yg krg baik tdk ada hubungannya sma aplikasi. Aplikasi dibuat untuk memudahkan database agr pelaksanaan vaksin makin optimal, namun banyak puskesmas bahkan SDMnya kurang baik itu urusan Pemda setempat, bukan pemprof. Ini kondisi wabah, kondisi yg luarbiasa, sudah dg cepat mengantisipasi dg cara digital saja itu sgt bagus, gmna kalau kalian tggal di luar DKI, mau marah2 ke LURAH ? KABUR AJA KALIAN DARI JKT! EDEBAH!!",5,35,2021-08-04 20:51:51
22280776-7746-49ac-835f-135c8a82501d,Pengguna Google,",ft y",1,0,2021-08-04 20:30:29
1e9d988f-ad88-4b3b-b3a6-67a6f7c88d63,Pengguna Google,apa2an . nik saya tidak terdaftar di aplikasi jaki. padahal di peduli lindungi saya sudah dapat sertifikat. saya komplen ke IG juga ga ditanggapi. payah !,1,0,2021-08-04 19:33:06
f899fc5d-a177-41c1-800d-902a82a1503f,Pengguna Google,"Ini kok saya sudah vaksinasi dari tanggal 28/07/2021 di Mall City Plaza Jatinegara, tapi sertifikat vaksin belum tersedia. Bagaimana ini saya butuh sertifikat vaksin tsb",1,0,2021-08-04 19:28:52
9903861d-5fd9-45aa-84fb-cd9ea9542fba,Pengguna Google,Mudah mudahan bermafaat,5,0,2021-08-04 13:49:53
3efc29a6-cdbb-4255-b265-913b233d7892,Pengguna Google,Simple apknya bagus kemarin daftar hari berikut langsung vaksin. Pertahankan kualitasnya dan tingkatkan terus min biar masyarakat lebih mudah akses via JAKI untuk masalah vaksinasi👍👍👍👍👍,5,2,2021-08-04 12:54:35
fa90e889-e084-4849-ba31-904f35802c4a,Pengguna Google,gak fungsi daftar vaksin jam brp tetep aja ngantri ga guna,1,0,2021-08-04 12:16:51
91b78bdc-9eb1-464c-b2ef-72a3f41dc594,Pengguna Google,Abis vaksin pertama di tanggal 30 Juli kok belum dapat sertifikat nya ya?... Aku cek nik di aplikasi jaki aku malah anda belum di vaksin aku daftar vaksin di aplikasi jaki 😌,2,2,2021-08-04 11:17:54
d1102126-004e-4e69-b00d-afd958ad0fbd,Pengguna Google,Mau vaksin aja ribet,1,0,2021-08-04 09:06:57
f15e313c-31b6-437c-b6d9-f882e1c10db3,Pengguna Google,Teguh.Haruliyanto,5,0,2021-08-04 09:03:47
ae54182d-c5c0-4a94-9e14-7f4dfabfc595,Pengguna Google,Gk sesuai pas di lokasi.,1,0,2021-08-04 08:20:48
0822c848-76a2-4a5c-b8a6-03e98f632210,Pengguna Google,Mantap,5,0,2021-08-04 07:22:42
284e4ac5-f45f-4ec1-a208-265adcc33980,Pengguna Google,"Aplikasi nya masih kurang updet, krn saya sudah di vaksin ke 1, saya coba cek tgl vaksin ke 2 ternyata saya blm di vaksin, masa ia harus 3x saya di vaksin heeheehee",3,1,2021-08-04 05:40:43
698111b2-559f-4091-9e77-dd0e681c621f,Pengguna Google,Semoga besok terealisasikan Kalo ga sinkron liatin aja,5,0,2021-08-03 19:37:48
eead5c77-e315-44f3-8bf5-56aa95ac703a,Pengguna Google,"Mau liat sertifikat vaksin kedua pas di cek keterangan malah belum di vaksin😝,, kasih bintang kecil dilangit yg biru aj yaa",1,0,2021-08-03 18:57:14
27534724-5c02-47a3-9cf8-635bb68123c5,Pengguna Google,Aplikasi gak jelasssss... Udah di vaksin di kata belum anehhhh yg gini nih.. kepinteran,1,0,2021-08-03 18:54:05
4582e3ce-f026-45ca-a1ab-c4eea541c039,Pengguna Google,"Mohon maaf sya mau tanya,sy SDH divaksin pertama kok,di aplikasi JAKI sy buka keterangan belum divaksin.mohon bantuan nya",5,0,2021-08-03 18:48:24
e983f3f7-33e5-45e4-8e7a-e4da76770ff3,Pengguna Google,"Kalau mau buat laporan tidak pernah dapat bantuan apapun,baik sembako maupun tunai dari awal pandemi sampai detik ini kemana?karena,email dan SMS saya kirim tidak pernah dijawab juga",2,1,2021-08-03 18:06:05
b0bc9f73-680d-4189-9b44-bf7a3ea0d52d,Pengguna Google,"Sya sudah daftar untuk vaksin untuk besok, petunjuknya suruh dcetak. Mksudnya nyetak sendiri ngeprint gtu?? Apa kita dateng aja ke lokasi bawa ktp doank",1,1,2021-08-03 16:45:34
f3eaa8fc-1205-47d9-b112-44e5ff375e87,Pengguna Google,"Ini saya sudah vaksin pertama di bulan Juli,kenapa pas saya cek di apk ini malah belum divaksin",1,0,2021-08-03 15:20:20
09bd486c-4237-478f-8ec2-81c996a1ba4e,Pengguna Google,"Good respons, daftar vaksin online melalui jaki over all di permudah semua",5,0,2021-08-03 14:54:07
596578a3-2583-4c18-9e05-6175c999a22e,Pengguna Google,Baik lagi jika bisa ke Jawa,1,0,2021-08-03 13:51:07
1ce570f0-d41f-43c1-8320-59d10a2b36df,Pengguna Google,"Apaan ini, gua mau cek sertifikasi vaksin aj kagak bisa, perbaiki dongg !!! Jangan bikin warga jadi emosi !",1,1,2021-08-03 13:49:07
5097d080-09c4-4ae7-8f5d-79bed0d73d58,Pengguna Google,"Min, tolongin sya, masa tadi pagi gw bisa masuk buat daftar vaksin 2, udah ngikutin langkah""nya sesuai perintah, tapi tiba"" balik ke menu login trus ngga bisa login lagi, dicoba lagi malah nama tdk sesuai NiK sampe bosen nyoba, gimana solusinya.. Bales min.",3,17,2021-08-03 12:52:42
b1b68451-dd4e-4755-83ba-99c21b38313a,Pengguna Google,"Aplikasiii ngacooo!! Min, gimana ini sy sudah vaksin pertama, tapi di aplikasi jaki ""siap vaksin"". Pertanggal 1 seharusnya sy sudah vaksin kedua. Sy sudah kirim email tapi ga ada balesan. Trs sy mesti gimanaaa!!!!",1,11,2021-08-03 12:43:25
0d008903-2dcb-4b31-8ea0-65f499528838,Pengguna Google,Saya mau vaksin ke 2 dan mau isi dan print screening. Tapi gak ada pilihan atau banner yang bisa di klik. Apa saya cuma datang saja ke tempat vaksin dengan menunjukkan kartu vaksin pertama?,3,2,2021-08-03 12:39:01
8a8a7573-9830-4c87-b010-3a0dcd5924b9,Pengguna Google,Aplikasi ngehe....prosedur abu abu kaya gabenernya....,1,0,2021-08-03 10:47:06
ec3b2d03-7a24-46b4-94e6-0016a16a1669,Pengguna Google,"Kecewa, udah daftar via jaki untuk vaksin ke dua sampe lokasi malah jadi satu nomor antriannya ga sesuai jadwal dengan yang ada di aplikasi jaki",1,1,2021-08-03 10:30:48
317e554e-ca71-443e-96dd-4ca08c701c92,Pengguna Google,"saya daftar vaksin masuk,nya susah.",1,0,2021-08-03 09:28:55
b46480f0-32ac-42dd-9656-6630a56c2dab,Pengguna Google,"Apk pea , udh bener2 dor to dor, malah online. Saya vaksonasi ke dua, akan tetapi utk vaksinasi yg pertamanya engga terdaftar dijaki tolol.",1,0,2021-08-03 08:44:38
cce7fe14-be7a-40c9-897b-588bc7717bdb,Pengguna Google,"Tiap mau daftar vaksin pas mau pilih fakes kuota penuh trus, nyoba pilih semua wilayah se Jakarta masa penuh juga. Aneh ni aplikasinya",1,1,2021-08-03 07:50:55
614f1496-c9ac-489b-995e-ecd069fd3c1b,Pengguna Google,Daftar vaksinnya hanya untuk jakarta saja kenapa gk umum ajaa seluruhnya bisa daftar. Sekalian aja kalau mau buat aplikasi untuk semua orang terutama untuk semua daerah di indonesia jangan cuman jakarta aja aja dll. Kalo gini kan gk bisa semua kota/daerah di indonesia bisa daftar.,1,5,2021-08-03 07:45:36
d2f3241a-f449-4d66-8e7a-33aa6c531f70,Pengguna Google,Mohon maaf kemarin saya cek sertifikat vaksinasi saya.. tapi ko keterangan nya belum di vaksin di app JAKI ini padahal saya sudah vaksin.. tolong di update.. karena di app peduli lindungi saya sudah tertera vaksin.. tolong untuk lebih di kembangkan lagi karena aplikasi JAKI kebanggan pemprov DKI,2,4,2021-08-03 07:24:04
cd8bd3f4-5e02-42a3-9143-8f380ea1b563,Pengguna Google,Aplikasi ini sangat membantu dan memudahkan masyarakat Indonesia khususnya yang tinggal di DKI,5,0,2021-08-02 22:08:59
58f4e1f9-3b28-48d1-92f7-cf5ea9096033,Pengguna Google,Bagaimana cara perpanjangan makam di karet bivak,5,0,2021-08-02 21:53:49
3b5dec0b-3ed5-4cf9-9410-ff08247c17af,Pengguna Google,Bagus,5,0,2021-08-02 21:21:36
ab84b050-9d4e-47f1-90e2-30bb6b5aded2,Pengguna Google,"Jadi gini gaes perihal daftar Vaksinasi yak.JAKI hanya buat database + cetak dokumen saja.Perihal antrian Penuh/gak dapat nomor antrian di TKP,ya karena petugas di lapangan patokannya nomor antrian,bukan lembar JAKI kalian.Saya dijadwalkan vaksin 29 Juli 2021 jam 10-11 Pagi,di SMKN 26 JKT.Jam 7 pagi saya sudah ambil no antrian,dan BENAR jam 9 saja antrian JAKI sudah habis 😂....Utk JAKI kalian gak usah bawa Pulpen dan KTP serta jgn isi blanko kayak non JAKI,malah ribet.YG PENTING DATANG PAGI",5,3,2021-08-02 19:49:55
c4cfdac0-7c4c-4b58-a092-1aee53f7c269,Pengguna Google,App nya cepat respon,5,0,2021-08-02 17:30:01
440fdb4d-9275-4ceb-91e4-3f31e9279880,Pengguna Google,situsnya Tidak bisa dijangkau lagi dan tidak bisa daftar online untuk daftar vaksin,1,0,2021-08-02 16:50:43
e8803ce1-0598-41e2-902a-e03f02948cf8,Pengguna Google,Loading untuk daftar vaksin lama sekali dan sangat susah untuk masuk,1,0,2021-08-02 16:44:31
ee271e4b-417a-43f0-8f6b-8636a15cf422,Pengguna Google,Di update malah ga bisa kebuka,3,0,2021-08-02 16:35:39
a9f7c9ba-2b3b-4957-894d-3d754a749d05,Pengguna Google,Kenapa disaat saya mau daftar vaksin ke dua tidak selalu masalah sambungan padahal WiFi saya lancar,3,1,2021-08-02 16:32:36
606b2613-7c1f-4e87-8f7c-4bdcbb180401,Pengguna Google,Oke.,5,0,2021-08-02 16:22:30
788055a6-deba-4158-9db9-3a491b23c4e3,Pengguna Google,Apps sama lapangan gak ada kerja sama.... Bodo bae.... Di oper sana sini....,1,0,2021-08-02 16:00:10
58ad5312-57e2-42fe-8fce-a60bc4ebeee3,Pengguna Google,"Saya udh daftar via online dan udah dapet jadwa,tapi aplikasi jaki nya error apa saya masih bisa vaksin???",1,0,2021-08-02 15:12:18
94822317-0af9-4956-9663-7ebe13e7a5b5,Pengguna Google,Aplikasinya mantap pak Anies,5,0,2021-08-02 13:55:32
629a49db-5003-41dc-a74e-d7b852f37af5,Pengguna Google,Kurang berfungsi yg di lapangan nya bedaaa,1,0,2021-08-02 13:20:39
74739498-31e6-4887-8015-fc65c5d579a5,Pengguna Google,saya fikir setelah instal ini ga perlu ambil nomor antrian pas mau vaksin..ternyata sama aja....trus buat apaan aplikasi ini kalo ternyata ujungnya antri juga....mohon respon,4,3,2021-08-02 13:00:44
5a2169b4-21ea-4d05-981c-98c96d10ced6,Pengguna Google,"hapus aja pak aplikasi gk ada guna, joka jaki juku.",1,0,2021-08-02 12:54:40
5b3969e0-cacf-49af-9d72-4681101199bd,Pengguna Google,"Padahal udah vaksin kwkwk masa pas masukin data katanya belum di vaksin parah Bat dah ini aplikasi, mau ngambil sertifikat Susah amat yaa",2,1,2021-08-02 11:24:53
beb6094c-4a95-493e-b36c-e9296d20e598,Pengguna Google,"Tingkatkan akurasi, kecepatan akses, fitur, dan rampingkan ukurannya.",2,1,2021-08-02 10:52:48
21e7ae03-f1fa-4b1a-bd1b-e94b73b45173,Pengguna Google,Sangat membantu warga Jakarta,5,0,2021-08-02 07:23:14
a63f3e18-7ea0-48e3-a9f7-a340f6fe576c,Pengguna Google,"Sangat terbantu buat pendaftran vaksin tanpa kontak...thanks jaki, semoga applikasinya jauh lebih baik",5,0,2021-08-01 21:56:28
51f5ff46-b542-4895-a74b-72597a1f37ba,Pengguna Google,Mantaaap Kota Tercinta Makin terintegrasi,5,0,2021-08-01 19:05:49
8efab958-35a1-4c9a-b4da-b3eaa491b895,Pengguna Google,Sumpah ngk guna banget daftar vaksin di sini sampe tempat vaksin. harus make formulir dari tempatnya klo ngk guna dan harus daftar juga di tempat vaksin buat apa ada aplikasi ini.,1,1,2021-08-01 15:08:57
f90a88ec-c6e4-4ddc-9256-49734400865d,Pengguna Google,"Mohon untuk Aplikasi Jaki dibenahi lagi, sy sudah Vaksin pertama tgl 23 juni 2021 via Jaki, tetapi ketika mau daftar vaksin kedua di Aplikasi dinyatakan belum pernsh vaksin. Bagaimana ini.",2,1,2021-08-01 13:15:01
ba7551ae-75e7-4d6c-b826-e238b2b8b92d,Pengguna Google,"Aplikasi 1 pintu yang sangat bermanfaat,banyak urusaan dan keperluan yang bisa saya lakukan melalui "" jaki"" salah satunya jakambulance Terimakasih jaki",5,1,2021-08-01 12:54:49
6268932b-1a33-4b51-a377-4f6c32347957,Pengguna Google,Ini aplikasi isi di coment nya kebanyakan negatif nya.. Harusnya bergerak cepat biar rate nya jadi bakan hanya jawab mohon maaf kak.. Tapi langsung bertindak.. Dari awak saya mau vaksin via aplikasi ini maksudnya mau cari lokasi vaksin terdekat tetapi pasti jwban nya kuota penuh..ini yg buat masyarakat enggan mau vaksin dikarenakan sulitnya untuk mendaftarkan nya..noc coment.. Tapi action nya yg di perlukan.,1,8,2021-08-01 01:12:15
b911e73a-69e2-46bc-a1e9-7ae712701b59,Pengguna Google,Oke banget,5,0,2021-08-01 00:17:21
9a58c6bf-d7a9-421e-b312-c0083147c1f1,Pengguna Google,"Menurut saya bagus udah bisa bikin aplikasi bgni, tapi knp antara aplikasi dan kenyataan ngga sinkron?? Udah daftar vaksin, nentuin jam, tanggal dan lokasi,. Tapi sampai lokasi ditolak krna kuota sudah habis, fungsinya saya daftar di jaki apaan?? Sia² jadinya, buang² tenaga pikiran dan waktu aja. Kalau memang belum bisa sejalan, tolong dibenahi lagi dulu, jangan langsung membuat aplikasi yg harusnya mempermudah malah menjadi mengecewakan banyak orang.",1,69,2021-07-31 16:37:11
ad6c37ca-af43-423d-8b44-7d9f70c5d880,Pengguna Google,Ijin Pak/Ibu (i) Untuk bertanya tentan Vaksinasi Geratis untuk umur 17 tahun ke atas Tahap 2 saya dikonfirmasi Datang Vaksi tanggal 4 agustus untuk itu langsung ambil antrian pagi bari atau pertama daftar di JAKI?,5,1,2021-07-31 14:31:06
df601720-55fe-4ef7-80a2-0abcd4b4db4f,Pengguna Google,"Maaf ini gimna ya saya vaksin pertama di kokas tpi jadwal vaksin kedua di biddokkes polda, trus keterangan di aplikasi jaki status saya blm di update blm bisa download untuk kartu kendalinya pdahal jadwal saya tgl 12 agustus tpi smpe skrg blm ter update juga status saya di jaki padahal vaksin pertama udh dri tgl 15 juli",4,1,2021-07-31 14:14:04
90e40011-f77e-4cc9-b6f4-36836d9d52b8,Pengguna Google,"Saya mau daftar vaksin yang ke 2 via jaki , tapi kuotanya selalu penuh. Karena saya ber-ktp non DKI , jadi saya daftarnya via jaki , karena kalau datang langsung harus pakai surat domisili. Tolong dong lebih diinformasikan lagi untuk kuota nya . Karena untuk vaksin ke 2 tidak boleh lebih dr seminggu dari jadwal. Terimakasih",4,24,2021-07-31 08:02:35
6c69940d-cb91-4675-9075-87c3caddf6bf,Pengguna Google,Penuh Mulu kuota aneh banget,1,0,2021-07-31 07:04:10
649b4dc9-c6d7-4874-b9ae-fcaca9315bd1,Pengguna Google,"Daftar vaksin disini simple, tp pas di lokasi vaksin ada kesalahan input nomer telepon. Jd sampai sekarang belum bisa dapat sertifikatnya.. di aplikasi pedulilindung pun sudah masuk data sudah divaksin tapi certifikat tidak ada. Bagaimana & harus kemana minta sertifikatnya",3,3,2021-07-30 21:29:39
e1a594e2-1897-4816-936d-444a891ffbd0,Pengguna Google,Begini dah apk dadakan.. klik apa2 kagak bisa.. nyari untung dr situasi.. HAPUS ni apk.. ga guna.. nyesel gw download.. yg belom mending jangan dah.. percuma.. lu dpet jadwal vaksin di sini.. smpe lokasi beda..,1,2,2021-07-30 18:45:21
ac5a6b77-3366-41f4-bc21-83c9205a4f25,Pengguna Google,Saya masukan nik dan nama di bilang salah mulu padahal itu sudah bener semua,1,0,2021-07-30 13:49:37
e8b2729b-9961-4018-8bbb-000550b35407,Pengguna Google,Nganter istri vaksin daftar online dpt jam 8 - 9 tp sampe tmpt isi data lg 🤣🤣🤣🤣🤣🤣🤣🤣 baru kelar vaksin jam 1 siang 🤣🤣🤣🤣🤣 yg offline dan kenal petugas bs duluan 🤣🤣🤣🤣,1,0,2021-07-30 12:18:07
c0daed7e-0c2b-48e7-b14c-b8e29b5d3452,Pengguna Google,Gimana sih padahal saya sudah vaksin hari ini tgl 30 juli 2021 di puskesmas cengkareng tapi kenapa di aplikasi jaki masih belum vaksin.,4,1,2021-07-30 10:49:08
8f039a06-a9a7-40f2-92f9-b3830f5448aa,Pengguna Google,"Mau vaksin aja dipersulit semua full udah jauh"" hari juga full, kerja gak kerja harus punya sertifikasi vaksin tp mau vaksin dipersulit udah gitu petugasnya ngasih muka ky setan judes pake BGT",1,1,2021-07-30 09:08:41
24459475-e9a1-409e-9803-df11e5d0ab09,Pengguna Google,"Percuma daftar online jaki tetap aje ada kerumunan, dan saya tidak dapat vaksin di tanggal 29-7-2021, di suruh balik lagi karena kehabisan Kouta katanya",1,1,2021-07-30 07:36:02
a9adae75-b2e7-465e-b7b5-0e3dffcaeeff,Pengguna Google,"haii jaki, saya chek di jaki ini yang penerima BST, jadi abang saya dinyatakan selamat telah menerima BST, Akan tetapi bila di tanya ke RT katanya tidak ada, teruss abg saya suruh tanya ke Kelurahan untuk minta surat undangan karena teman bilang harus kekelurahn minta kart undangan,pass saya mau nanya distu ada seorang ibu RT lain katanya di JAKI ini penipuan, dh gk ada BST sekarang, nah tujuan saya kalo memang ini penipuan TOLONG jgn di buat chek BST di aplikasi ini biar rakyat pun tdk berharap",1,13,2021-07-29 20:38:15
44d4447c-9012-4fcf-838c-6054754caef2,Pengguna Google,Pelayanan sangat buruk masa iya udah daftar ulang vaksin kedua eh pas sampe dibilang ga bisa alasan penuh bahkan yg lebih miris sampe ada yg dateng dari subuh kasihan kan orang mau vaksin jadi harus nyari lagi manual buat apa ada aplikasi jaki jika harus manual komunikasi dari atas bagus pas sampe kebawah malah ga bagus kacau se enaknya aja kordinasi dilapangan harus sejalan sama intruksi yg di atas dong keadaan lagi sulit jangan dibuat sulit kita mah nurut mau vaksin masih aja dipersulit,1,0,2021-07-29 20:37:01
4e85ab98-776f-4eb4-affb-b3bd15fa9f56,Pengguna Google,Sore admin mau nanyak kalau mengurus surat pindah dari aplikasi bisa tidak iya ? Terimakasih,2,1,2021-07-29 18:22:44
498e5667-e01d-4312-8046-42090bc07b82,Pengguna Google,Bagus banget aplikasi nya😘,5,0,2021-07-29 18:02:33
28dded33-89bb-4730-8f81-17730b4d329b,Pengguna Google,"Sampai sekarang belum ada manfaatnya ini aplikasi, semoga dapat berbenah",1,1,2021-07-29 12:45:39
abb46d14-84ce-46d2-b8af-81288023838f,Pengguna Google,"KECEWA!!! Saya sudah daftar di aplikasi ini, jelas tertera ada jadwal dan kuota vaksinasinya. Tapi setelah datang ke lokasi dan sesuai jadwal malah kata securitynya vaksin habis karena membludak antrian, katanya kalo mau antri dari pagi. Loh berarti yang umum dengan yang di aplikasi sama saja dong? Kuotanya gak dipisah gitu? Jadi guna saya download dan menjadwalkan vaksinasi di aplikasi ini apa???",1,22,2021-07-29 12:32:33
5cbb3137-47e3-4eda-ac4a-3170fac179bd,Pengguna Google,Jelek,1,0,2021-07-29 12:15:55
4cf13b2a-d542-4ac1-b0b1-5a541ae0f69b,Pengguna Google,"Udh datang sesuai jadwal yg tertera, sampai lokasi dibilang kuota habis suruh besoknya datang jam 06.30 tuk ngantri. Apa gunanya daftar online dan ada jadwalnya? Kok tolol ya.",1,0,2021-07-29 11:27:59
afc4bb7a-518d-4d9a-9092-896a190af567,Pengguna Google,"mohon maaf sy kecewa sy sudah mendaftarkan diri untuk mengikuti vaksin dengan tanggal dan kwota masih ada,ketika sy sudah mendaftarkan diri sampai di lokasi di bilang sudah tutup kwota sudah penuh",1,1,2021-07-29 11:24:09
0498f69a-abf9-4569-be47-9155677802e0,Pengguna Google,"Hey Vaksin buat apa pake aplikasi jaki, sudah dapat barcode, sampai lokasi tidak bisa vaksin, harus ambil nomor antrian, ternyata nomor antrian habis, harus antri dr subuh, buang"" waktu, tenaga dan uang, birokrasi bobrok, udah bener seperti vaksin pertama, pakai ktp saja, ini berbelit belit",1,55,2021-07-29 09:44:09
aaede6f3-f4c7-4715-bed2-4958cc3852de,Pengguna Google,"Sepertinya setelah vaksin no saya tersebar karna jadi banyak yg hub. Menawarkan ini itu, mohon untuk pihak terkait tidak menyebar data sembarangan 🙏🙏",2,1,2021-07-28 18:29:39
47e2f3e8-e5bc-42b0-9bbf-655059a4f84b,Pengguna Google,Mantap,5,0,2021-07-28 17:39:37
fd5febc2-6b70-43e3-ad1d-d1fcc664cb69,Pengguna Google,"Vaksin di gbk tgl 11 sampai saat ini blm dapet sms sudah vaksin,statusnya belum vaksin trus gimana mau dapet sertifikat vaksinnya",2,0,2021-07-28 16:07:48
efffd7cd-5082-4ce1-aef1-5607324563df,Pengguna Google,Bagi saya ini aplikasi ya bagus,5,0,2021-07-28 11:55:10
68d2f0fe-9a01-40db-828a-62b9512a2503,Pengguna Google,Maaf saya kasih bitang 1 . Kami sekeluarga aga kecewa . Jadwal vaksin pun tidak jelas. Sudah tertera di apl ini dan di kartu vaksin tanggalnya. Lalu berubah . Dan bilang sudah di SMS setelah di cek tidak ada SMS atau pemberitahuan.,1,0,2021-07-28 11:29:24
522c8ec4-390f-4640-bdf1-c3c95fe6e9c6,Pengguna Google,"Aplikasi bego,daftar vaksin lewat apk jaki tapi tetep di alihkan ke browser,terus apa gunanya nih aplikasi klo masih ngandelin browser,ngurus aplikasi aj ga becus apalagi ngurus jakarta,klo masih punya malu mending mundur lah.",1,0,2021-07-28 08:55:02
491e0b5d-bcbc-4d74-8e19-5ab2ca7092b1,Pengguna Google,Terima kasih sudah memperbaiki kekurangan dari versi sebelum'a,5,0,2021-07-28 08:53:00
33ca6de3-f930-4f47-9855-25794457dd3b,Pengguna Google,Apps tidak akurat masa saya cek setatus vaksin belum di vaksin pdahal saya sudah vaksin pertama,2,1,2021-07-28 08:51:58
43fc550d-ad1d-4737-a28a-db2cf0d6c42d,Pengguna Google,"Aplikasi zolim gak berguna, Klo mau daftar vaksin di lokasi tertentu katanya harus via online di jaki. Lalu daftar online dan dapet quota awal sesuai jadwal tapi waktu pelaksanaan ternyata gak kebagian quota katanya harus antri dari subuh. Trus buat apa harus online dan ada pengaturan jadwal..? Klo cuma mau memperbanyak jumlah pendownload gak seharam itu bosss.! Yang ada banyak orang dipecat dari kantornya karena bolos vaksin yang pendaftaran onlinenya gak integrasi dgn petugas di lapangan..",1,13,2021-07-27 22:13:36
d6479365-1484-4753-85fd-3fd7d55aee54,Pengguna Google,"Daftar vaksin di jaki terlalu mudah,cm di minta foto copy ktp doang pas antrian di sentra vaksin,ktp asli tidak berlaku,hati hati yg suka kirim2 foto ktp,nanti NIK nya di buat vasksin sm orang lain..",5,2,2021-07-27 20:56:01
5db52be0-6774-4258-b638-c4b6b7254187,Pengguna Google,"Min maaf saya mau nanya,koq saya mau daftar vaksin ke 2 knp selalu ngga bisa ya,,NIK/nama saya tidak sesuai,padahal sudah benar ngga ada yg salah..mohon penjelasan'y",5,1,2021-07-27 20:23:39
2ead072a-5c8e-49de-8326-74d7831b9ffb,Pengguna Google,ok,5,0,2021-07-27 16:44:41
6c024ab5-91bf-44e1-bfe3-7ed9374c5db4,Pengguna Google,Mantap !,5,0,2021-07-27 16:06:49
e33f4d88-66a7-4ce0-bd20-2565e3084a9e,Pengguna Google,Bagus,5,0,2021-07-27 15:23:26
6a2755cd-1f3a-4905-bbd9-5fe4cf2234f9,Pengguna Google,"Terimakasih JAKI mempermudah saya bangt buat vaksin yg tadinya sulit saya domisili depok susah cari vaksin berkat JAKI jd bs vaksin,mudah daftarnya,ngantri sedikit,terimakasih bnyak.",5,1,2021-07-27 13:12:01
b3856270-54dc-4f23-a4a0-fb0fcf94ef98,Pengguna Google,"Jaringan Lancar. Mau liat info situasi jakarta, kok loading terus ya yang ada gambarnya? Cuma ada keterangannya aja. Semoga cepat di fix. Thx",5,1,2021-07-27 10:25:56
92c9a0df-53b4-4c0b-a94f-1c4149acfa34,Pengguna Google,Aplikasi ngga guna... masa buat daftar besok nya ngga bisa.,1,0,2021-07-27 09:16:36
a21e8936-6748-4bb4-9ded-6a052157fccc,Pengguna Google,Bagus,5,0,2021-07-27 06:31:15
43369e85-3a8c-4198-a120-dba67b60cce1,Pengguna Google,"Tadi pagi baru vaksin, pengennya buru buru karena ngeliat temen pada vaksin cepet banget, tapi ternyata saya dari jam 10 sampai jam 2 siang karena nunggu kartu vaksin yg di print oleh petugas dan print-an nya cuma ada 1 sedangkan yg di vaksin ada ratusan orang. Tolong di perbaiki lagi sistem nya, kasihan org yg punya kesibukan/ngurus anak harus ngantri ber jam jam cuma nunggu kartu vaksin.",2,12,2021-07-26 22:40:50
9948346a-982c-4551-a71c-cab47c585c8c,Pengguna Google,oke,5,0,2021-07-26 21:51:33
11ebbe1f-813b-4bd6-92c3-5666ad1d7473,Pengguna Google,Aplikasi ga jelas.. Masa ga singkron waktu daftar sama di lokasi... Mending datang ke lokasi jangan download aplikasi ini percuma,1,0,2021-07-26 18:16:06
0ae892a3-f492-497e-9c62-1d616b0021ec,Pengguna Google,"Kenapa aplikasi ini sudah saya download kok tidak bisa di buka ya, .....saya spai 3 kali download 3 kali hapus karena tidak bisa di bula",1,0,2021-07-26 17:03:20
874ae5d1-f4d6-46be-bf42-6e4ffa23431e,Pengguna Google,aplikasinya sangat membantu sekali,5,0,2021-07-26 15:36:13
5900f4bd-2cec-4e01-bfb5-b2b795342786,Pengguna Google,Aplikasi baguuuuuus buruan download.,4,0,2021-07-26 14:07:42
483f8c39-1f51-4ada-af83-8240fad1cd1b,Pengguna Google,Good,5,0,2021-07-26 13:57:16
d24ad0dd-0a0e-4505-9fea-806c8d51d6e2,Pengguna Google,"Saya sudah divaksin 1, terus vaksin kedua sudah terjadwal tapi lokasi faskesnya gak ada cuma kecamatan doang, apakah vaksin 2 harus daftar ulang lagi? Terima kasih",5,1,2021-07-26 13:21:24
95218690-0972-427d-a195-26213c787dea,Pengguna Google,👍👍,5,0,2021-07-26 12:55:44
78c7fa73-8d82-4557-8cf1-e86ffd895690,Pengguna Google,Vaksin di smp 57 ribet dari pagi jam 8 sd jam 1 siang gak kelar2 mekanisme ribet nya...kasian orang miskin yg gak punya hp android,3,1,2021-07-26 12:26:46
f0c0a0f9-f43b-4115-9654-15f66364c0a6,Pengguna Google,Dihari setelahnya gak bisa login lagi...kenapa ya?,1,0,2021-07-26 10:25:34
a7a4fb33-d4bb-4652-91e7-549abdc335e4,Pengguna Google,"Ko mau daftar g bisa bisa.. Y... Padahal nama, no KTP sdh masuk..",2,1,2021-07-26 09:22:59
68897625-f9c5-4d01-9670-d4b7db416c06,Pengguna Google,"Lucunya, sudah datang jauh"" dikira engga pakai uang apa"" taunya engga boleh masuk karna harus daftar offline juga dan kuota penuh lucu sekalii, sekian dan maaf..",1,2,2021-07-26 09:07:40
6059fa0e-6b25-4902-b3a7-4788648c91d9,Pengguna Google,"Keren Jakarta, Semoga kota lain seperti bekasi bisa segera mengikuti, sehingga masyarakatnya bisa terlayani dengan baik... Sukses buat JAKI",5,1,2021-07-25 23:14:34
a17bddc1-65f8-471d-be73-1022c0d14aeb,Pengguna Google,Mayaaan,3,0,2021-07-25 22:09:21
68ca1a2c-ad17-4ba8-bb6c-32a91d67c80f,Pengguna Google,Laporin ntr kena cepu gk?,3,0,2021-07-25 17:18:27
fdd38982-14a3-42c7-a22f-0b2c774ed95c,Pengguna Google,Pokonya bagus application,1,0,2021-07-25 10:54:14
ec522d6e-9fbf-476e-9d3c-a609dd3f41e4,Pengguna Google,"Cara daftar vaksin dimana ya , di keterangan klik Bennet lalu daftar vaksin, tpi di aplikasi kaki tidak ada pilihan benner??",5,1,2021-07-25 09:43:36
a01b675b-7435-4cef-bf4e-c4e3122df57d,Pengguna Google,Aplikasi ini sangat membantu sekali,5,0,2021-07-25 02:02:33
09a71b7d-0d79-42aa-ab08-5248efc7ba84,Pengguna Google,Good,5,0,2021-07-24 23:43:29
8dc7fd22-11cd-4d34-9033-dee713efc475,Pengguna Google,"Merepotkan,mau masuk akun sendiri mesti berkali kali memasukkan nomor KTP, aplikasi ini tidak user friendly",1,1,2021-07-24 22:19:29
fbaac08f-edbc-4723-825f-23ed64f7a178,Pengguna Google,"Kasih bintang 3 dl krna saya baru instal, dilihat dl fungsinya.. 😊",3,0,2021-07-24 21:32:20
ae7b2566-e777-49f3-9829-961f5b5b079c,Pengguna Google,Sangat membantu untuk mendapatkan informasi,5,0,2021-07-24 17:53:16
05666bc9-fd7d-4a81-a50c-82f737f69cb2,Pengguna Google,"aplikasinya bgus... cman syng klo ingin liat rute sm parkiran di dki.. kudu donlot aplikasi lgi.... klo bsa diperbaruan selanjutnya, smua apk yg dijaki lngsung bisa msuk, tnpa hrs donlot apk lgi",5,1,2021-07-24 13:13:50
4f0e8d15-becd-4b38-86ae-1d88be7ea8e0,Pengguna Google,"Mempermudah vaksin, ga ribet isi form lagi. Sudah daftar , screening d aplikasi tinggal tunjukan k feskes d lokasi vaksin, langsung .mantap !!",5,2,2021-07-24 12:36:46
d693fd7e-68bd-43c0-839a-ea980bdefe4e,Pengguna Google,Sangat membantu,5,0,2021-07-24 11:21:14
963c7c75-fe74-49a3-9905-90263e6afb54,Pengguna Google,Termikasih jakarta,5,0,2021-07-23 20:01:04
c81add66-87c3-4bca-b037-92a112e3816d,Pengguna Google,Kenapa begini gk bisa intal jaki 😭😭😭😭😭,1,0,2021-07-23 19:33:33
ef0db9c6-1d9e-4261-baa1-8e1583d4af87,Pengguna Google,Mau tanya. Saya sudah apply tidak ada notifikasi WA Kemenkes-RI ya? Kalau sudah dafrar lewat jaki harus menunggu notifikasi WA Kemenkes-RI ga ya?,3,1,2021-07-23 17:45:33
64872fa0-cfac-478c-a6fe-b2a9870263a6,Pengguna Google,"Sudah daftar dan dapat jadwal vaksin di Polkes Jakarta Utara, hari jumat, 23 juli 2021 jam 13-14.00 wib. Sampe lokasi polkes TUTUP Hanya ada vaksin selasa dan Kamis Pagi.. Banyak yg sudah dapat jadwal dan datang.. Pulang dgn kecewa.. Tidak ada koordinasi di lapangan antara aplikasi pemerintah ini dgn pelaksana di lapangan...mohon koordinasi dulu..jgn cuma bikin jadwal tp ga tau di lapangan ada orang atau enggak...cuma mau ngejar data aja kah?? Ngejar target org yg mau daftar? Tp fakta tdk gitu",1,42,2021-07-23 14:16:00
edb69fcb-3d0f-497a-b560-de511f2a0cee,Pengguna Google,Jenis vaksinnya apa yak kalo boleh tau?,4,0,2021-07-23 12:53:34
acf3b7c4-4d91-49dc-9036-a8ed62fdc760,Pengguna Google,"Bingung birokrasi Indonesia, mengaku sudah online tapi pelaksanaan offline. Untuk apa atur jadwal vaksin kalau di TKP nya ternyata harus ambil nomor antrian ? Kerja ga bisa sembarangan ijin ! Sediakan petugas yang smart jangan hanya mau uangnya aja tapi ketika di tanya di lempar kebagian lain atau jawabannya merendahkan. Mereka juga cuma duduk, ngobrol, ngemil. Percuma petugas banyak tapi ga ada fungsinya.",1,33,2021-07-23 10:20:27
1ed5d609-99bc-4327-82c3-7fdccba75109,Pengguna Google,Coba-coba kalo bagus,5,0,2021-07-23 09:15:56
7d1cb69d-78f2-46ab-9171-47ec0db1f5d8,Pengguna Google,"Elunya aja yg pda ga idep, kalo mau ngejelekin apk jaki bilang aja, ga usah make alesan kuota penuh atau sulit lah, gua vaksin lewat jaki daftar jam 10 vaksinnya jam 11, apa begitu sulit? Kan ngga. Contoh kya di gbk, bnyak yg bilang pas daftar kuota penuh, lah keluarga gua daftar pagi, siangnya berangkat ke GBK, haha. Gua domisi di tangerang untuk daftar vaksin di web yg di sediakan di tangerang hrus nunggu berminggu² buat nnggu dpt SMS doang, ya akhirnya pda daftrnya di jaki karna simple&mudah",5,8,2021-07-23 08:19:48
4b3a489e-baf0-411b-857e-d22c3144a6d8,Pengguna Google,", saya karyawan rental PS jika saya salah dengan tempat saya mengadu atas ke tidak Adilan aturan aturan yang ada mohon maaf , Saya mengikuti aturan pemerintah yang di terapkan secara sah (ppkm darurat) sejak awal di terapkan nya program ini hingga detik ini , atas pengaduan pihak atau oktum yang tidak jelas bukti nya , PS saya tutup sejak awal program dibuat hingga skrng , dan masalah timbul dari pengaduan yg sama hingga 3 kali berturut turut , saya berani adu banding jika sya TDK melanggar!!",2,3,2021-07-23 06:54:31
a870b8da-86d4-45ac-9fcc-786beb14c3c9,Pengguna Google,Biaekan bintang bicara,5,1,2021-07-22 21:09:36
b3e49c1b-fb7a-4c3d-9a3a-aff8433c3681,Pengguna Google,Ga guna,1,0,2021-07-22 17:51:50
8614b47a-9e6b-4bf4-9255-ff9fdf8334f6,Pengguna Google,Tidak bisa daftar/Login...MASALAH JARINGAN TERUSSSS,1,0,2021-07-22 17:08:10
7104aadb-71e0-4bcb-a009-6479366495b8,Pengguna Google,"Sy sudah divaksin tahap 1,tp belum mendapatkan sertifikat sudah divaksin tahap 1,mohon infonya",5,1,2021-07-22 16:00:30
80db3a67-7238-48bb-a982-aa23884acb67,Pengguna Google,Buat daftar vaksin ok,5,0,2021-07-22 15:46:37
2601b556-06d0-474d-9388-3264fd7e60ac,Pengguna Google,"Untuk akun sekelas pemda ibu kota, ,admin ya segoblog ini ya ??? Ga berguna Sama sekali ini akun",1,1,2021-07-22 13:58:56
42dc4f0b-168c-4920-878e-feef1510fbc7,Pengguna Google,Sangat membantu,5,0,2021-07-22 13:34:43
415c8cda-ab79-4140-804b-31b4de57604c,Pengguna Google,"Tgl 16 Juni daftar vaksin online pakai jaki,lalu tanggal 17 vaksin di GOR,data lengkap dan semua sudah sesuai.perhari ini 22/7/21 tidak ada perubahan pada status jaki ataupun peduli lindungi.yg jadi pertanyaan vaksin diharuskan karna salah satu syarat perjalanan adalah sertifikat vaksin,tapi kok pelayanan begini ya.satudata,dimana di input harusnya bisa diakses darimana pun.tapi ini tidak,yang salah sentra vaksinasi yang tidak input data, aplikasi jaki,atau peduli lindungi mohon dijawab.",3,7,2021-07-22 13:29:12
dfb17fea-ed16-41a0-a259-f2e198097ce2,Pengguna Google,Mohon maaf kmrn saya sudah daftr vaksin dngn jadwal tanggl 23 tetapi saya tdk bisa hadir..apakah saya bisa daftar lagi di tanggal yg lain?terimakasih,5,0,2021-07-22 13:02:58
2548e9cd-f5f2-4805-8db2-3ae996d56ff4,Pengguna Google,"Saya sudah vaksin di tgl 15 dan saya lihat di apk jaki masih belum divaksin anda sudah terjadwal trus pas mau ke pelindungdiri ko mlah saya ga bisa daftar katanya datanya ga valid disuruh cek nama atau nik yg salah, pdhl data sudah benar. Saya juga jdi gbisa lihat sertifikat vakain saya. Gimana nih",4,8,2021-07-22 12:04:02
38227cfa-5eb7-4b8c-84c2-9544f434c8c2,Pengguna Google,"udah daftar vaksin di tempat RS katanya harus manual, dan itupun kuotanya udah penuh, aplikasi tak bisa dipakai",1,1,2021-07-22 11:07:21
ba5773aa-2301-4744-90d9-75387967738d,Pengguna Google,Sangat membantu,5,0,2021-07-22 08:56:16
59ed8762-1413-4d84-b1cf-6f22ee932e78,Pengguna Google,"Sedikit info yang membingungkan. Mohon untuk dicermati kembali buat Admin mengenai informasi jadwal vaksin yang ke 2, informasi antara aplikasi JAKI dan SMS 1199 tidak sinkron. (di aplikasi JAKI jadwal vaksin ke 2 saya tgl 9 Juli, sementara dari SMS 1199 di jadwalkan tanggal 23 Juli.",4,8,2021-07-21 21:09:24
6e5329d9-77da-460e-80d2-eecf46db7ac8,Pengguna Google,Pak/Bu tolong banget disosialisasikan kepada pengguna untuk ga sembarangan sebar data pribadi. Karena banyak banget saya liat laporan publik tapi KK/NIK/KTP difoto begitu aja dan di share begitu aja ke publik. Mohon juga kepada bapak ibu langsung hapus laporannya atau membuat laporan itu menjadi pribadi. Terimakasih.,4,5,2021-07-21 21:08:39
7283be24-0b53-4fcd-b736-e457cd203ccb,Pengguna Google,"Aplikasinya Bagus, mudah digunakan, dan tidak rumit.",5,0,2021-07-21 19:08:07
8d71ef4c-320b-4e5b-ace5-69ecf4b19699,Pengguna Google,Sy udh vaksin ke 1 tpi kok belum terdaftar y dan blm dpt surat nya juga,3,0,2021-07-21 18:23:29
930c4fcd-bba1-4658-8226-c099f96ad7f0,Pengguna Google,Bagus,5,0,2021-07-21 15:32:19
cb1f3e9e-715b-457b-927d-77679f51136d,Pengguna Google,"Sudah berhari2, tp ga bisa aktivasi, knp??",3,0,2021-07-21 15:20:00
a6581ac8-3445-41bd-8f47-5af83e3f59e8,Pengguna Google,Info lebih cepat,5,0,2021-07-21 12:01:44
8aba816c-30aa-42d7-a6b7-cce2ddfaea2e,Pengguna Google,"Tolong jadwal vaksin nya di update sesuai yg di lapangan, di jadwal sampai jam 12, tapi ternyata jam 11 udah tutup, lalu di jadwal hari ini tgl 21 ada vaksin, sudah daftar lagi, pas nyampe tkp ternyata libur, gada vaksinasi",4,2,2021-07-21 11:35:42
a13d3b52-5fef-4297-acc2-0a45187d7b60,Pengguna Google,Sangat membantu sekali 👍,5,0,2021-07-20 22:40:14
3c6ba4ad-031c-4212-a06f-583b7b7ebd58,Pengguna Google,Dah lebih baiikk,5,0,2021-07-20 22:25:54
7310e252-ce75-466f-b569-3125f53b1aa6,Pengguna Google,"Emng bener aplikasi sampah, udj ikut vaksin jg keterangan nya belom pernah vaksin, udh hub admin via email jg tetep aja data sy belom berubah, yaitu belom di vaksin. Heran apbd Jakarta paling besar ttep aja yg dbkin aplikasi sampah....",1,0,2021-07-20 19:27:38
b5cda638-490d-4350-9de5-efe8dfcf550f,Pengguna Google,"Yang gak bisa login nik/nama gak sesuai Pastikan lagi dan cek lagi .! , bagus ni apk ketika sudah login kita keluar otomatis bakal logout .agar data2 pribadi tidak tersimpan kalau ada apa2. ,",5,5,2021-07-20 19:07:10
a4a4dc23-3e88-4b4f-b4dc-112de4b9a1c8,Pengguna Google,Ok lah,5,0,2021-07-20 15:19:58
d6d4afe9-28d0-470f-ab3b-8b4be1aa5fa4,Pengguna Google,"Tanggal 18 Saya Sudah Vaksin, tetapi di Aplikasi Jaki tertera justru belum divaksin dan masih terjadwal. Noted sedang di proses data PeduliLindungi. Tanggal 20 sudah Terupdate di Aplikasi. Hanya Via sms saja yg belum hehe. Semoga semakin Baik dan Makin Bermanfaat ke depannya Ammiinn",5,8,2021-07-20 07:00:05
2ed4f62b-6f63-4ea5-9910-a1faa3e2ed8b,Pengguna Google,mantap untuk warga jakarta,5,0,2021-07-20 05:44:20
42ef38f7-a4fe-4403-a1da-d8411c424afd,Pengguna Google,Mantap,5,0,2021-07-20 01:51:16
0a8a1b47-14ed-438a-8bf8-62cf88e815c3,Pengguna Google,Okelah,5,0,2021-07-19 21:21:08
6d8f0477-76f5-4d54-bd80-a697fb296f2d,Pengguna Google,Hati hati ini TDK bisa menjaga privasi orang semuanya kan di beberkan...,1,1,2021-07-19 20:55:03
ca58d56c-a1be-441c-bd68-1720a0e54bf8,Pengguna Google,Sedang mencoba.,3,0,2021-07-19 16:57:23
ef97e296-65d3-47a4-a96f-9d017c0ae101,Pengguna Google,"Saya kasih 3 dulu ... Hai admin, saya mau nanya dong ... Kalo ingin reschedule jadwal vaksin bagaimana yaa caranya ?? Mohon arahannya ...",5,1,2021-07-19 14:44:23
bf2a43fa-b349-4ee9-80df-507d00e207ce,Pengguna Google,Sangat membantu,5,0,2021-07-19 11:09:04
4a6dd032-52d0-416a-a6fb-356703bcabdf,Pengguna Google,Nice apps,5,1,2021-07-19 06:27:31
48cf50f6-07ed-4da4-a911-e5bdb9c2974c,Pengguna Google,Makasih jaki. Aplikasi ini sangat membantu saya...keren. Lo udah vaksin dimana pun di wilayah Jakarta . Pasti terdaftar disini. Dan bisa download sertfikatnya,5,0,2021-07-18 22:35:51
29b0f424-b2c2-4189-b40e-1a3c6f223e1a,Pengguna Google,Berkembanglah terus.. 👌,5,0,2021-07-18 15:51:54
f783730d-48ed-4a96-9c3c-42edb14d68a6,Pengguna Google,Luar Biasa !!!!!!,5,0,2021-07-18 12:26:02
6c440a1b-1321-4c1c-bed6-a24400fa9a74,Pengguna Google,Pindah lokasi tanpa pemberitahuan sebelumnya,3,0,2021-07-18 10:55:22
864c02be-c8ab-4352-94c3-1ee51ace064a,Pengguna Google,"Ini gimana sih ???? Suruh daftar vaksin lewat JAKI, udah daftar ada pre screening disuruh Login lagi, giliran login ulang malah gak bisa keterangan Maaf nik dan nama tdk sama !!!! Apa sih kendala nya begitu , jangan main main deh diperbaiki lagi jangan cari untung di download doang. Kecewa banget",1,4,2021-07-17 18:53:11
21798f29-337c-4304-8c5f-0f5e569ca9f6,Pengguna Google,"Saya sudah daftar vaksin tetapi lewat jadwal , apakah bisa di hari berikut nya atau gak ya ?",4,0,2021-07-17 15:20:06
de9f5e72-0527-4f0a-8f02-87e4f24da7c8,Pengguna Google,Saya sudah melakukan vaksin tgl 15/7/2021 hasil sertifikasi vaksin saya kenapa belum terbit ya,5,0,2021-07-17 12:04:39
7e5514c7-1897-44a0-9d87-a8f33f4bc586,Pengguna Google,Makasih aplikasi JAKI sangat membantu,5,0,2021-07-17 11:54:02
034db405-0de2-4bde-bbda-b729f7679b29,Pengguna Google,Aplikasinya membantu saya banget saat mau vaksin terima kasih,5,0,2021-07-17 11:53:24
57605cb3-561d-4306-9882-2ccc1c48af04,Pengguna Google,Kok gak busa lapor pelanggaran PPKM,1,0,2021-07-17 07:46:47
67a75108-88d5-4249-b506-7a6433f245fd,Pengguna Google,"Alplikasi gak jelas,daftar vaksin penuh terus,sementara di lokasi pendaftaran masih tersisa banyak kuota. .🤣 Kalau susah begini mempermudah apa nya ? Mempersulit iya",1,2,2021-07-16 21:23:15
cddd244a-79df-4882-b7f7-74b4e4ad99e1,Pengguna Google,Sangat membantu masyarakat terima kasih JAKI,5,0,2021-07-16 19:46:58
0f573b45-2556-4988-ac4f-fd38482a957a,Pengguna Google,"Sangat membantu saya, saat saya ingin vaksin🥰❤️",5,0,2021-07-16 14:51:46
bc0485aa-6567-4e2c-8651-fb0270d66651,Pengguna Google,aplikasinya ga jelas sumpah..daftar dari tengh malem smpe siang hari kuota penuh terus.apa gunanya aplikasi ini.cuma abisin kuota aja,1,1,2021-07-16 11:13:13
149930e2-e50a-4883-88ed-57a14b1120c5,Pengguna Google,"Halo min, ini qouta vaksin sudah habis yaa? Kok nggk avail smua nih",4,0,2021-07-16 11:02:17
a2c155c6-75ea-4968-b999-3ef29f58dace,Pengguna Google,Sangat setuju,4,0,2021-07-15 21:39:17
e6dd0d0f-3131-4cc5-b9f0-9fdf3737cb2f,Pengguna Google,Mantap,5,0,2021-07-15 19:51:11
a9c62966-0382-49c6-90aa-3c34b0d75e6f,Pengguna Google,ok,5,0,2021-07-15 19:35:36
8e7d93c2-2511-4f22-98d0-14025960a5f6,Pengguna Google,Bagai mana ini gubeenur orang sudah divaksin ko di tulis belum di vaksin.,2,0,2021-07-15 19:22:16
26634563-156d-402b-8492-d34582d23c03,Pengguna Google,Aplikasi yang bagus. tapi app sering lambat dan server down,3,0,2021-07-15 17:35:34
dde517e3-a740-400b-8cdf-ac8030b9bc8d,Pengguna Google,"Susah dibuka,,eror terus.. Padahal buka link lainnya cepat tapi kalau mau absen online susahnya bukan main. Password & username sudah benar,tapi masih eror😣😣",2,0,2021-07-15 17:26:13
1ff70b84-c937-458d-a76a-ae05725fac06,Pengguna Google,Good job,5,0,2021-07-15 15:30:24
1748fe6b-b23d-49e7-8de3-0763e52ccfe5,Pengguna Google,Bagus,5,0,2021-07-15 15:10:42
462966bc-16fb-4c59-a49e-3c69f8fc1ccd,Pengguna Google,"Engga guna, sama sekali aplikasi yang tidak berguna",1,0,2021-07-15 14:19:30
527641a2-c15a-43f0-96d9-1380000cf515,Pengguna Google,Memudahkan untuk daftar vaksin,5,0,2021-07-15 11:28:34
04311563-d537-440f-8080-ef7aa6c3dcd8,Pengguna Google,Jaki bikin mudah untuk vaksinasi 👍🏻,5,0,2021-07-15 11:17:16
0c16abe8-2b3e-4a92-b533-415fec799e0c,Pengguna Google,Saya vaksin dari tgl 14 sampai saat ini dan sudah di vaksin knp di aplikasi nya belum terdaftar vaksin dan SMS atau gmail pun tidak ada yg masuk sampai sekarang? Gimana?,3,1,2021-07-15 07:51:12
903ab324-9a9e-42c5-ba77-240db10a4111,Pengguna Google,ok,5,0,2021-07-14 23:21:09
0073958e-b0a8-4319-9360-57a6050f898a,Pengguna Google,"Apakah aplikasi ini sudah diterapkan diseluruh wilayah, harus ada kontrolnya. Sayang aplikasi yang bagus, tapi prakteknya masih ada antrian kerumunan warga dan pendaftaran manual",5,3,2021-07-14 22:11:00
87aae591-4c86-4bf3-8064-d6145903dacb,Pengguna Google,Saya beberapa kali mau download apk jaki ko ga bisa bisa ini kenapa kira²,1,0,2021-07-14 21:19:12
ae0faf5f-81e1-4063-8089-b9443fabe260,Pengguna Google,Sebuah aplikasi yg baik utk pengetahuan tentang info apapun khusunya di Jakarta,5,0,2021-07-14 19:41:48
b27dda83-f721-4dbd-9554-d78f129e4ae4,Pengguna Google,Aplikasi ngg guna,1,0,2021-07-14 19:33:56
b969956e-ec76-454c-9c5f-99b92c1684fb,Pengguna Google,Mau nanya klo udah daftar trus ada tulisan sudah terjadwal nanti pas hari H nya langsung Dateng aja ke lokasi yg sudah d tentukan ya??,5,0,2021-07-14 18:20:05
9a5a00c0-706b-4fb8-aeab-89b1ab94f920,Pengguna Google,"Hallo jaki ,sy mau daftar vaksin wilayah Jakarta timur ,KTP domisili bisa atw TDK ,atw KTP daerah tolong penjelasannya",1,0,2021-07-14 17:42:27
c7ae59d5-e7c3-4148-9e57-9fce96821029,Pengguna Google,"Tidak bisa daftar untuk vaksin, semua wilayah kuota sudah penuh, gimana ini??🤔",4,0,2021-07-14 16:11:22
21a47b03-916a-4b49-bf2e-eb0fe21bd383,Pengguna Google,"Mau daftar vaksinasi sesuai wilayah domisili, tapi selalu muncul kuota penuh. Ini sistemnya yang gak real time..? Atau memang kuota vaksinasi dari Pemerintah sudah habis..?",3,0,2021-07-14 15:52:43
7d584857-cc15-46ab-b354-810ee171984e,Pengguna Google,Gara2 apk ini sy di pecat dr kerjaan gra2 upload krumunan,1,0,2021-07-14 14:55:37
76f01891-b533-43ad-ba83-23af37164dfb,Pengguna Google,"Sepertinya saya ada keslahan cantumin no tlp pada saat pendaftaran vaksin kmrn tgl 11 Juli 2021 di stadion GBK mk nya sampai sekarang saya blm dapat notif tuk unduh sertifikat nya,padahal tgl 8 Agustus 2021 saya ada undangan jadwal vaksin ke-2. Mohon solusi nya admin.",5,5,2021-07-14 13:17:50
82a2acee-e23d-4a6b-8464-b9ce9b0fe937,Pengguna Google,Bermanfaat,4,0,2021-07-14 11:18:16
6bd8c609-3741-41b5-b977-5db29a1bcad8,Pengguna Google,"Senyuman aja dah....daftar vaksin kuota penuh semua.ya udh....,lagian Alhamdulillah msh sehat terus sll dlm lindungan ALLAH.saya lokasi Jakarta timur Kramat jati penuh semua,aku coba Jakarta pusat dkt tmpt krj tanah abang penuh semua,Jakarta Selatan pasar Minggu penuh semua.ya udh mending nggak usah.mau ksh bintang satu kasihan.tar aku ksh bintang 7 aja deh buat yg buat aplikasi...tunggu ya aku beli dulu di toko Ucok.😀😀",5,2,2021-07-14 10:35:25
34a88fd9-2ef8-4d73-9e63-28cbf79f1590,Pengguna Google,"Wkwkwk aplikasi yang berhubungan sama Indonesia udah pasti sampah dah. Lo yang masih download, ya berarti lo yang bego. Jangan komplain mulu makanya, udah tau aplikasi JAKI sampah, masih ae di download.",1,6,2021-07-14 08:30:53
9d034f7b-7243-4ddc-a5f8-958aca85c553,Pengguna Google,Kinerja responsif dengan cepat dan tanggap. Terima kasih untuk semua pihak sudah bekerja sama dengan baik mengatasi permasalahan lainnya di DKI Jakarta.,5,1,2021-07-14 06:29:35
21b74ae8-f055-4f54-823a-7692f604929b,Pengguna Google,Tidak bisa di instal di HP saya,2,0,2021-07-14 06:02:46
2fc70d81-a418-49b5-b72c-9dafbfa856ed,Pengguna Google,"Payah gmn mao vaksin,mao daftar aja di persulit,, katanya suruh ikutin anjuran pemerintah tp mao daftar aja di persulit,, dtng langsung ya ga bisa,suruh dftr lewat jaki,nih yg bener yg mana sih",1,1,2021-07-14 01:57:36
36333332-27f9-4b7e-9ebe-6a1b82df158e,Pengguna Google,"Saya pendukung pak Ahok tapi saya kagum dengan Pak anis, karena bisa jauh lebih baik dari pak Ahok",5,0,2021-07-13 19:36:15
1dfa732e-014e-4b20-af9e-a4b2397ea48e,Pengguna Google,Kok saya sudah vaksin tapi belum di perbarui data nya dan di kartu vaksin tidak ada jadwal untuk vaksin ke dua?,3,0,2021-07-13 19:16:40
e415250c-f0b1-40f6-be63-c1f582657ca8,Pengguna Google,Sebetulnya bagus aplikasinya tapi sayang Kouta untuk vaksin penuh semoga diubah lagi menjadi lebih bagus,4,0,2021-07-13 19:06:34
8ee80a14-20c3-47f4-a601-dc536165d409,Pengguna Google,"Saya sudah bisa untuk cetak kartu vaksinasi.. Terima kasih Jaki telah mempermudah kami sebagai warga DKI Jakarta dalam memenuhi kebutuhan di segala aspek kegiatan warga. Semoga lebih baik lagi, developer fast respon 🙏☺",5,4,2021-07-13 19:06:02
b96daa0d-dc68-4176-92c3-9ded46497911,Pengguna Google,"Sebelumnya ga bisa daftar vaksin. Ternyata karna harus Update Chrome dulu. Setelah itu jadi mudah daftarnya. Saya langsung vaksin di hari yg sama jam 12, rabu 13juli di Smesco, kuotanya masih banyak loh diatas 400. Malah yg hari kamis sudah habis kuotanya. Cara lihat kuota : ke web corona.jakarta.go.id lalu klik sebelah kanan garis 3 - klik vaksinasi - klik kuota vaksinasi jaki , tunggu loadingnya. Kelihatan deh tempat mana yg masih ada kuotanya. Tinggal di kec.KramatJati milih smesco krn dekat",5,27,2021-07-13 17:26:03
cca63374-50de-4edf-bfdc-8479e98f443b,Pengguna Google,Bagus,4,0,2021-07-13 15:50:21
5a661d59-8ac0-40af-9b93-c4b2152c2d49,Pengguna Google,Pakgub Intruksi daftar lewat sini jaki di media masa akun resmi juga inifo lwt apk jaki bisa ... ko sampe saat ini masih belum bisa berjalan dengan maksimal sebenernya sinkron atau tidak sii yaah pelayanan nya lwt online,5,0,2021-07-13 15:10:11
ecd51338-44e3-4c77-a290-369eb5873141,Pengguna Google,Nice and good,5,0,2021-07-13 14:32:50
0cb22592-23b4-45d6-a8a3-0d7219b64c30,Pengguna Google,"Kenapa semua kelurahan di daerah jakarta selatan kuota nya penuh semua. Tolong di perbaiki system nya, udah instal App nya, tapi gk ada solusi, kecewa...",1,1,2021-07-13 14:13:33
dffb7392-4e96-439a-bc7c-1fbd79451907,Pengguna Google,Perlindungan Privasi pelapor harusnya lebih diperhatikan dan dijaga,1,0,2021-07-13 12:54:58
e1db1f88-e2f3-4853-a0a9-ee09c27beda4,Pengguna Google,"Mohon bantuannya. Saya mau mendaftarkan vaksin untuk istri saya tapi selalu muncul tulisan ""Maaf nama yang Anda masukan tidak sesuai dengan nik yang terdaftar"". Padahal saya check nama dan nik istri saya di pedulilindungi sudha sesuai dan termasuk calon penerima vaksin. Tapi kenapa di jaki seperti ini? Mohon bantuannya.",3,3,2021-07-13 12:12:30
1746c499-046e-4db5-9347-9bf99385d69c,Pengguna Google,"Sangat membantu warga DKI Jakarta, terutama yang akan vaksin. Yuk instal, dan langsung daftar vaksin sekarang.",5,0,2021-07-13 11:33:20
f2f3c2fb-18bf-4dbc-a507-4da47b530a33,Pengguna Google,Ok aplikasinya sangat membantu,5,0,2021-07-13 11:31:24
e13c8ece-c598-4e81-ac2d-d138bfc56457,Pengguna Google,Mw daftar kan keponakan yg blm pny ktp.. Bagaimana cara nya...sdg ka masuk ke jaki hrs input nomer ktp,1,0,2021-07-13 11:26:20
668a6542-ee73-4f57-b057-8af19ae4193b,Pengguna Google,"Mohon izin pak/bu.. saya mau tanya. Minggu tgl 11 juli kemarin saya telah di vaksin sinovac, namun smpai sekarang sya melihat aplikasi jaki menyatakan bahwa sya msih blm di vaksin dosis pertama! Dan smpai sekarang sya blm menerima email maupun sms?",1,8,2021-07-13 11:06:38
759a0709-f016-4ba4-8853-22950e031c10,Pengguna Google,Oke,5,0,2021-07-13 10:26:23
5c4bde99-515b-41b1-9c38-8f07a4169302,Pengguna Google,"Tolong untuk petugas yang dilapangan, jaga identitas nama pelapor, saya pas awal"" Pandemi juga pernah melaporkan kerumunan, dan akhirnya mereka tau kalo saya yg melaporkan,.. Eh kemaren ada kasus lagi kalo yg melapor malah disebut namanya.. Kan bobrok banget itu petugas yg dilapangan, nyebut nama pelapor.. Ckckckck Saya udah gak berani lapor lewat JAKI..",1,37,2021-07-13 09:56:42
9510f268-e559-4421-941c-d86532c00d8e,Pengguna Google,Data bocor,1,0,2021-07-13 09:03:32
0cd68a56-4e5e-47cf-814d-fa79a8d270ee,Pengguna Google,"Aplikasi bapuk, mau buat daftar vaksin aja gak bisa",1,0,2021-07-13 06:20:07
cb2b1d15-4e8e-4a73-97e8-63d07f803c64,Pengguna Google,Ok,5,0,2021-07-13 06:01:14
fae7f0a7-8b51-4421-9d6d-0a75859d4b37,Pengguna Google,Mao vaksin kuotanya penuh muluuu sii..,2,0,2021-07-13 05:52:18
69de73c4-a607-46e6-8c13-84a8f2252199,Pengguna Google,Moon maaf apakah untuk ktp luar yg sedang merantau wajib atau perlu memakai domisili..?? Soalnya teman saya yg sudah vaksin lewat aplikasi ini persyaratanya ada domisili nya juga bukan ktp dan fc barcode..??,3,5,2021-07-12 22:40:37
3fb7ca66-d597-488a-b6c6-27776ffec5cc,Pengguna Google,Good job,5,0,2021-07-12 22:00:28
94247f1f-f612-49b5-a90b-742190710e30,Pengguna Google,"Aplikasi eror kali ya,semua kelurahan sdh penuh,bikin orng males vaksin aja,wong niat mau vaksin,malah bikin kesel aplikasi ya",1,2,2021-07-12 18:44:30
8463656f-c68a-4536-8fd1-47dc5a8ddb75,Pengguna Google,"Aplikasinya keren banget, saya sudah dapat jadwal vaksinnya. Cukup lima menit daftarnya, ga buang2 waktu sama sekali wkwk. Terima kasih JAKI",5,0,2021-07-12 15:54:17
e17c9999-04b0-4508-a994-447deea1cf39,Pengguna Google,"bagus kokk aplikasinya memudahkann bgt untuk yg non dki buat dapet vaksin di jkt, buat kalian yg tulisanny tidak tersedia faskes kalian liat data kecukupan vaksin di faskes yg mau kalian kunjungi apakah masi ada sisa kuota atau ngga, kalo habis ya ditunggu restock aja tunggu beberapa hari, SABAR, jangan kerjaannya marah marah terus ngasi penilaian atau rating yg jelek. buktinya saya nunggu cuma 5 harian bisa kok dapet kuota vaksin, tp emang kadang masi ada bug dikit di apk tp bisa kalian email",5,2,2021-07-12 14:51:49
71e3b08f-4fd7-4813-b31b-51c0165113e2,Pengguna Google,Kk pas sya print wrnanya agak gelap Itu jadi masalah apa nggk kk,3,0,2021-07-12 13:46:13
cb6c522f-41fa-4be3-8c4e-9b76093f25b5,Pengguna Google,Oke jak,5,0,2021-07-12 13:27:58
3b540294-a257-4a86-a396-2755330e91d0,Pengguna Google,Aplikasi gajelas! Bilangnya jakarta smart.! Bikin app aja kualitas buruk!! Bilang smart,1,0,2021-07-12 13:03:06
4b6daf42-b522-4985-9645-48e28a30834e,Pengguna Google,"Susah login untuk daftar vaksin, tolong di perbaiki",1,0,2021-07-12 12:47:49
17823da4-bad7-44e6-9378-d5752f6769d3,Pengguna Google,Aplikasi lemot saat dibuka dan sering eror,1,0,2021-07-12 12:35:06
871b794b-2adb-4857-a5ce-de3312bf14ce,Pengguna Google,"Alhamdulillah berkat aplikasi ini saya bisa divaksin pertama dan next vaksin ke dua,persyaratan gk ribet dan simple.makasih",5,1,2021-07-12 11:52:59
4eb101e2-978b-45f8-9aa4-0d4388c170fc,Pengguna Google,Mantap,5,0,2021-07-12 11:49:40
6dd07052-26a1-4f51-b919-dd0553510b03,Pengguna Google,"Sudah divaksin1 tapi sertifikat yg dikatakan petugas dikirim melalui nomor hp terdaftar belum dikirim sampai saat ini,Buka aplikasi Jaki daftar ulang bisa dan Status masih Belum Divaksin🥴 sidah seharusnya data terhubung bilamana sdh divaksin di aplikasi Jaki sudah seharusnya ada data tersebut jadi tidak ganda... pemerintah membuat aplikasi takjelas nanti akhirnya data diperjual belikan pula..mohon ditinjau aplikasi ini saran saya... terima kasih",1,3,2021-07-12 11:45:48
2ac22d2e-f4b4-4cb0-a3c8-6d53835d51c1,Pengguna Google,masalah koneksi terus.. padahal browsing dll lancar2 aja.....,2,0,2021-07-12 11:15:31
d245db57-c409-4203-91b5-d5b852efb5f4,Pengguna Google,"Aplikasi ngk guna sekali, daftar online iya , pas datang daftar lagi aja ngantri hadeh",1,0,2021-07-12 10:20:57
1e00ba92-0aea-4259-a675-c79a88ec51e1,Pengguna Google,Saya mau melaporkan sistem bobrok yang tidak melindungi pelapor. Ke mana ya lapornya?,1,0,2021-07-12 07:13:39
f8593583-fbd4-4e17-b820-f7fd0dccb4ce,Pengguna Google,Hidupkan dunia digital. Maju terus membangun bangsa dan negara,5,0,2021-07-12 06:50:10
25c6e0eb-7b4b-4cf4-837a-92914ef2c357,Pengguna Google,Oke,5,0,2021-07-12 05:51:27
2ac79ecf-9c21-416a-a432-e57edc85fb32,Pengguna Google,"Astaga ga ini ga jakevo sama aja, mau urus2 surat aja susah bnget...padahal tengah malem, masa iya server penuh",1,0,2021-07-12 04:20:48
9a8b8e77-3dd1-4849-850c-5a4e6181cb74,Pengguna Google,"Sebetulnya banyak info yang bagus di aplikasi ini, tp tiap mau daftar vaksin kuota selalu penuh. Tiap jam di cobain terus, tetep kuota penuh terus. Ga tega kasih bintang satu, jadi bintang 4 aja dengan harapan ada perubahan dan perkembangan dalam aplikasi ini. Terimakasih banyak",4,17,2021-07-11 22:41:19
7713f786-985a-459e-8b30-ea8d5b1a15ce,Pengguna Google,Saya sudah vaksin di gbk kenapa masih belum ada sms notif buat sertifikat vaksinnya?? Karna butuh juga sertifikat vaksinnya,2,0,2021-07-11 21:08:49
83f62690-475f-42ce-a6e8-594e5cda1153,Pengguna Google,sy KTP non dki cukup terbantu oleh aplikasi ini.. Cukup e KTP..dan petugas vaksin yg ramah dan profesional kerjanya..RSUD TARAKAN 3 Juli 2021,4,0,2021-07-11 18:01:19
840c0d31-3075-4481-80d2-c0f7679dee04,Pengguna Google,"Keren aplikasi nya sangat membantu, saya vaksinasi ga sampe 1 jam, sudh beres..trimakasih ya..",5,4,2021-07-11 15:34:39
0166c34a-6101-4adf-ba59-ada44cf75eb1,Pengguna Google,"Masukan untuk aplikasi Jaki: *penambahan video durasi 15-30detik untuk menjelaskan kondisi lbh detail. *tambah kapasitas foto max 3 gambar. *kolom komentar juga bisa dilampirkan foto/videony. *Data pelapor rahasia, jgn pernh sebutkan nama pelapor kpd pihak yg ditegur (harus anonim sama saja Aparat ngadu domba & memperkeruh, dsni pelapor hny melaporkan kondisi yg di foto/vidokan saat itu, TL dri aparat sndri bntu menghimbau). *TL n respond pelaporan tolong dibantu segera.",3,10,2021-07-11 15:14:09
a03c023d-24e6-48db-bdbb-37d69e06aba3,Pengguna Google,Mantap,5,0,2021-07-11 14:30:52
5b9f99a2-8425-4a75-86e4-fac1c92e1735,Pengguna Google,"Maaf saya mau tanya bisa kah saya mengganti lokasi vaksinasi, soalnya saya dapat infonya by aplikasi Grab untuk di lokasi yg sdh d tentukan, tapi saya salah pilih lokasi. Thanks.",3,2,2021-07-11 14:22:51
e403ed84-e751-4a6f-af37-a9c8fef3a0df,Pengguna Google,Baiklah,4,0,2021-07-11 13:08:10
86b3e86a-11a2-4edd-822e-d5cc80363fae,Pengguna Google,Mantab sangat membantu,5,0,2021-07-11 11:22:12
0a12c88f-6104-44f9-a430-1ace4a2bcff2,Pengguna Google,Mantap,5,0,2021-07-11 10:54:13
6601476d-9219-43c7-a0ad-4afa96dfd0b1,Pengguna Google,Mantap... perbaiki terus agar lebih support kedepannya #Hargai karya orang lain,5,0,2021-07-11 10:34:05
af4ff381-d954-4693-bb17-8a343f73a4ac,Pengguna Google,"Mau daftar vaksinasi tidak bisa, saya mau masukan data tidak bisa. Gimana ini?",1,0,2021-07-11 06:51:33
97c2edbb-8b76-428e-a0b9-46de330267c8,Pengguna Google,Sangat bermanfaat,5,0,2021-07-11 06:40:44
e4d2d8e8-48be-4d80-86e9-fa54d8e6cff1,Pengguna Google,Ok,5,0,2021-07-11 05:39:22
099b80d9-4b06-4419-9877-5254dfa09a18,Pengguna Google,Saya kasih segini dulu ya nanti kalo bagus saya tambahkan bintangnya ya,3,0,2021-07-11 01:46:06
328cf8f2-2d0f-45e2-baa6-0cee2219d67e,Pengguna Google,"Kenapa harus lapor dulu baru di tindak...kenapa ga langsung sidak aja... Operasi langsung..ga usa nyari nyari pelanggaran...masa di suruh jadi mata mata...klo pengen tau banyak bgt pelanggaran di malem Hari dr pukul 8 keatas.. banyak bgt orang nongkrong di depan gang gang dlm Jakarta.ga anak kecil,ABG,remaja, bapak 2 semua ada...dan kebanyakan ga pake masker.depan rumah pada ngobrol bercanda bercampur...klo ada 1 aja yg terpapar covid dah pasti kena semua itu.. petugas nya mana?????",2,6,2021-07-10 23:54:16
32579497-db32-45cf-953d-cd18107dd9fe,Pengguna Google,"Udah daftar buat tanggal 15 Juli bsok, barusan mau di cek di aplikasi lagi, malah daftar ulang lagi. Tolong lah pada yang penyedia aplikasi, di perbaiki sistem nya, jangan hal serupa kembali terjadi lagi. Terima kasih",1,13,2021-07-10 23:39:03
6a4058af-e184-43c7-be46-1fa28570687c,Pengguna Google,top banget bisa membantu masarakt luar DKI,5,0,2021-07-10 22:38:59
63da8018-7c75-4e89-8cde-c91cfd210233,Pengguna Google,"saya punya riwayat autoimun, dan saya jawab ""iya"" pada saat pre screening pertanyaan ""apakah memiliki penyakit autoimun?"" , tapi saat di download hasil jawaban nya ""tidak"", ini mau buat saya celaka ya?",1,9,2021-07-10 22:38:21
7a88f85d-f298-400e-9141-a41c62a1810d,Pengguna Google,Mantap,5,0,2021-07-10 22:34:06
39b7fd1d-c0f9-4d5f-a8f6-fb5a50003aef,Pengguna Google,Nice,5,0,2021-07-10 22:08:03
624a6e23-ebfd-4cb5-8cb3-e343388db634,Pengguna Google,"Utk kerahasiaan melaporkan ppkm identitas pelapor bocor di warga yg dilaporkan, jd mls gunain aplikasi ini utk lapor""",3,0,2021-07-10 19:25:21
4a330fc9-4329-4182-b154-3509ca8c5729,Pengguna Google,Semoga terus dikembangkan dan diperbaiki kekurangan yg ada. Thanks,4,0,2021-07-10 19:12:24
3859cb34-445e-4d01-b955-3ded3cc156c8,Pengguna Google,Gimana ya suruh vaksin tapi harus daftar online lewat Jaki kuota dimana-mana penuh. Pake Dateng langsung kuota minim. Ya Allah sabaaar,1,0,2021-07-10 18:05:27
b4922d4f-f4a3-4b3f-80f6-067e1eeaba4b,Pengguna Google,"Aplikasi gak jelas, mau daftar vaksin kuota penuh semua, teman saya di tangerang malah lebih mudah daftar nya via app juga, masa jakarta kalah dengan tangerang, sangat memalukan.",1,2,2021-07-10 16:55:25
35f1b725-70db-4bc8-baf9-d31e13a3e241,Pengguna Google,Trimakasih Jakarta,5,0,2021-07-10 16:06:46
8b39b90d-7074-4ede-9f66-f587861d3783,Pengguna Google,Aplikasi ga guna,1,0,2021-07-10 14:16:08
a4a15cd3-fb97-4600-9add-9496dfe1c99d,Pengguna Google,"Layak dpt bintang 1, disuruh daftat lewat aplikasi, gak tainya cuma PHP... AUTO UNINSTALL.. buang2 kuota n waktu gw az anjayyy...",1,0,2021-07-10 13:21:45
2d62abb5-a9e6-4d3a-af72-6ba62ffeda98,Pengguna Google,Infonya lengkap,4,0,2021-07-10 12:17:40
f6ae742c-a356-4104-aedb-5b91cd87fc3b,Pengguna Google,Saya sudah daftar vaksin dan sudah diterima dan di sccreening pendaftaran saya...dan disuruh cek berkala...knp pas di cek nama saya Jd gak ada?ko bikin system' mentah bgt sih...daftar ulang lagi udh gak bisa sy daftar untuk hr Selasa 13/07/21 di Pejaten village...trs gimana nih?????????,1,17,2021-07-10 12:17:35
887641c3-c753-4982-a826-f87be72ce986,Pengguna Google,"Saya mau daftar vaksin anak saya, tapi semua lokasi vaksin di jakarta selatan kenapa kuotanya sudah full semua yah? Jd harus daftar dimana lagi?",2,1,2021-07-10 10:15:47
98ad1b65-f7a6-4180-b8cc-d3c3ba115726,Pengguna Google,"Untuk daerah diluar Jakarta bisa gak daftar disini, saya ktp Jakarta tapi tinggal di Tangerang mohon dijawab",5,0,2021-07-09 22:06:11
0c0af75a-7873-4b1a-b198-8b3d402e5e5c,Pengguna Google,Rame,5,0,2021-07-09 22:01:01
241de467-1828-4550-867c-975a412b33ff,Pengguna Google,Top,5,0,2021-07-09 21:31:57
887b9889-923d-415d-a40d-559ae6a49267,Pengguna Google,Senang Dan Sanggat Informatif Aplikasi Ini Terlebih Untuk Warga DKI Jakarta,5,0,2021-07-09 18:49:32
2a3073a7-a858-4394-99a1-6b5d85521c53,Pengguna Google,ga jelas,1,0,2021-07-09 18:02:23
4ca011b7-5b8b-42cf-86c8-71f1f9d13dd7,Pengguna Google,Tiap mau daftar vaksin harus lewat jaki app tp stiap mau daftar selalu kuota penuh di semua dan disetiap tempat kan bingung jadinya apa yg salah gtu bkin emosi jdinya,1,0,2021-07-09 15:49:50
4ad6cbf4-468a-47d9-81bd-54713bc77147,Pengguna Google,Berkat jaki saya yang bukan ktp jakarta bisa sangat mudah sapat vaksin.. terimakasih,5,0,2021-07-09 14:14:56
19012716-3e30-49cf-afda-a6fd8d9e3f79,Pengguna Google,Sangat membantu🙏😊,5,0,2021-07-09 14:13:26
8f5d8cc7-9c83-4213-a9be-3977d82f0991,Pengguna Google,"Udah daftar online, udah antriannya lama, udah di print,eee suruh ngisi lg alhasil suruh ngantri lg , biarpun online kenyataan tetep antrian panjang",1,0,2021-07-09 13:43:49
da7875a2-9af7-4db6-af2e-3c0d30cd746e,Pengguna Google,"Weii mobil vaksin nya kemana ko kaga ada ,gak jelas nih",1,0,2021-07-09 12:03:28
5a5eb01b-e89b-49ff-9260-f451655a0b39,Pengguna Google,Good job,5,0,2021-07-09 11:59:59
58e403b0-215a-4ae8-8413-9d1047692ca6,Pengguna Google,Aplikasi sangat bermanfaat,5,0,2021-07-09 11:38:52
54be16a5-6af7-454d-b3ee-a568f146f458,Pengguna Google,"Aplikasi gak berguna, abisin anggaran doang. Daftar vaksinasi online disuruh isi ulang data, sama dengan datang langsung on site",1,0,2021-07-09 10:36:22
abb85f2a-880f-43ef-b43a-5dc7a9e17fef,Pengguna Google,Bagus,5,0,2021-07-09 10:12:05
0ec46174-e50a-4d1f-9b80-9414fdf3a9f9,Pengguna Google,"Baru download aja udh bikin keki,masa username aja dipersulit..gimana orang ga males bwt daftar",3,0,2021-07-09 07:15:06
de8167e5-2640-468f-b879-9ee6ce3c7f93,Pengguna Google,Aplikasi yang sangat membantu dan mempermudah kita sebagai warga Indonesia,5,0,2021-07-09 04:23:35
3315612e-59ad-4d40-a7ee-7172a8016b60,Pengguna Google,Bad,1,0,2021-07-09 01:37:50
99b1040b-7044-4218-ae72-6595ce61968e,Pengguna Google,"Kalau kalian kesulitan daftar di aplikasi, langsung aja buka corona.jakarta.go.id lebih cepat",3,0,2021-07-09 01:26:14
4a84b2b5-0814-4626-ac60-fb1eaeb22f3a,Pengguna Google,"Sangat bagus, dan sangat membantu. Aplikasi multi fungsi",5,0,2021-07-08 22:54:32
d6b6df59-7eed-4083-81e0-e3a254c5eea2,Pengguna Google,"Alhamdullilah aplikasi nya sangat membantu,mungkin pertama banyak tempat yg kuotanya sudah penuh tpi akhirnya ktemu jga dan saat datang tdk perlu menunggu lama karna saya pelajar jdi di utamakan",5,0,2021-07-08 22:39:37
b6023f43-07fc-43e7-95d1-925be89c1188,Pengguna Google,Mantap🌟🌟🌟🌟🌟🌟🌟,5,0,2021-07-08 21:03:35
b99e366f-e8d9-4762-bae0-0eac1e428370,Pengguna Google,mau vaksin gimana semua full,1,0,2021-07-08 20:33:56
10c09733-7d4d-41eb-bfee-ffdadf71f035,Pengguna Google,"Aplikasi JAKI, sangat membantu saya dalam memperoleh informasi Vaksin. Dan Saat Vaksin, Diprioritaskan yang pakai aplikasi JAKI. Terima Kasih JAKI.",5,1,2021-07-08 20:25:02
a40b72af-ced8-4ca0-865d-05d351a97d62,Pengguna Google,Aplikasi tolol penuh aja semua... mau vaksin dimana,1,0,2021-07-08 19:09:47
e17ad2fa-af98-41d8-94c8-257fcb2d28d6,Pengguna Google,Tidak bisa pilih lokasi vaksin suruh daftar online tpi kyk gni aplikasinya jdi bingung daftar online.,1,0,2021-07-08 18:47:57
b282122e-97bb-45be-8bc8-dba57ce5471f,Pengguna Google,"Aplikasi bagus, simple, mudah di gunakan, informatif , tapi kok data saya belum update yaaa? Apa karena baru vaksin tadi siang??",5,1,2021-07-08 18:17:12
b5dc415a-4881-4477-af0d-ec60738770cd,Pengguna Google,Membantu sekali 🙏,5,0,2021-07-08 17:26:24
565ba670-2b5c-4962-bffa-3b737debc248,Pengguna Google,Satu aplikasi bisa untuk ngapain aja Sangat membantu ......,5,0,2021-07-08 17:24:23
4ac98f71-d673-411e-86b8-9fa34b386bef,Pengguna Google,gak ada untuk cetak dan cek sertifikat vaksin nya..lain sih udah ok..,5,0,2021-07-08 17:14:05
9ff02662-bb5c-47d6-a137-fb71bd3725bb,Pengguna Google,"Khusus pelayanan untuk Vaksin melalui jaki menurut saya bagus mantap asik, ramah semua petugasnya.... kalau paham dan membaca dengan detail alurnya pasti gampang prosesnya",5,1,2021-07-08 14:56:00
af9686e9-2a1d-4745-beaa-a389c6c89e4f,Pengguna Google,T O P dah...,5,0,2021-07-08 14:09:56
750c7e85-d97c-42f5-b29f-420bef605c30,Pengguna Google,Buzzer jangan ngerating jelek yaaa..,5,0,2021-07-08 13:41:38
1caf02e9-148f-4815-a5ca-c18f6812e6c7,Pengguna Google,"Bagaimana ini Saya sudah pilih kemana mana jadwal vaksin penuh semua masa saya harus di Vaksin lain Kota, Kecamatan sama Kelurahan",1,0,2021-07-08 13:36:19
617a8029-3a54-4f56-9ad9-ea2c4a100b4e,Pengguna Google,Katro...ga cangGih... Dh cape bolak-balik cari tempat vak...biar lah ga usah vk...,1,2,2021-07-08 11:42:44
61bf90cf-590b-4726-add7-18c801bcac0b,Pengguna Google,"Percuma,, sudah daftar dan bikin jadwal, ujung2nya ngantri Berkerumun Aplikasinya ga membantu",1,0,2021-07-08 11:15:22
4690f3cb-66c1-468c-a3f5-722dd51b6969,Pengguna Google,Udah datang ke lokasi yang di berikan tetapi tidak ada kegiatan vaksin Kecewa !!,1,0,2021-07-08 09:22:33
cdad283b-b265-41b0-81e9-1b0f3769d3bc,Pengguna Google,Bagus menbantu,5,0,2021-07-08 08:53:46
4e2d53a2-331e-43af-9e84-7a99a8dc0595,Pengguna Google,Ok,5,0,2021-07-08 04:52:44
bb29de86-e34b-4dec-93db-aa4da8ebc43c,Pengguna Google,Mau daftar vaksin susah bener disini kata nya harus dr jaki..,1,0,2021-07-07 23:00:18
01c28fdd-ee72-4790-80fa-5ea631f9be27,Pengguna Google,Sangat membantu masyarakat DKI Jakarta khususnya,5,0,2021-07-07 22:59:33
77bf2039-41f9-4c55-bd94-21746043a003,Pengguna Google,"Cuma ada pilihan vaksin di kelurahan kok, pilihan di luar kelurahan atau di tempat umum lain nya kok tidak ada pilihan nya",1,0,2021-07-07 20:23:55
72df87c2-351d-4331-b208-ba65a1d30747,Pengguna Google,"Kok enggak bisa daftar, malah penuh semua ya?",1,0,2021-07-07 19:50:49
10cc9795-6f94-47b2-8d2a-acffb8927ff8,Pengguna Google,Yth. Saya hendak melaporkan DEBT COLLECTOR online yang pada PPKM DARURAT masih aja menerobos masuk ke rumah warga dan menagih secara paksa. Padahal DEBT COLLECTOR itu sendiri BELUM TENTU bersih dari korona dan lagi oleh warga emang RT saya SUDAH DI lockdown. Bagaimana jika diberitahukan kepada FINTECH P2P agar penagihannya via ONLINE dulu aja???  Lagipula rakyat semua sedang SUSAH krn korona. Apakah FINTECH P2P tidak punya hati?????,5,14,2021-07-07 19:44:16
71a9d1e8-35cc-475c-af03-5882881f4ac3,Pengguna Google,Mau daftat vaksin selalu penuh,1,0,2021-07-07 18:26:19
9ac6616d-0933-4ede-af3b-a643c22b2840,Pengguna Google,Nice aplication👍👍👍👍,5,0,2021-07-07 17:42:06
3f580882-4dd3-4ddb-a4d3-bb2169a47bcc,Pengguna Google,Bagus,5,0,2021-07-07 16:40:19
29b377e7-e13d-4f77-99b1-28225d02e093,Pengguna Google,Mau daftar vaksin aja sulit kuota sudah penuh Jakarta Timur. kalau di tv gubernurnya gembar gembor bacot ajaa daftar lewat aplikasi JAKI.,1,0,2021-07-07 16:02:36
204bf3f7-57d9-41dc-ac3a-51026aa2fdd5,Pengguna Google,"Hari ini sudah vaksin, tapi kenapa sertifikat vaksinasi nya belum keluar juga ya? Mohon arahan nya.. Tks",2,0,2021-07-07 16:01:06
34b6c66a-f517-49c5-94b2-3e20d63b5fa6,Pengguna Google,"Aplikasi pemerintah paling tidak bagus/baik untuk mendaftar vaksin saja mau cari lokasi vaksin semua wilayah penuh gak ada kuota gak Masuk akal sehat,mendingan gak usah vaksin tunggu tunggu sepi,kalau datang langsung walk langsung takut berkumpul malas ni Rekomendasi 👎",1,0,2021-07-07 15:43:03
1979ca12-8f07-48ef-86d1-0b0209c12336,Pengguna Google,"Dari awal download kirain bakal mudah daftar vaksin, yang ada faskes kuota penuh mulu. Tolong diperbaiki dong fasilitas nya",1,0,2021-07-07 15:40:04
d6d76343-6896-46e7-b529-2a6eb923cc23,Pengguna Google,Saya mau lapor tentang vaksin... Tetapi tidak bisa saya mau lapor saya sudah vaksin di RS carolus tapi ko belum dapet sertifikat nya sampai sekrng saya vaksin dari tanggal 19-juni-2021 sampai saat ini tidak dapat notip sms dan saya cek di pedulilindungin tidak terdaftar.. Mohon di bantu ya🙏,3,1,2021-07-07 14:50:00
31163617-77d1-42af-b1db-66f861d4f878,Pengguna Google,Kurang jelas dan kategori nya,1,0,2021-07-07 14:06:07
bfed230e-925c-4167-b3b0-bc00e9ceff17,Pengguna Google,"Pada penuh semua, dari Jakpus smpe Jakarta barat . Penuh semua jadi gimana masyarakat yg belum dapat vaksin",2,0,2021-07-07 13:55:22
22431102-0260-49d0-bcd0-d636f8d7d92c,Pengguna Google,"Kelen, Kalo Mau Jualan Obat, Jangan Sama Rakyat Bawah, Gimana Disuruh Vaksin lah, Daftar Di Apk JAKI lah, Setelah Di isi Data, SEMUA KUOTA PENUH, Gak Usah Gencar Vaksin Vaksin Kalo Kuota yg kelen Kasih Terbatas!!! DAN JANGAN BUAT PERATURAN HARUS VAKSIN KALO GAK VAKSIN DI DENDA, Jika Kuota Kelen Terbatas!!!",1,0,2021-07-07 13:00:28
ce15d8a7-1867-4b87-8bd2-120ed98383e4,Pengguna Google,Good,5,0,2021-07-07 12:36:48
07874f72-8ea3-46a8-aa02-a193dd6a9594,Pengguna Google,Bagus,5,0,2021-07-07 12:04:39
be3b5e49-fa92-4320-890a-b1481c4c1ec8,Pengguna Google,"Mau daftar vaksin, tp kosong dimana"" ,,, gimana nh,,,, dr kemaren selalu cek,,, ga pernah ada kuota buat vaksin deket kost an ataupun tempat kerja",1,1,2021-07-07 11:28:34
343fc999-ad0c-48e2-b39d-be7b3b13a950,Pengguna Google,Tolong dong lebih ditegasin lagi dan detail saya daftar vaksin daerah kecamatan makasar di puskesmas kecamatan makasar vaksin tujuan nya tapi dioper k sekolah smu 48 jakarata . Kenapa dr jaki kalo kerjasama ada vaksin daerah sana knpa gg ditujukan lgsung option nya k smu 48 aja jangan k puskes kec makasar . Malah disini nerima vaksin hanya dosis kedua aja. Harusnya diinfokan lebih detail lagi dong 😒,1,1,2021-07-07 10:43:51
e3fd65f5-c411-4d0e-8fae-ec5e83701ee5,Pengguna Google,Sangat memuaskan,4,0,2021-07-07 10:21:48
7ac5d7e4-1b74-4343-b746-66446cbfc66f,Pengguna Google,Ebat... aplikasi no 1. Man' tab',5,0,2021-07-07 09:51:05
30da31b0-8fa2-4d51-a8d2-61effd3a289f,Pengguna Google,Bagus.. Lengkap,5,0,2021-07-07 09:46:15
f4c55568-2162-4cef-a863-512d2ba32cec,Pengguna Google,Oke,5,0,2021-07-07 09:36:06
f2da2e67-975d-4165-8978-c54c73824c2d,Pengguna Google,Kecewa berat mau vaksin aja di persulit parah banget unistall aja,1,0,2021-07-07 09:34:47
bdb1da7c-b8a8-4cc8-9418-09a8fe7c66e8,Pengguna Google,Mo vaksin ribet diaplikasi pilih satu kecamatatan kuota penuh pilih lain penuh jga trus klo bisa dikasih info yg ada kuota dimna,1,0,2021-07-07 08:41:49
edf59fcb-f8c8-4e11-92c0-f81a1ebfc27b,Pengguna Google,Pelayanannya bagus,5,0,2021-07-07 08:31:05
ae83119e-6c15-44c9-93a1-ff6801491c65,Pengguna Google,"Bisa saja nyri uang nya wkwkw Aplikasi biar semua orang donwload..dari pertama donwload smpe skrg gbsa"" akses.",1,0,2021-07-07 07:56:47
0fe20ef6-bcc8-48d8-ab5a-f2bf8572a858,Pengguna Google,Segala pengaduan warga Jakarta langsung ditindak lanjuti. MANTAP NIH APLIKASI TROBOSAN SUKSES TRUS PAK ANIES BASWEDAN. #JagaJakarta #GubernurGUE,5,0,2021-07-07 00:54:32
d2c583bf-1547-4429-9f5c-8272828f4dec,Pengguna Google,"Aplikasi apa ini bos...........disuruh daftar vaksin pilih lokasi semua penuh..........ngabisi anggaran aja ini aplikasi......bergunanya dimana..........tolong pak gubernur di cek kinerja staf anda.............jangan asal buat aplikasi.begitu banyak pegawai pemda apa gak ada yg liat aplikasi ini bisa apa nggak di pakai?....pantesan puskesmas banyak kerumunan orang mau vaksin,ternyata aplikasinya hanya penggembira doang biar di bilang keren........",1,8,2021-07-06 23:54:11
fbd7f212-6e55-4b2e-bfb7-0109a3392b17,Pengguna Google,Mudah pendaftaran vaksin melalui aplikasi Jaki. Terimakasih Jaki,5,0,2021-07-06 23:38:11
c9e4bab2-160b-4b94-90cc-8904dbdbf6ff,Pengguna Google,Ga jelas,1,0,2021-07-06 22:57:47
72b84738-8397-48ac-98cc-36d8f4e4df39,Pengguna Google,Mantap,5,0,2021-07-06 22:08:44
9de1bcd2-11e1-47f2-822f-8160f8359bb7,Pengguna Google,Apk'a bagus sangat membantu saya untuk cek kapan vaksinasi selanjut'a karna saya tidak mendapatkan sms dr 1199 😢 Mksh JAKI 🙏🙏🙏,5,0,2021-07-06 22:03:34
95ffcb7f-335b-4483-b022-4116f2894af1,Pengguna Google,Selamat malam Saya mau tanya saya sudah pernah daftar bisa cuma saya ada halangan jadi enggak datang. Dan Saya mau daftar ulang lagi untuk vaksinasi nya kok enggak bisa ya ?,3,2,2021-07-06 20:44:49
ee6e9da8-9e3b-4524-8880-990c9a4cb15f,Pengguna Google,Mantap 👍👍👍👍👍👍👍👍,5,0,2021-07-06 20:36:36
c3293065-35df-41f7-8305-e75ae9704d39,Pengguna Google,"Pakai alamat yg sesuai KK g bisa, pakai alamat sesuai tempat tinggal yang sekarang tetap g bisa juga,gimana mau bawa anak buat di vaksin.",1,2,2021-07-06 20:36:03
7aeaa863-cb0b-4493-9099-7dd570ca0760,Pengguna Google,Aplikasi Jaki Ini Sangat Membantu Saat Anak Saya Daftar Vaksin Usia 12 Thn - 17 Thn di GBK Senayan Tgl : 3 Juli 2021 (Mudah & Cepat)🙏🙏🙏🙏,5,0,2021-07-06 18:05:08
f6e250fe-12ec-4c59-af0d-b7657f076aa2,Pengguna Google,Good,5,0,2021-07-06 17:15:31
9982fac8-5efe-4d99-b75d-e49b3a62baf8,Pengguna Google,Bermamfaat sekali pak,4,0,2021-07-06 16:41:51
e0405ff8-943c-4fd9-ae58-768956f9e0f5,Pengguna Google,Tingkat terus biar tambah oke,5,0,2021-07-06 16:27:19
b435dc33-52e1-4d33-a7cf-4b3518bcd44c,Pengguna Google,Tegas dan cepat bergerak,5,0,2021-07-06 16:22:12
4ee2b83b-527f-455a-9e20-7a147d26f3e3,Pengguna Google,Aplikasi Gaguna!,1,0,2021-07-06 15:57:32
1cc9a497-4223-418f-84c1-6195448efb74,Pengguna Google,ga guna . ga ada fasilitas kesehatan semua,1,0,2021-07-06 15:14:57
c87e161f-9ecb-46d9-96ed-bd75d7a3885f,Pengguna Google,"Huh...buwang ""waktu aplikasi ga ada gunanaya ..bolak""lik daftar vaksin....ga bisa.. tp kalau pergi"" di suruh bawa surat vaksin ...ini mau vaksin sulit .bikin senewen aja..",1,2,2021-07-06 13:30:58
a5b94ce6-9c31-4dc2-9f33-7325588fa384,Pengguna Google,Udah install aplikasi ini tapi mau pilih faskesnya kok gak bisa ya?,1,0,2021-07-06 12:49:57
b6e9b0a8-4456-408c-9185-1b1ce1eac317,Pengguna Google,Kenapa pilihan faskes untuk vaksinasi tidak tersedia?,2,0,2021-07-06 12:32:35
3df1f8b2-7e8c-4d49-a33b-fa3b38021931,Pengguna Google,"Katanya wajib daftar online tapi pilih tempat nya gak bisa, udh diubah kelurahannya tetap saja gak bisa? Mau datang langsung jga gak dibolehin. Lalu harus gimana?",1,3,2021-07-06 11:19:54
5604d360-3fed-4ce6-8d3b-cc3bd1f56f22,Pengguna Google,"Cukup simple bagi yang mau di vaksin. KTP luar JKT cukup isi dr aplikasi aja, dtg langsung ke lokasi vaksin terdekat, cuma nunjukin bukti pendaftaran dari JAKI. Baru donlot 2 hari udh ikut vaksin pertama, ga perlu pusing2 lagi deh. Bagi yang kesulitan bs buka dari website, atau pilih lokasi lain yang tersedia, coba usaha dlu.. Jangan cuma komplen.",5,26,2021-07-06 11:09:42
48b89674-9c61-4d80-b6ec-3d0573b42be6,Pengguna Google,"Kenapa sih setiap mau pilih jadwal , ""tulisan nya faskes tidak di temukan"" aneh sekali katanya ingin warga nya cepat di vaksin tapi ko di perlambat gitu sistem nya , bobrok",1,2,2021-07-06 09:59:36
ad18023e-fcfd-44f4-996a-795d6f21cfa1,Pengguna Google,Ko pas masuk sesi terakhir ... kosong min wilayah jaktim??? berita nya udah dmn2 rame daftar juga online ko masih kosong??? dari pemerintah pusat sampe ke pemprov tolong dong berita ny udah di naekin ke public di lapangan masih ada ajah kendala nya ini itu laahh...,5,28,2021-07-06 09:20:26
c423da28-9065-4db5-a1de-00d7b201eb27,Pengguna Google,Gak jelas kuota penuh. Berkali kali coba. Dan baca komen disini q untung aja gak lsg datang. Malah tambah numpuk manusia kalo gitu.,1,0,2021-07-06 09:07:59
2345afc5-317a-465b-93c2-76c0c5ded3fe,Pengguna Google,Layanan lengkap,5,0,2021-07-06 08:51:48
140160aa-5598-4679-9a98-6e6187dd61f5,Pengguna Google,Mantap,5,0,2021-07-06 07:41:13
5b552571-b45c-4a33-883f-314cdf8ca60e,Pengguna Google,Untuk warga yang bukan domisili Jakarta apakah bisa mendaftarkan vaksinasi covid?,3,0,2021-07-06 07:30:06
6c60adb2-0091-4a5f-8998-7c662bc1ba98,Pengguna Google,Ok,5,0,2021-07-06 03:44:08
0ee05fd9-86f6-416e-9961-6d93aea953fc,Pengguna Google,Aplikasi pencari untung dalam keadaan. Saya doakan yg membuat aplikasi bertemu dengan iblis dineraka.. Kalo ga sanggup ga usah belaga bisa.. Inget ya Tuhan itu ADA...........,1,0,2021-07-06 01:10:23
baa09557-3b32-4dd3-bc64-2611f83150bd,Pengguna Google,Gimana cara batalin vaksinasi nya anjirrr gua mau daftar pindah lokasi yang dekett !!!!,1,0,2021-07-05 23:42:47
ba8238a9-2bcd-40a0-b900-9a86e39eadba,Pengguna Google,"gabisa daftar vaksin, tulisannya tidak ada faskes yg tersedia",1,0,2021-07-05 22:33:39
0c5ebe38-5e51-4eb4-91b8-cfd2c1557e43,Pengguna Google,"Website koq lelet banget kayak keong, setiap daftar vaksin kuota penuh terus, gak update banget, dulu Jakarta punya aplikasi qluee knp gak dipake atau diterusin aplikasi bagus dan up-to-date?",1,1,2021-07-05 21:17:45
9240efba-f355-4a89-940e-fa8cc160c244,Pengguna Google,"Saya daftar vaksin dengan anak 18th, mudah melalui aplikasi ini.. bs milih, sy milih si RSUD Kebayoran Lama. Proses cepat.. tdk.sampai 1jam sdh dpt print out seerifikat vaksin pertama",5,3,2021-07-05 21:14:43
07710d91-b747-45f1-9b85-746e91c9a038,Pengguna Google,"lokasi vaksin tidak di temukan, vaksinasi tidak merata pelayanan buruk ini mah",1,0,2021-07-05 20:44:01
ef704342-5582-4df9-8b66-4d0c9000549a,Pengguna Google,"Aplikasi gak jelas, udah daftar ngisi data lengkap, malah alamat tempat vaksin tidak tersedia,dan tidak ada jadwal.",1,0,2021-07-05 18:03:44
6a4bb694-a6e1-4ca4-8bed-432010e20f52,Pengguna Google,"Nggak bagus nih aplikasi, nggak ngebantu sama sekali",1,0,2021-07-05 18:02:28
c31f271c-3124-4c52-a7af-be38795862e9,Pengguna Google,Gak bisa dipake daftar vaksin Mending datang langsung,2,0,2021-07-05 17:40:21
aef1181d-12db-4367-8797-a6aa269052bc,Pengguna Google,Mantap,5,0,2021-07-05 17:39:56
958d5413-bfe9-41c4-a3a7-5caa2043891a,Pengguna Google,Membantu,5,0,2021-07-05 17:38:35
d21e6779-f4dc-47de-800c-402f9922aa57,Pengguna Google,"Uda daftar pas pilih lokasi malah ga ada yg terdaftar, ini gmna ceritanya sih mau ikutin aturan tpi malah di persulit",1,0,2021-07-05 16:16:53
6b6f06b6-9850-4a27-aefa-6af2fc9b62f4,Pengguna Google,Mantappp,5,0,2021-07-05 14:59:36
a4cb6220-b9e4-4b3d-b408-60304359ddf3,Pengguna Google,Mau daftar vaksin aja Deket lokasi sendiri susah bngt hahahaaa tolong lah perbaiki bikin aplikasi jngn setengah setengah buat program gimana si,1,0,2021-07-05 14:00:39
5c593908-a6e8-457c-927a-ca2f15e1fcf2,Pengguna Google,"Gw kira daftar lewat jaki kayak booking tempat rupanya gakguna mending dateng langsung,,datang sesuai jadwal malah disuruh besok lagi soalnya ud abis kuota,,birokrasi2 #afkajajaki 🤣",1,0,2021-07-05 13:30:00
0842ac2f-34ca-48dd-9966-2d753d3e4a4c,Pengguna Google,"Aplikasi yg ngak berguna, sy udah daftar vaksin sukses lewat jaki dpt di puskesmas sukapura jakut jadwal dn jmnya,sy udah libur kerja, dtg ke puskes ee ngk di terima ktanya dari jaki udah di hpus udh ngk bisa nerima vaksin,puskes udh ngk terima vaksin ya allah sy udh bela2in libur kerja,kesel mau vaksin di bikin susah tp di suruh vaksin sm pemerintah gimana sih buang2 waktu saja. Klo ngk bisa di pake tutup aja aplikasinya cuma buang2 waktu udah smpe libur kerja. 😡😡",1,2,2021-07-05 13:21:11
d20dc823-5c9d-4342-a043-35f317be08b1,Pengguna Google,Buat apa install tapi ngak ada kuota vaksin.. Ngak ada slot yang tersedia.. Payah..,1,1,2021-07-05 12:19:40
d4c225e0-9fdf-4144-9c68-1950a37c4955,Pengguna Google,Gak jelas... Daftar vaksin gak bisa bisa. Sudah masukin semua data tapi keteranganya faskes tidak tersedia terus...,1,0,2021-07-05 12:18:05
5e91d4b3-af81-4be7-93c6-151fb01bb509,Pengguna Google,Percuma ga guna uninstall aja,1,0,2021-07-05 11:47:34
09d37a40-f829-4410-ae9e-d9c12d1104ca,Pengguna Google,"Disuruh vaksin.. milih lokasi aja ngk bisa apa lagi pilih waktu, data di web Corona.jakarta.co.id faskes di daerah w full booked w cek sampe akhir bln full anehnya via jaki. Maunya gmn sih, Warga daftar lewat aplikasi apa konvensional? Kebaca bgt caranya begini",1,2,2021-07-05 11:47:17
ce94521c-4c0c-4ec1-9afd-a1f879e1a0c3,Pengguna Google,Amit amit lemotnya ini aplikasi,2,0,2021-07-05 11:22:37
9e1692c1-b814-400c-a224-61a6e98ea663,Pengguna Google,"Gimana mau vaksinasi, orang pilihan di Jakarta Timur aja gaada faskesnya.",1,0,2021-07-05 10:17:23
43739c93-29ba-4ac6-a9b4-2e3e4f711f24,Pengguna Google,Aplikasi dibuat untuk pencitraan doang ini kaga gunaa... Data dilapangan ga singkron dengan aplikasi..,1,0,2021-07-05 09:17:43
8fc10d4b-6a87-4b9a-97b8-4cb3d62f28c6,Pengguna Google,Aplikasi ga berguna !!!,1,0,2021-07-05 08:40:50
f4143ced-5039-4713-8ba2-fac0db5123c7,Pengguna Google,Good,5,0,2021-07-05 06:53:00
2b19f30e-2c94-4930-9ded-9c2acac12150,Pengguna Google,"Aplikasi tolong di benerin lagi dong..daftar mau vaksin di pilihan faskes ga bisa,tgl ga bisa,jam juga ga bisa-bisa..coba langsung ke tempat faskes juga ga bisa,suruh daftar lewat JAKI tapi tetep aja muter-muter ga jelas nih aplikasi.. Malah jadi membingungkan...",1,17,2021-07-05 06:36:22
c35a540b-430b-4215-a370-075498f56e20,Pengguna Google,"Sudah register via aplikasi, ada bukti barcode, pre-screening di aplikasi, tetap aja begitu sampai di lokasi tetap isi form register dan isi form screening. Jadwal jam 10 - 11, menunggu sampai jam 1 siang dan belum ada tanda-tanda bakal dpt giliran, akhirnya memutuskan pulang. Next, info aja kalau ini Vaksinasi on Site, jadi kita bisa persiapan datang subuh atau nginap sekalian di GBK. Download aplikasi krn vaksinasi, kirain berguna ternyata tidak juga.",1,31,2021-07-04 22:45:41
e5c11d04-5b9c-4725-bde0-d7a2a91a72d2,Pengguna Google,Yaa ampun ini aplikasi awal baik2 aja giliran udh daftar vaksin kedua tiba2 blm terdaftar karna umur dibawah 12 tahun 😌🤦tolong dong d perbaiki,1,0,2021-07-04 21:13:35
b869a278-a078-45c0-a352-7a588cfd79cf,Pengguna Google,"Ini milih lokasi vaksinasi nya ga bisa bisa, ""maaf faskes tidak bisa ditemukan, silahkan ganti lokasi "" gimana bisa mensukseskan vaksinasi covid kalau sistem administrasinya seperti ini ???",1,5,2021-07-04 20:11:08
ed7452e0-ae64-4ad8-9c3b-64c0c44eb42a,Pengguna Google,"Aplikasi bapuk ngehek banget daftar buat vaksin ga bisa input alamat berkali2 dicoba masih aja padahal internet gue bagus buka link or aplikasi bisa2 aja, jelek banget 👎 Gue uninstal, bye",1,0,2021-07-04 19:27:44
d50809d5-875d-4af0-b83d-91d245506cf8,Pengguna Google,"Aplikasi ini belum lengkap untuk fitur singkronisasi faskes nya.., banyak yg belum tersedia padahal offline nya tersedia..",1,0,2021-07-04 18:16:23
22eba555-c609-4784-80f4-b4573fa4f268,Pengguna Google,Nyesel download nih aplikasi. Auto Unistall,1,0,2021-07-04 17:53:58
a47f8447-9c89-4559-9d50-d9f3e5fcd112,Pengguna Google,"Aplikasi banyak bugs nya, loading terus server nya ga benar",1,0,2021-07-04 17:44:33
75ec7eea-2970-4e30-a38c-e6e72a4ea0a7,Pengguna Google,Ngak jelas..,1,0,2021-07-04 15:46:05
63bed949-bffb-4e14-a7c8-807f461e08f1,Pengguna Google,Good,5,0,2021-07-04 15:24:57
e2673bfa-5682-4b01-b3cc-a19f75a74366,Pengguna Google,Kereen,5,0,2021-07-04 13:21:25
7c57ad41-f7d2-4297-a5e6-8faab0611ccf,Pengguna Google,"awalnya petugas vaksinansinya bingung karena mereke sebelumnya gak terinfo..tp pas dokernya datang justru yg daftar via apk jaki ini malah jd prioritas,karena knp karena data lebih awal masuk dibanding yg daftar manual..",5,2,2021-07-04 12:01:26
4c3cdadf-9ab0-4250-ab8b-ee7e207f5b1c,Pengguna Google,Mau vaksin aja susah,1,0,2021-07-04 09:47:50
34040805-096d-4d45-ae28-4a9763a6dd39,Pengguna Google,"Aplikasi gk guna, mw daftar vaksin gk bisa, lokasi vaksinasi faskes tdk tersedia. Auto uninstall",1,0,2021-07-04 09:11:30
24aa7dee-3d8b-4598-b2c6-40d81d9f3ad9,Pengguna Google,Bagus,5,0,2021-07-04 06:57:16
025ab813-6145-4d19-9a67-b4a059ce092a,Pengguna Google,Saya mau daftar vaksin kenapa selalu tidak tersedia faskes terus ya???,1,0,2021-07-04 00:54:35
b4851d21-604c-48bc-81e4-93c888a1da21,Pengguna Google,Bagus,5,0,2021-07-04 00:10:58
784b62ce-b073-4ce2-8536-3a86a43bf83b,Pengguna Google,Ga ada daftar faskesnya padahal katanya ada d mall kasablanka sama gbk... udah klik sampe k klurahan ga ada...?????,1,0,2021-07-03 22:48:50
4f15ba67-8e81-4cc1-9154-a47bb0a364b7,Pengguna Google,"Gua uninstal, gk jelas. Wajib vaksin tpi gk ada kuota. Gk pusat, gk pemprov, gk pemda gk jelas semua. Bilan sektor konstruksi boleh beroprasi. Tapi di perumahan2 gk boleh ada yg kerja. Bikin pintu udah jadi tinggal pasang malah gk jdi pasang gara2 corona. Kalian mau bunuh rakyat secara perlahan kah ?? Udahlah lepas semua pembatasan, biarin yg kuat tetep idup, yg lemah pasti bkal mati ke di india. Tapi perekonomian konstan bahkan bisa naik.",1,29,2021-07-03 20:42:07
5af4793c-4d88-4860-81fc-84d86adfd835,Pengguna Google,"GAK JELASS... UDAH BERAPA KALI COBA TETEP AJA GAK BISA, FAKSES GAK TERSEDIA, PADAHAL JAKSEL CIPULIR KAN BANYAK.. MASA SEMUANYA FASKES GK TERSEDIA.. GILIRAN NANYA KE RT DOMISILI SURUH DAFTAR LEWAT JAKI.. GILIRAN MAU DAFTAR LEWAT JAKI YA GITU FASKES TIDAK TERSEDIA... TOLONG DONG PERBAIKI SEGERA TERSEDIA IN SEMUA FASKES DI STIAP ALAMAT. KALO MEMANG VAKSIN ITU DIWAJIBKAN DAN HARUSSSS DAFTAR ONLINE.",3,1,2021-07-03 18:32:29
f4eb0b95-c260-4832-b9ce-938f93e72ea7,Pengguna Google,"aplikasinya gk jelas saya tidak dapat lokasi vaksain,sudah coba area jakarta barat,jakarta pusat,tapi tidak dapat lokasi vaksin",1,1,2021-07-03 16:36:13
08587196-47a8-41b5-8dd9-509e61a34ea1,Pengguna Google,Top,5,0,2021-07-03 13:50:34
19e38c5b-bb82-478d-87b8-a75a9527a58c,Pengguna Google,"Daftar vaksin disini dapat jadwal hari ini jam 11 di Puskesmas Kecamatan Tambora tapi pas sampe malah dibilang udah ga dapat kuota dan ga pake online, kalo mau vaksin harus datang langsung dari pagi jam 6. Tolonglah pemda kalo kasih aturan yg sinkron. Gunanya aplikasi ini apa kalau begitu? Saya sudah luangkan waktu hari ini untuk vaksin malah ditolak mentah2 sampai di puskesmas-nya. Rumah saya dgn puskesmas ini jaraknya jauh dan cukup menyita waktu saya yg seharusnya bisa melakukan kegiatan lain",1,30,2021-07-03 13:36:58
bdfd5d70-ae7e-4f56-b7e8-ce883be5cbaa,Pengguna Google,Ok,5,0,2021-07-03 13:24:38
0c919616-bb22-4784-8929-b1c1b219bc91,Pengguna Google,Disuruh daftar vaksin dr Jaki dulu. Pas mau daftar lokasi vaksinnya gak ditemukan. Coba ulang terus tetap gak berhasil. Ini apl memenuhin memori aja,1,0,2021-07-03 13:10:49
2c919e74-77f4-4dce-9659-d4fb456131f5,Pengguna Google,Sdh saya hapus lagi tidak membantu sama sekali untuk pendaftaran covid,1,0,2021-07-03 13:03:32
f96a846f-c05c-4e0c-ab62-d8a82b8019dc,Pengguna Google,Best,5,0,2021-07-03 11:46:07
5932a2c4-12ce-4882-a4a9-869a435e34e5,Pengguna Google,Aplikasi gm jelas,1,0,2021-07-03 11:11:10
acc570d1-a42a-43b9-a9a7-9f99835c0c3e,Pengguna Google,Bagus,5,0,2021-07-03 11:01:41
e670b18f-6927-4845-b296-f84450ec1a49,Pengguna Google,"Ga jelas bgt , jadwal sudah ada , tapi waktu belum tersedia , hapus ajalah fitur jam nya , biar rumah sakit yg nentuin jam brp bisa vaksin",1,2,2021-07-03 09:19:59
40b3837e-90a8-44d4-a776-234ea3ad8cd7,Pengguna Google,Good,5,0,2021-07-03 09:19:40
d8055e03-8bfb-4fbe-b275-f3a44a3b5246,Pengguna Google,Selalu tidak bisa di temukan lokasi vaksin,1,0,2021-07-02 19:29:02
681a06a0-3ad6-4047-90cc-338e9728a37e,Pengguna Google,Dari kemarin mlm sampai skrng unduh hasil screening error mulu udh di coba puluhan kali,3,1,2021-07-02 15:34:04
c50a6131-e178-4722-8acb-2197f8651f99,Pengguna Google,"Susah bgt mau daftar aj , ngasih harapan yg sia sia",1,3,2021-07-02 14:24:10
2ed9f7c8-cdc6-406a-9226-ff4fa7b160ce,Pengguna Google,"Keseringan eror nya, gajelas",1,0,2021-07-02 14:00:57
7d5aa187-c9fe-48b8-893d-5c787fc01068,Pengguna Google,"Mau daftar vaksin, dah masukin nik nama lengkap hampir 30mnitan loading pas keluar server eror eh pas mau daftar lagi halamanya eror 🤣 apps pemda gini amat",1,1,2021-07-02 13:50:26
edf1dbed-571e-49e7-a1bd-c30925bb534a,Pengguna Google,Mantap,5,0,2021-07-02 13:08:56
ac93adc5-d63c-4763-8332-3a83adc3b871,Pengguna Google,"Saya mau daptar vaksin tapi gagal terus degan alasan server sedang sibuk, saya kirim email tapi ga ada jawaban, Lucunya ini app....",1,2,2021-07-02 12:14:26
5530b5bd-50e3-4ac4-a6d9-432afb085b12,Pengguna Google,"Aplikasi down, tolong segera diperbaiki. Terima kasih",5,0,2021-07-02 10:08:59
640772a5-62fd-47a8-bfd5-5c896b8471a5,Pengguna Google,"aplikasi gak berguna , server eror terus",1,0,2021-07-02 09:50:00
4f5434dd-de0f-4346-a600-bde2ec9924be,Pengguna Google,Mudah dan jelas,5,0,2021-07-02 06:02:11
41d4e818-df67-4cd2-aba8-41f29ba3f47c,Pengguna Google,Sangat bermanfaat untuk mengetahui keadaan jakarta,5,3,2021-07-02 04:12:11
95b113fe-511d-4394-9587-3ab3fd91941f,Pengguna Google,Keren,5,0,2021-07-01 16:31:51
086f236b-2f3f-40aa-ae26-a6b2b36c5ae7,Pengguna Google,Paksin wajib daftar susah pd gk jls,1,0,2021-07-01 10:27:07
483eae1f-16b1-4303-bdb8-dc9efd38c945,Pengguna Google,"Ribet mau daftar vaksin aj bikin pegel bolak balik ganti kecamatan,kelurahan,faskes, gk nemu2 knapa gk langsung tampilin jadwal yg tersedia sih setelah milih kelurahan atau kecamatan, hampir 1 jam abis buat bolak balik ganti itu aj ujung2nya gk ada jadwal",1,7,2021-07-01 10:09:25
98d925b4-a6a8-46f9-9965-36335aab9bf1,Pengguna Google,"Saya sudah daftar vaksin,kemudian dinyatakan pendaftaran berhasil, dan status saya siap vaksin tapi kenapa pas sudah ditanggal yg dijadwalkan saya tidak bisa buka dan saya diharuskan mendaftar ulang vaksin, Tolong kasih pencerahannya min!!",1,10,2021-07-01 09:35:26
ed04d939-993d-4d1c-a57d-61df1c94afdd,Pengguna Google,Gajelas sialan. Disuruh vaksin. Gua Dateng jam 5 subuh katanya udah ga ada kuota. Gua Dateng jam 2pagi disuruh download jaki. Pas gua download malah ga ada jadwal di faskes. Nih sebenarnya gimana sih. Perpu dibuat. Tapi rakyat dibikin bingung. Cabut perpu tentang wajib vaksin kalo belom siap ngasih pelayanan.,1,29,2021-07-01 02:36:28
be5895e8-dbb1-4006-8a17-45a933020386,Pengguna Google,TglbJadwal vaksin kedua kok beda ya di aplikasi jaki sm di kartu vaksin..jd yg sya gunakan yg mana bisa dibantu.,2,1,2021-06-30 23:41:29
92dc8244-0c28-48c3-8c5a-54c16ece3f33,Pengguna Google,ok,5,0,2021-06-30 19:39:17
57c82e2e-2661-459b-a489-763beeedc052,Pengguna Google,Keren informatif,5,0,2021-06-30 18:09:57
fc9b5cf9-7eb0-4266-b050-431f717590f2,Pengguna Google,Gak bisa daftar vaksin....👎👎👎,1,0,2021-06-30 17:07:05
27228d60-a75b-49bb-9c0b-305a6a6517b5,Pengguna Google,Kendalanya sama seperti yang lain Tidak bisa mendaftar Mending tidak usah suruh download aplikasinya kalau belum bisa di gunakan,1,0,2021-06-30 14:10:18
6c30124d-6df1-4526-96b0-ed9746a7455d,Pengguna Google,Keren aplikasinya,5,0,2021-06-30 14:05:02
85b31fbf-0645-4c53-a740-989c39c06d26,Pengguna Google,"Kaya undian lotre ya harus di jadwal, banyak org yg vaksinasi ampe ke 2 kalinya. Sedangkan yg ga dapet cuma bisa melongo aja liatnya, - Tolong perbaiki sistem apk nya, jadwal harus di sediakan akurat supaya kita semua menerima sama hak nya.",1,16,2021-06-30 12:25:36
d3e684c7-0963-49ce-a81e-6c045c5d0095,Pengguna Google,"Kalo vaksinnya belum siap,jangan nyuruh masyarakat vaksin.",2,0,2021-06-30 11:52:34
fe9f4dc3-77ca-417e-8ab7-f73736f372a8,Pengguna Google,"Applikasi Gak guna. Maafa sebelumnya memang gak guna. Sudah terdaftar vaksin hari ini tgl 30. Jam 10:00-11:00. RSUD TAMAN SARI. Dari rs di pindahin ke sd pinangsia. Di sd kuotanya habis. Daftar lewat jaki cuma 40 orang. Harusnya yang daftar sudah terjamin bisa dan pasti dapat kuotanya. Pake bantuan lewat jaki, jawabnya auto. Ngaco juga gak nyambung. Noted buat jaki : jangan main2 sama waktu orang.",1,34,2021-06-30 11:10:14
4a27153b-42d3-4d24-b91a-bfa80242e28e,Pengguna Google,"Tolong ada admin nya, di aplikasi yg bisa komunikasi langsung bukan mesin. Jadi kalau mau usul dan saran serta kritik bisa langsung. Saya vaksin 24 Juni, kenapa vaksin kedua nya tgl 8 July, otomatis di isi oleh Jaki, padahal harusnya tgl 22 July or 28 hari kemudian",3,9,2021-06-30 09:12:06
cb84dc5d-34f5-45e3-a202-1d7e6f0f5399,Pengguna Google,"Apps nya ngebug, nggak ada error 'Maaf tanggal tidak tersedia, Silahkan ganti faskes atau lokasi'. Tp pas ke RS/ puskesmas terdekat disuruh daftar pake JAKI. Jadi muter2 gini gimana mau vaksin nya Tolong Diperbaiki segera!!!",1,15,2021-06-30 09:02:55
560b145a-59c1-4e0b-b03e-f128d30a8fad,Pengguna Google,Aplikasi Jaki tidak berguna...mau daftar vaksin tidak bisa terus...kalo sdh tidak bisa daftar vaksin melalui jaki lebih baik dihapus aplikasi jaki...bukan membantu...aplikasi ini malah menyulitkan pengguna yg mau daftar vaksinasi covid-19.,1,8,2021-06-30 08:40:09
b68c0f75-a366-4a45-a390-0f64707c328f,Pengguna Google,Parahhhhhhh,2,0,2021-06-30 08:39:54
cd980015-08a6-4055-af52-45e69bcd44ae,Pengguna Google,"Alhamdulillah membantu sekali, kemarin daftar vaksinasi lewat aplikasi ini di RSUD Pasar Rebo, lancar tanpa kendala.",5,0,2021-06-30 07:18:36
8984d996-b803-4019-81fe-dd480f72f077,Pengguna Google,"Komen saya sebenarnya sudah banyak Terwakili, tapi ga papa ikut komen biar bisa kasih reting ter 👎👎. Bintan 1 Itu bentuk kekecewaan kami. Buat apa gembar gembor vaksin sebanyak banyaknya, kalo kuota tidak ada..",1,9,2021-06-29 23:38:15
46b1fe24-d002-443d-9b99-f00731e8463a,Pengguna Google,"Saya mau daftar ulang vaksinasi kenapa tidak bs ya? Tidak bs isi NIK, jenis kelamin dan tgl lahir. Mohon bantuannya min. Tks",5,0,2021-06-29 20:29:28
1b294a87-9e8b-4a01-a615-ead8028fb677,Pengguna Google,"Aplikasi idiot , mau vaksin suurh ngisi di Jaki tapi pilihan faskesnya ga ada goublok",1,0,2021-06-29 19:07:50
7f8b3732-10ac-4b72-9246-5794998da675,Pengguna Google,Bagusss,5,0,2021-06-29 14:59:19
f9574de0-5285-4df6-a19f-25d78abd505a,Pengguna Google,Aplikasi apaan daftar vaksin buat besok udh isi data smua tapi gak ada jadwal.. Kel Kedoya Selatan/utara..vaksin aja di persulit..di daerh kmbngan puskesmas nya siala smua..masa org Puskesmas buka jam 6 org udh DTG dari jam 4 pagi mau ambil no urut buat vaksin..pas puskesmas buka kata satpamnya sdh habis. Gilaaa,1,1,2021-06-29 10:54:14
dc0fe8b3-e215-41c9-84dc-2c0a0fee5724,Pengguna Google,"Aplikasi bagus. Berguna ketika mendaftar vaksin. Utk temen2 yg ada keterangan ""maaf tidak ada jadwal untuk rs tsb"" itu artinya bukan sistemnya yg bug tp emang udah pada penuh. Saya juga nyari beberapa tmpatnya sampai 10 menitan dan akhirnya dpt utk lokasi vaksin yg masih tersedia. Semangat carinya ya!",5,34,2021-06-29 10:28:23
3975ee3e-004e-48e4-806d-28753bcac87d,Pengguna Google,Gak bisa pilih tanggal..,1,0,2021-06-29 09:20:56
e6317aa4-33d8-44e0-8f53-7d9230d38d10,Pengguna Google,"Ini daftar vaksin kenapa di semua daerah tidak ada jadwal ya, udh cek seluruh dki tetep aja tidak tersedia tanggal. Tolong diperbaikin dong klo niatnya mempermudah!",1,2,2021-06-29 08:35:03
cb462166-b366-4299-b5e9-995db6caae9d,Pengguna Google,"Gimana masyarakatnya bebas corona kalo tim medisnya aja gini , ngantriga dapet nomor antrian dan di alihin suruh pake apk jaki tapi giliran di download di buka pelayanan nya miris , sayaudah coba semua wilayah tapi jadwal tanggal tidak tersedia terus !! Padahal masyarakat sudah antusias bantu pemerintah mau di vaksin tapi gini gada respon !! Maaf saya ngomong apa yg saya rasakan dan tidak ada maksud untuk mnghasut atau menghujat karna ini bukan hujatan tapi kritikan dari kami tolong di perbaiki",1,11,2021-06-28 21:37:56
d1059504-3068-41a3-9310-767dec6cfc85,Pengguna Google,Ok,5,0,2021-06-28 19:45:14
6c43eded-3051-414e-976a-267319da9373,Pengguna Google,Tidak bisa mendaftar vaksinasi seperti yang disampaikan. Mohon di update.,2,0,2021-06-28 18:15:07
c5e36c4a-5a62-4575-8be2-1b790fdd6c2d,Pengguna Google,Saya mau daftar vaksin ko gak bisa ya? Suruh pindah faskes mulu. Mohon infonya ya,1,0,2021-06-28 16:41:37
1b441630-7f54-44ba-8457-b5e0927e8303,Pengguna Google,Gak bisa daftar vaksin,1,0,2021-06-28 15:39:47
f2853fac-569e-49a3-8152-7dd65587f6ca,Pengguna Google,Kirain paksin mudah gratis ealahh beneran king lip servis,5,0,2021-06-28 15:29:13
4a06fd6f-4c9c-4e44-8c9a-6efa5f710a46,Pengguna Google,Semoga bermanfaat,5,0,2021-06-28 15:04:51
6557263d-9588-4548-98b0-da02acfb4aad,Pengguna Google,Jakii....help donk mau aktivasi susah bgt,1,0,2021-06-28 14:27:15
1a15ac0d-b856-41fe-8877-4d72850cf98a,Pengguna Google,"Aplikasi tolol,vaksin tgl jam dan tempatnya jelas. Tp pas Dateng udah gak ada pelayanan. Tutup aja nih aplikasi.",1,1,2021-06-28 13:44:25
b4e27a37-848b-4c9a-a1fb-cc1685a0dea7,Pengguna Google,Aplikasi eror ga bisa daftar dan tidak muncul tanggal dan jam,3,0,2021-06-28 12:55:47
f4301a1d-6814-4b93-a49d-1cff95410da2,Pengguna Google,Ngga guna aplikasinya. Pribumi ngga bisa daftar vaksin,1,0,2021-06-28 12:40:43
d903c4bf-02f6-4240-96f5-1e96e078dee4,Pengguna Google,"saya mau daftar vaksin, ko status vaksinasi saya tahap pertama sudah ya? pdhl belum, dan lokasi vaksinnya di bukit duri pdhl ktp saya di cilandak jaksel",2,0,2021-06-28 12:20:17
67197e00-a49f-4065-a74b-ed9aa4707ef1,Pengguna Google,"Disuruh download aps nya malah kgak tersedia tnggal nya atau kehabisan kuota,tolong untuk kebijakan nya!",1,2,2021-06-28 12:02:04
e7cb5a8b-bd9d-4629-ac33-2d94449830d4,Pengguna Google,"Aplikasi abal-abal, untuk vaksinasi tidak ada kerjasama dengan tempat vaksinasi, atau memberikan informasi berapa orang yang mendaftar melalui aplikasi ini ketempat vaksinasi. Jangan digunakan aplikasi ini.",1,4,2021-06-28 11:39:50
edd859c9-d753-48de-8c62-afb2cca2c709,Pengguna Google,Halo jaki saya mau daftar vaksin bagaimn caranya ya...,5,0,2021-06-28 10:31:03
6e05dd2a-52e3-41f1-a8ca-74b922b1e491,Pengguna Google,Dimana mana wilayah Jakarta selatan gabisa daftar,1,1,2021-06-28 09:32:28
b8b57882-3302-4440-b346-b480a28cf674,Pengguna Google,Kok ga bisa ya,1,0,2021-06-28 08:43:05
d685e5c4-6469-4b80-a3b6-dc41fa17bda6,Pengguna Google,Mau daftar vaksin ga bisa bisa padahal ktp dki. Aplikasi tidak berguna dan tidak bagus. Aplikasi buruk dan tidak ada yg jelas,1,0,2021-06-28 08:24:08
d619cd81-4c1e-4c09-98da-95bb3197225c,Pengguna Google,Daftar vaksin dicoba semua wilayah tgl tidak tersedia semua,2,0,2021-06-28 07:42:28
2c205f96-a474-4802-8a44-405216901f9f,Pengguna Google,"Mantap nih,,, respon cepat jossss pokoknya",5,0,2021-06-28 04:31:46
e9f93e43-6ae6-4d9b-acd6-b258f8eace58,Pengguna Google,"Ko gk bisa di pake buat daftar vaksinasi. Ada keterangannya ""maaf tanggal tidak tersedia. Silahkan ganti faskes atau lokasi"". Udah di ganti masih aja gk bisa di semua tempat. Gk guna banget buat daftar vaksinasi. Mohon di perbaiki bug nya.",1,14,2021-06-27 22:29:27
f599c14b-1307-4032-a02e-829d5d78029c,Pengguna Google,Aplikasi ini gak guna saat mau ngantri vaksin. Padahal sdh jauh hari dipantau lokasi vaksin. Saat dpt jadwal harus ngantri mengular sampai 2 jam. Ditunjukkan bukti daftar JAKI untuk vaksin malah ditolak. Uhh.. fungsi app ini untuk apa sih..? Tolong dong pihak yang berwenang. Buat app yang ada manfaatnya gitu.habisin pulsa data aja.pemborosan.,1,0,2021-06-27 22:17:33
2e7e6434-d033-4314-9735-1c9181115af4,Pengguna Google,Mau vaksin susah banget. Mau daftar malah ada keterangan maaf jadwal tidak tersedia mohon ganti faskes bla bla bla. Tolong di fixin errornya,1,0,2021-06-27 20:14:46
d1362e6e-19b2-45c7-a768-34bc7f8be44d,Pengguna Google,"Maaf kak, saya vaksin kemarin di Gelora bung karno , lewat aplikasi jaki, ko sampai saat ini , blom dpet sertifikat ya,",1,0,2021-06-27 18:12:56
16a20173-0819-4163-9ef1-c0a63c8130ce,Pengguna Google,Good aplikasi,4,0,2021-06-27 17:36:31
912c3d3e-20fc-4da3-9c44-456b96e8853a,Pengguna Google,Saya sudah daftar vaksin di JAKI. Dan saya sudah vaksin. Tapi saya cek status saya harus daftar ulang dosis 1. Padahal saya sudah vaksin dosis 1. Mohon penjelasannya,2,0,2021-06-27 16:38:38
1baf16ef-2e37-4586-b904-a43bc6ab322a,Pengguna Google,"Mau daftar kok pas milih jadwal vaksin malah gak bisa ya. Malah ada keterangan ""maaf tanggal tidak tersedia, silahkan ganti faskes"" pas ganti ke RS lain malah keterangannya gitu lagi. Ini gimana ya ?",4,10,2021-06-27 11:29:14
dce7c2f8-802c-4410-b857-35e7b0fe8376,Pengguna Google,Nga jelas. Daftar vaksin aja nga bisa,1,0,2021-06-27 10:59:10
b481cefd-3b9b-4901-a332-43133910a600,Pengguna Google,"Gimana nih, saya mau daftar vaksin tp tanggal sama jam nya tidak tersedia mulu.",1,0,2021-06-27 09:28:56
9e7af39d-ca05-4087-83fd-449a28fb2380,Pengguna Google,Udah niat banget pengen vaksin tapi tgl tidak terserdia mulu. Di suruh vaksin tapi mau daftar aja bgini 😑,1,0,2021-06-27 06:41:26
426bd1f9-2f9e-4524-a2ab-a58bcb491ac5,Pengguna Google,"Ini daftar vaksin masih bisa ga.? kalau sudah ga bisa tolong di non aktifkan saja modulnya biar pengguna tidak dirugikan. Tolong untuk developmentnya jangan tunggu kebijakan turun, segera non aktifkan dan sosialisasikan secepatnya",1,11,2021-06-26 20:50:25
25a4a6b3-7ee1-47a2-be79-2f788bf46e84,Pengguna Google,Bagus apk nya sangat membantu,5,0,2021-06-26 19:06:24
9680150d-4334-4a3f-9bf7-53c272bf0042,Pengguna Google,"Halo JAKI, bisa tolong bantu sy? Sy mau daftar vaksin Covid19 di Jakarta Selatan - Pesanggrahan - Bintaro, tp selama hari ini dicoba berkalikali pilih tanggal keterangannya ""tanggal tidak tersedia"" untuk SELURUH wilayah yg sy coba. Solusinya gimana ya? Tolong sekali utk diperhatikan dan direspon segera.",2,22,2021-06-26 18:06:54
61d342d4-1128-4705-9bd5-53f134f40e13,Pengguna Google,Good job aplikasinya rekomendasi saya penangannya cepat sekali Terima kasih,5,0,2021-06-26 17:59:11
3a5c666f-5746-407d-99a3-a693619f5538,Pengguna Google,assalamualaykum ka sy sdh buka aplikasi jaki namun sulit sekali untuk dapat mencetak pbb 2021. informasi di jaki. selalu tetang covid. yg kluar,1,0,2021-06-26 17:17:01
a5e35169-ab94-4199-b25e-295fefd3a339,Pengguna Google,Permisi saya mau tanya apakah jadwal vaksinasi bisa di reschedule??,4,0,2021-06-26 16:29:34
15893c65-4b65-4e5c-98bf-38e585301fb9,Pengguna Google,Bagus banget,5,0,2021-06-26 16:14:54
b118eeed-a4ff-46df-8bf4-bd04298fd52b,Pengguna Google,Aplikasinya keren 👍,5,0,2021-06-26 13:31:13
bb858b1f-1e14-4918-8725-338fa9633b7e,Pengguna Google,Aplikasinya cacaaat. Sama sekali tidak bisa untk mendaftar vaksiansi..apa guna nya aplikasi ini jika tak berfungsi.,1,3,2021-06-26 12:27:56
a2030ff4-a8b9-41a5-a6b0-75abe5cfcef7,Pengguna Google,"Daftar vaksinasi lewat apliksi malah terbengkalai oleh ketidak adilan pengaturan antrian di GBK, mana profesionalisme anda",1,0,2021-06-26 12:20:42
cf60dbb9-31c8-4179-8f05-162ec6977983,Pengguna Google,Gabisa daftar vaksin karena waktu nya ga keluar,1,0,2021-06-26 12:01:59
c05acbe6-3793-452a-9515-6c84d0909693,Pengguna Google,Ok,5,0,2021-06-26 11:32:37
27f0328e-e651-4877-b151-68a0890ac6c9,Pengguna Google,"Gimana nih Pak bos mau vaksin tp kuotanya ga sampe 100 orang per hari, masa suruh ke mabes mau vaksin aja.",1,0,2021-06-26 10:50:58
874bbe93-9a65-40be-ac45-9183a0156e6f,Pengguna Google,"Niat download Aplikasi ini mau daftar Vaksin Covid -19, tpi apadaya mentok di tanggal dan waktu jadwal mau vaksin tidak bisa di Klik.Mohon Aplikasinya di perbaiki lagi.Tks",1,1,2021-06-26 09:54:14
cde3c206-ccf5-48ae-b68f-452c4016fd4e,Pengguna Google,"Bila kondisi penggunaan aplikasi ini sangat padat, susah masuk ke link yang dituju sehingga tidak ada beda dengan menggunakan link biasa, terima kasih.",3,1,2021-06-26 02:15:33
e54821c5-c4b9-492c-88ba-7dc7c92bce8f,Pengguna Google,Top,5,0,2021-06-25 21:54:23
c14cf503-2e4f-40f0-8ade-91b58b1334e8,Pengguna Google,"Aplikasi tolol, ngk bisa bikin aplikasi ngk usah gaya2 an buat aplikasi,.... Aplikasi terburuk yg pernah w download. 👎👎👎👎👎👎👎",1,0,2021-06-25 19:50:22
26b4d6d8-fa4c-4723-85aa-56a7692960f6,Pengguna Google,Cakep pokoknya mempermudah warga jakarte...,5,0,2021-06-25 19:03:57
3964d9ad-ada3-487c-bf70-08af4471b7cb,Pengguna Google,Semaga semakin baik,5,0,2021-06-25 18:30:03
b2f64003-5e93-44c3-af66-d8518d3f9672,Pengguna Google,Mau daftar vaksin sesuai domisili dan sekitarnya tidak tersedia..,1,0,2021-06-25 16:47:38
8b4e9109-aa89-421e-a6c7-d0503653b94a,Pengguna Google,Good aplikasi sangat membantu masyarakat,5,0,2021-06-25 16:25:57
84e11709-0ab8-4093-8f1c-c80102facee8,Pengguna Google,"Saya mau vaksin, tp di suruh daftar online lewat aplikasi Jaki. Setelah masukin data lengkap ternyata jadwal di wiayah saya penuh semua. Saya daftar OTS selalu kehabisam kuota. Tolong kinerjamya di perbaiki lagi. Kalau memang harus daftar online, tolong di kasih waktu yang pas biar bisa atur jadwal kerja.",1,51,2021-06-25 16:17:40
06716f8d-cea3-4d7f-a1b8-c08268867400,Pengguna Google,Good,5,0,2021-06-25 16:02:59
cde63c23-1e53-420b-a151-258e4eb532cb,Pengguna Google,"Mantap,aplikasi sangat bermanfaat bagi masyarakat jakarta dan luar DKi",5,0,2021-06-25 08:50:44
0d92d353-ae68-4dba-a2ea-4ddcb39cd708,Pengguna Google,Mo daftar vaksin kok ga bisa. . .hadeww,1,0,2021-06-25 08:50:02
bb2aebf7-f748-4741-82ec-d5f134060d7b,Pengguna Google,"Coba daftar vaksin pas pilih tanggal ga muncul 2 tgl nya, suruh pindah faskes, udah pindah faskes ke mana2 sama aja mentok di pilih tgl yg gak muncul 2, entah kenapa??",1,7,2021-06-25 08:10:25
31b8fd50-744a-4476-b2f8-2eb90705b0be,Pengguna Google,Kenapa saya mendaftar faksinasi tidak bisa ya ?? Padahal alamat nya sudah lengkap dan benar Tolong bantuan nya,4,0,2021-06-24 23:57:54
5054dfbb-245e-4995-9530-a8e9e06e1864,Pengguna Google,Ga bisa mendaftar buat ikut vaksinasi. NIK sama nama udah bener tapi bilangnya ga cocok nama sama nik nya,1,1,2021-06-24 21:07:23
bf2c4ec2-8bf6-4f0e-a207-bb64cd612523,Pengguna Google,Good,5,0,2021-06-24 19:51:39
e03998fa-c001-4fdd-aab6-2042c10d8dd0,Pengguna Google,Bagus,5,0,2021-06-24 13:57:19
1e863497-d368-495b-9536-f8c84f4cefbc,Pengguna Google,App ya bnyk gangguan Sy sudah vaksin tpi status Sy gak berubah di jaki trs Sy mau daftar dosis ke 2 malah daftar ulang ke vaksin 1 dan kecamatan Sy tidak ada di jaki aneh..,1,1,2021-06-24 13:00:54
bd2d8caa-71c8-40ec-b154-ec91abf3f0f2,Pengguna Google,Hebat ... lengkap,5,0,2021-06-24 11:58:05
326f8d61-1d27-422c-8783-e44805c22326,Pengguna Google,"Mohon diperhatikan foto - foto hasil kerja dari petugas terkait (foto harus sama dengan laporan dari masyarakat, hari, dan tanggal foto juga harus diperhatikan dengan baik). Semoga DKI Jakarta kedepannya semakin maju kotanya bahagia warganya.",1,17,2021-06-24 09:50:45
8e297250-0393-4b16-a56e-efaff3bbaaf2,Pengguna Google,Mantap,5,0,2021-06-24 08:35:46
b8d578c9-e9e9-488a-9d54-4a5918c62270,Pengguna Google,Apk pengadu domba.. Kalau bisa kasih solusi bukan malah merasa benar sepihak,1,0,2021-06-24 00:35:10
9d23dc57-f42d-4288-b952-fa6cd74f6321,Pengguna Google,"Woy ngasi jadwal yg bener dong, sya dateng 30menit sblum jadwal, malah g ke bgian vaksinnya udah abis sma yg walk in lngsung. Sya kerja udah izin ini g masuk.",1,1,2021-06-23 14:35:33
07cd9235-af35-435b-8462-de7df73d5f5d,Pengguna Google,Sdh daftar vaksin covid online di puskesmas pulo gadung tetapi pas jadwal waktunya lepas tangan...,1,1,2021-06-23 13:25:01
f26727e5-59e8-41fb-b847-1d87e78302c6,Pengguna Google,Mantap & akurat,5,0,2021-06-23 13:06:19
8852553f-035a-4033-b8e6-022da43c3093,Pengguna Google,A Saat absensi cepet masuk,5,0,2021-06-23 06:25:45
965d0f46-e85f-4141-ba98-e0f4ffb5e657,Pengguna Google,sempurna,5,1,2021-06-22 20:36:01
31cbe918-a387-4c66-b071-25c172372012,Pengguna Google,Tingkatkan lagi semua pelayanan nya,4,0,2021-06-22 20:23:25
91f60df2-02c4-4c24-9512-75cf40fb9a33,Pengguna Google,Ok,5,0,2021-06-22 19:09:21
d471117c-ecb9-4b6a-ba91-48383ae8492b,Pengguna Google,Tampilan cepat menghilang...,4,0,2021-06-22 19:01:14
225078a2-4a54-45fe-903c-1a4a858c30b1,Pengguna Google,Ok,5,0,2021-06-22 18:35:31
2c17e99a-a7d5-4a83-a843-059a6d330f97,Pengguna Google,Good,5,0,2021-06-22 16:59:50
3cb86ea7-84ce-4b48-aac4-13b30d3afe02,Pengguna Google,Good job,5,0,2021-06-22 16:54:01
7df21ebc-1943-40b4-891a-a7a9071baa73,Pengguna Google,"Aplikasi KATRO, mau sok komplit tapi error' trus.....ayo pengembangnya, jgn cm ngerasa lengkap tapi susah buat aksesnya",1,1,2021-06-22 16:51:48
785897c9-946b-439f-b788-a6e46d2f0c43,Pengguna Google,Ok,5,0,2021-06-22 16:46:51
2ca4f9c9-aed0-4f74-bdde-e30a31bde6b1,Pengguna Google,cepat respon,5,0,2021-06-22 16:03:31
dfa07b27-6149-4834-b7de-fc4f12c16cdf,Pengguna Google,Bikin akun baru n aktivasi nya by email. Tp di cek email tdk ada email aktivasi akun baru.,1,1,2021-06-22 16:02:03
63bcf699-bfce-486d-94f9-83d08c225788,Pengguna Google,Sangat membantu sekali,5,0,2021-06-22 15:08:18
ff120d02-150a-412b-b12b-5b1d314114b1,Pengguna Google,"Jadwal dan antrian vaksin yg benar lah,masah yg dtng sejam sblm mulai malah dapt antrian yg ke 300 nunggu sampe jam 2,tpi yg bru dtng dan tinggal dearah situ malah di duluin, saya kerja Boss siangnya. yg benar lah sistemnya",1,8,2021-06-22 10:57:46
51d3f7d1-83e4-4e8e-b8cc-cf18211e16bc,Pengguna Google,"Min call center telpon kemana? Saya mau daftar vaksin gak bisa-bisa, tulisan nya gak terdaftar nik saya padalah udah bener sampe berkali-kali, chat online itu cuma bot doang gak membantu",3,8,2021-06-22 10:46:49
1e45c280-cec4-4a77-94e7-f4703ed4077b,Pengguna Google,Good jobs DKI Jakarta,5,0,2021-06-22 09:21:18
65df2aca-2878-4488-8e97-ce2704762bec,Pengguna Google,Untuk absen pemprof DKI,5,0,2021-06-22 06:12:28
2808da36-8e56-449f-a931-852db18df2b7,Pengguna Google,Layanan Jakarta oke banget,5,0,2021-06-22 04:09:16
6f46d045-d32f-43b9-a2be-45aeb3642489,Pengguna Google,👍,5,0,2021-06-22 03:50:09
3590490d-75c4-40a1-91da-82d4c7a2609c,Pengguna Google,"sangat...sangat....sangaaattt...bermanfaat,tingkatkan agar lebih baik lagi..maju terus Jakarta Ku",5,0,2021-06-21 23:57:34
a7ec43d2-197b-43ae-80e2-8d30ec3dd839,Pengguna Google,Membantu permudah absen wfhdan infovyg dibutuhkan,5,0,2021-06-21 21:06:33
da91ea95-b016-4925-9495-fe13730de596,Pengguna Google,Semoga lancar ya ..jakinya,3,0,2021-06-21 17:27:15
257fc730-05dc-4d9c-9ae6-80f8ce984bc9,Pengguna Google,Sangat membantu untuk masayarakat,5,0,2021-06-21 14:56:23
abbf51ec-0f73-40cd-ba34-1e8245d35864,Pengguna Google,Siip,5,0,2021-06-21 14:25:59
0b5836c6-c2b9-4cbe-ad92-d4f407b007fe,Pengguna Google,Kalibata tengah 2 Kalibata belum terakses wifi gratis,5,0,2021-06-21 12:31:08
39061c42-fda9-4684-8883-01ebe7a46acd,Pengguna Google,"Mau daftar vaksin, kenapa kecamatan menteng tidak muncul ya?",3,0,2021-06-21 11:42:29
b20eb3b4-8f7e-4c0f-83bc-b894aef35dcb,Pengguna Google,Sangat Membantu,5,0,2021-06-20 18:51:02
a04b6882-ade9-463d-a05e-27972b95f0b0,Pengguna Google,Aplikasinya bagus. Lancar jaya.,5,0,2021-06-20 14:04:17
f358a26e-dc01-4e56-ab84-73fc4cd597ef,Pengguna Google,Semua jadi mudah... TOP👍👍👍,5,0,2021-06-19 09:29:31
9deb5a4e-885a-455e-a657-002093e0d710,Pengguna Google,Siip,5,0,2021-06-18 21:49:59
51aa0020-8ba4-47de-9f86-a3d83d8d2725,Pengguna Google,"Saya berdomisili di jakut dan tidak ber ktp dki, apa bisa mendaftar vaksin lewat aplikasi ini",4,1,2021-06-18 17:28:46
18e85f12-c460-4181-814b-1b50aaf6e3aa,Pengguna Google,Sangat membantu...👍👍,5,0,2021-06-18 14:18:17
9db8e336-a6b8-4c53-8b5a-a360794b4396,Pengguna Google,"Gimana cara daftar eSPPT pbb,,🙏",4,0,2021-06-18 10:55:50
19549c89-602f-47fd-889c-f12efd14cef4,Pengguna Google,Download ini karena suhay salim,5,0,2021-06-17 19:58:27
e50afd48-3712-44df-9cb1-1c8bdeea0a6e,Pengguna Google,Gak bisa digunakan untuk pendaftaran vaksinasi,4,2,2021-06-17 14:15:18
15a68dfc-2ce2-4b9b-baef-c87c6e021959,Pengguna Google,sip mantab,5,0,2021-06-17 13:16:49
38a45fbf-fe32-4947-abb2-074e06fa644a,Pengguna Google,"Bingung cara download sppt pbb nya,selalu invalid terus.Apa harus ganti email apa gimana,...gak tau deh",1,1,2021-06-17 11:48:21
d7c6acb8-a763-4aaa-8cc5-6c4ca570316e,Pengguna Google,error melulu,1,1,2021-06-17 10:08:04
37c5b061-4d70-4e07-85fa-3009205bdb61,Pengguna Google,Good,5,0,2021-06-17 09:39:01
0d00bac3-6943-41ef-8cac-eb453917f8fe,Pengguna Google,👍,4,0,2021-06-17 08:47:05
1c70d65c-e2e2-4918-b9d4-257928284b84,Pengguna Google,"Baru download, udah muter² doang lama bgt. Kuota masih banyak. Why?",1,1,2021-06-16 20:53:14
919b07d4-2aa2-4824-b810-4f5a61d30869,Pengguna Google,Mantep nih yg bikin. Sy akhirnya dapet jadwal vaksin,5,0,2021-06-16 07:45:20
5d080ee3-6242-464b-8c7e-fdff179eba9a,Pengguna Google,Sangat membantu,5,0,2021-06-15 22:22:49
61219294-7a50-4e86-9d92-a3824d24f07b,Pengguna Google,Sangat baik untuk informasi Jakarta kini,5,0,2021-06-15 21:42:20
d19b321c-61b4-40fd-bec9-a54f50e7ad2c,Pengguna Google,Berkali-kali mencoba untuk mendownload SPPT PBB 2021 tp selalu error padahal semua daftar isian yg dinput sudah benar. Masuk ke chat room untuk menjelaskan kendala tp tidak ada respon. Heloooo,1,4,2021-06-15 14:51:56
89b67aa4-59ac-40db-babf-c6d92816a9b7,Pengguna Google,Jelek,1,0,2021-06-15 14:12:47
ec3e1a96-1afb-4812-9484-da9b9c84f642,Pengguna Google,"Kenapa aplikasinya sering mengalami gangguan ya? Saya sudah mencoba berkali-kali untuk bisa mendaftar eSPPT PBB di JAKI, dengan mengikuti langkah dan mengisi datadengan baikdan benar. Tetapi, selalu yang keluar, seperti: 'Maaf, terjadi kesalahan. Silakan coba beberapa saat lagi' 'Data tidak ditemukan. NIK Pengunduh:...' 'Terjadi kesalahan' Bagaimana solusinya ya? Sudah 2 hari saya coba berkali-kali memasukkan data dengan benar, tetapi selalu ada masalah. Mohon bantuannya ya dan segera, ya.",2,34,2021-06-15 13:00:46
942cf52d-0742-4ba5-a76e-5c1fe1afb821,Pengguna Google,Bagus,5,0,2021-06-14 23:14:16
b6269af0-3ace-4ab5-8a72-40ad45d3255d,Pengguna Google,"Mau daftar e-sppt pbb, tetapi selalu muncul keterangan ""Data NIK Tidak Ditemukan"" itu kenapa ya ada yang bisa bantu? Sudah coba via web dan aplikasi jaki tetap tidak bisa",4,7,2021-06-14 21:30:07
4fd87e7d-0a9e-4917-827a-1452e026be7a,Pengguna Google,"Aplikasinya lumayan bagus, tapi sayang tiap mau masuk ke jak survey tidak tersedia terus. Hrs gimana nih?",4,0,2021-06-14 20:13:26
066e0fd7-7ebd-4264-949f-bc88037c2615,Pengguna Google,Untuk aplikasi pembayaran pajak kendaraan online bisa kah??,3,0,2021-06-14 14:08:11
704b7f57-d3ea-45ac-aedb-7b28527e75ed,Pengguna Google,Bagus,5,0,2021-06-14 11:04:55
8df48081-8c4a-4bac-8d12-acc8d32f03b7,Pengguna Google,Bagus,1,0,2021-06-14 08:08:07
f5beea34-f7f4-4aa4-872f-bf97cf0ef35b,Pengguna Google,Semoga Jakarta Jaya Terus,5,0,2021-06-13 20:53:40
5f439f6f-f687-4560-b35c-e15c2de1e2c9,Pengguna Google,good,5,0,2021-06-13 15:14:33
a5d1b2c8-618f-41e4-a61e-b86764bb2a17,Pengguna Google,Alhamdulillah sangat membantu,5,0,2021-06-13 13:01:45
3e67bdda-0e7c-4fe0-a7cc-aac32c5aef23,Pengguna Google,Continuous improvement,5,0,2021-06-13 11:57:18
754304c4-39ca-4ed6-9b32-93f7adcf61f9,Pengguna Google,sangat bermanfaat,5,0,2021-06-13 00:23:42
39db54f1-8b9e-4da5-a54c-3232c2d32d56,Pengguna Google,"Susah masuk, sehingga tidak bisa isi survey",1,0,2021-06-12 17:38:53
c69a10bd-4424-4b5a-acad-650e24c37bc3,Pengguna Google,Kenapa ya saya setiap mau masuk ke jaki survey selalu tidak bisa? Selalu dibilang servey tidak tersedia padahal alamat email say sudah sesuai dan benar. Tolong bantu info nya terimakasih,4,0,2021-06-12 17:38:23
468b5fe6-5c3c-42ad-8aee-83e588175166,Pengguna Google,Kenapa ya saya koq masuk ke jaksurvei tidak tersedia melulu,3,0,2021-06-12 15:09:44
bd8e32b8-4fc5-4a02-9997-b8f58f7f4cf8,Pengguna Google,Sangat Membantu....,5,0,2021-06-12 14:03:29
a5695941-0d15-43e2-8d2f-bd3d1ab96be7,Pengguna Google,"Jaki tolong perbaiki dong , masa server nya sibuk Mulu kalau saya mau isi identitas nya",2,0,2021-06-12 14:00:09
5b487d07-6f3f-4e44-b3cc-8886acd1603d,Pengguna Google,"Hmm ya bolehlah aplikasi ini, banyak info. Andai sekalian berafiliasi sama aplikasi Trafi pasti keren",4,0,2021-06-12 12:13:19
716d9b0f-9b63-40b8-b9a1-6981751769aa,Pengguna Google,Siap,4,0,2021-06-12 12:12:02
edc515cf-f9d0-4c48-9325-af96c5dcbfae,Pengguna Google,Kenapa ya saya masuk ke jaksurvei gak bisa melulu,2,0,2021-06-11 22:03:22
69fefee5-2a45-439f-acf0-21fb4aeb2ace,Pengguna Google,Kenapa lemot yaa?,3,0,2021-06-11 17:05:22
589719ab-58d9-42aa-9475-264b7c84cce1,Pengguna Google,"Simple, kaga pake ribet. Satu aplikasi semua ada",5,0,2021-06-11 10:32:59
32848c15-755c-41da-a0f2-79aa29da9e9e,Pengguna Google,Perbaiki lagi masa prosedur pengisian udah benar bilang masih salah. Bikin emosi,1,0,2021-06-11 08:15:44
c6c2bbea-aef6-42ed-a7a4-ae668b8b857b,Pengguna Google,"Meninjau Kota ,( IBU KOTA TERCINTA DKI JAKARTA ) kota kelahiran saya,",5,0,2021-06-11 00:43:51
4bf1a61d-fe4c-4f82-9e25-418ed2d9c4ee,Pengguna Google,Mencoba sebagai warga jakarta. Semoga lebih bermanfaat,4,0,2021-06-10 23:18:58
4d53810b-922c-4fe5-81af-3ed2d1664d9d,Pengguna Google,Gw kasih bintang 5 aja dlu,5,0,2021-06-10 15:30:28
e9ebc335-0a29-4ffb-8904-667eff6ef163,Pengguna Google,SUDAH BENAR MANTAPPP !!,5,0,2021-06-10 13:44:16
3b2f3917-117f-4f8c-bbdc-6a662ec24914,Pengguna Google,"Download ini karena website pajakonline untuk download SPPT PBB lambat verifikasinya, akhirnya diarahkan sama call center untuk download jaki, alhamdulillah langsung berhasil ga ribet, ga lama, bahkan ga sampe 2 menit buat log in dan isi data untuk PBB, abis itu tinggal download. Bisa buat cek biaya pajak kendaraan juga, bisa buat lapor2 dan informasi lainnya terkait jakarta. Terima kasih sudah menyediakan aplikasi yg sangat berguna ini, maju terus jakarta!",5,40,2021-06-10 12:47:40
6b517b8e-7ade-4797-9945-91ebd753b320,Pengguna Google,👍,4,0,2021-06-09 20:43:06
1850dffc-4402-45e6-af26-b35e68be0c7a,Pengguna Google,Ok,5,0,2021-06-09 16:22:51
79218fb8-b184-4a43-b388-ebda4c32c5bf,Pengguna Google,Parah......baru download ga bisa di buka,1,1,2021-06-09 12:31:43
f49e1324-3150-45d4-bbc9-713d25a23c6d,Pengguna Google,Mantaaaaabbz.. Tingkatkan lagi..,5,0,2021-06-08 14:33:09
3ee90f6a-bf30-478f-97f4-63e986aac09f,Pengguna Google,DKI Terbaikkkkkkk,5,0,2021-06-07 21:47:15
5e96ec3d-d951-4838-807b-0a3dd60f6aca,Pengguna Google,"Tolong kerjanya lebih baik lg. No. TLP yg aktif, Halo Java Siap Membantu klo ditanya dibalas masa 1minggu dibaca juga kg, 🤦🏻‍♂️",1,2,2021-06-07 10:04:47
e108170a-c61b-45d3-9429-8947430f0098,Pengguna Google,"Dear Admin, mohon tidak mempublikasikan foto KTP di BAP, Karena ID card sipatnya privasi. Saya sudah coba complain by email tetapi belum ada reply dalam 2x24 jam .Terima kasih",5,20,2021-06-05 16:13:50
0478214e-7dcc-4a3a-a29e-7411efab362a,Pengguna Google,"Keluhan bersama segera terwadahi meski belum semuanya teratasi,tetap berusaha terbaik otu bagus,tsk",3,0,2021-06-05 14:26:43
3bf0b3d8-415a-4371-b315-e71b1b50bf79,Pengguna Google,"Kepada tim validasi laporan,mohon diperhatikan foto hasil kerja petugasnya. Jangan sampai foto - foto hasil kerja dari petugas itu foto fiktif. Dan identitas pelapor tolong di jaga dengan baik ya admin Jaki...",1,13,2021-06-04 11:24:57
62e481b7-f525-4c2a-8d29-e9f3f2c11553,Pengguna Google,bagus,4,0,2021-06-03 23:39:38
f19a4801-d03f-4975-b309-bb1ae2fcc3b6,Pengguna Google,Infonya kekinian.,5,0,2021-06-02 21:47:41
f8b06f70-571e-4fd8-8291-41f751471f09,Pengguna Google,Kutukupret,1,0,2021-06-02 12:02:10
2025d5cd-8d5a-4d1c-a58c-bc74a5885375,Pengguna Google,Mantap,5,0,2021-06-01 09:15:57
46979693-9b74-409a-b98a-4f63e5037745,Pengguna Google,Oke banget pokoknya,5,0,2021-06-01 08:58:27
cb229bee-1667-4927-9561-1cdff71982d2,Pengguna Google,Top,5,1,2021-05-30 23:13:34
d6b84b34-a2de-475f-95bf-9e11ccc437c5,Pengguna Google,Aplikasi nggak jelas.. Masa kita bikin laporan pengaduan lewat aplikasi ini tapi email pelaport di beritahu ke fihak terlapor.. Kapok pake apl in,1,0,2021-05-30 11:36:16
6c995400-7e2c-4572-9c30-53d2d16aa5c1,Pengguna Google,mohon bantuannya saya kehilangan code QR saya bisa kah di bantu untuk mendapatkan code QR saya,1,0,2021-05-30 07:07:38
ad590fe1-1437-4d1a-9e97-750c5b52d064,Pengguna Google,Top,5,0,2021-05-28 18:41:04
d98fbf6b-a638-483f-9193-cddd185a1e4e,Pengguna Google,Sangat Bermanfaat,5,0,2021-05-28 15:18:29
47810f57-8bbf-4dd4-a9ff-76c5054e4825,Pengguna Google,Sangat bagus fitur jaki ini memudahkan mengakses jakarta,5,1,2021-05-28 10:05:33
4d9cdc5d-fcfa-4d29-9a2f-61ac4a60e1c2,Pengguna Google,"Apakah bisa ditambahkan info transportasi umum, dan jadwal perjalanan di aplikasi JAKI ini min.",4,3,2021-05-28 08:35:27
bd625f0d-32d3-4247-8282-298be7c29e25,Pengguna Google,Lengkap n mudah,5,1,2021-05-28 00:45:30
edd8d041-eace-41de-bb5d-55ab28c6f9a5,Pengguna Google,Sangat membantu,5,0,2021-05-27 19:40:15
0976cebb-17cd-43c7-ae86-6d6b9352dbd1,Pengguna Google,Cepat informasi masalah jakarta dan sekitarnya,5,0,2021-05-27 16:40:05
78646522-8d44-4363-9f67-d80099dfb584,Pengguna Google,Kenapa ya password selalu dibilang salah.,1,1,2021-05-26 10:39:00
7d703ebe-4619-47ad-8c83-5861cb040a1a,Pengguna Google,Bagus banget aplikasinya,5,0,2021-05-26 08:23:52
c84e7b16-32e6-45a4-aab9-69ccdf8cca19,Pengguna Google,Ok,5,0,2021-05-26 04:03:58
7d89c97e-f099-40c8-801c-e46022408eff,Pengguna Google,"Kalau bisa jgn banyak aplikasi cuman ini aja jadi terpantau semua baik dari tingkat RT sampe gubernur bisa lihat ,, masalah surat menyurat juga kalaw boleh saran di sini semuanya aja jgn di aplikasi laen seperti alpukat jadi banyak aplikasi jadi bingung",3,8,2021-05-25 23:23:09
0773e849-07c6-4ff8-acfc-85f6293007f4,Pengguna Google,Mantap aplikasinya bisa mengakses tentang Jakarta dan nasional,5,0,2021-05-25 23:12:03
c413cb9d-f5d8-4ae5-804c-d2dfabb07320,Pengguna Google,"Sebenernya aplikasi good, tapi ketika saya lupa download hasil tes CLM, saya gabisa download ulang dan itu mungkin kekurangan aplikasi ini",1,5,2021-05-25 20:41:11
1a18a075-113c-40a0-805e-3e1a7922f3eb,Pengguna Google,top,5,0,2021-05-25 20:13:46
8d5bf3e9-ae3f-409c-9bea-a7b0970df5d7,Pengguna Google,Bagus,5,0,2021-05-25 15:32:19
61b22593-3e91-4311-a86d-3ed6c33ff66c,Pengguna Google,respon agak lamban,3,0,2021-05-24 21:37:46
494cd8f3-252e-4dad-9449-19976a96768a,Pengguna Google,Cepat dan tanggap.. Sangat membantu,5,2,2021-05-24 19:26:30
2270bfa9-2a36-4501-bffe-5035a8987f84,Pengguna Google,Mantul,5,0,2021-05-24 08:23:02
05d06cc8-37a2-49e4-a3f5-c577c96ee787,Pengguna Google,Aplikasi yg sangat bagus dlm mendukung kemajuan ibukota,5,1,2021-05-21 12:23:49
19323e1a-6b6e-45ce-9fe1-1ecc9e9518e4,Pengguna Google,Ok ..... Sangat Membantu ...... 👍🏻,4,1,2021-05-21 10:11:59
04e21b23-6fb2-44da-9eae-5f94d3615a21,Pengguna Google,Ini apk kenapa sih sinyal bagus tapi sistem bilang kesalahan pada sinyal,1,1,2021-05-20 19:17:27
36de916b-200b-40a6-97e3-f7875ff0957c,Pengguna Google,Membantu sekali,2,0,2021-05-20 15:47:00
be0d1a27-d93b-45d7-ab75-e6ec9ba8e62f,Pengguna Google,"Mantab, tingkatkan terus aplikasinya biar kumplit",5,1,2021-05-19 17:39:19
ad95234b-92fb-48ac-abc0-9503da7d05b0,Pengguna Google,Mantabz,5,0,2021-05-19 13:45:31
38a4b914-e220-47f2-bbc7-8cbbafc2bd24,Pengguna Google,Mantap,5,0,2021-05-18 21:05:36
6f99a5e0-62c7-4021-a52c-233d5d2e1dd1,Pengguna Google,Mantap,5,0,2021-05-18 08:46:10
d987eaf6-18d2-45b9-a2d2-1fb32bd48711,Pengguna Google,Bagaimana mempergunakan jaki utk melaporkan kesulitan2 yg dihadapi warganya?????,1,3,2021-05-17 15:53:32
e76d33a0-8ac4-42a7-856b-843e37f14bf9,Pengguna Google,Applikasi yang sangat membantu kami warga Jakarta,5,0,2021-05-16 14:59:47
a692541b-6bc4-4999-88be-fa87e02bf9d4,Pengguna Google,Apliksi ga mendukung..,1,0,2021-05-16 11:12:53
a8f03ef8-a3fd-4f55-84b7-55f98f52d796,Pengguna Google,Good,5,0,2021-05-13 08:37:37
ad4fef40-7bf3-4dd5-9386-c79d5b527fc2,Pengguna Google,"Aplikasi ini bagus, Tapi sayang... Jadi Ladang LSM & wartawan Bodrex ga jelas",1,1,2021-05-12 16:42:45
b2c0132d-d7f7-411a-8ca0-dec355ab76f2,Pengguna Google,di tl nya lama harusnya jika laporan dengan detail adanya transaksi barang haram jam sekian jam sekian harusnya ditindak cepat karena meresahkan warga,3,6,2021-05-11 23:10:06
d1b135f0-58f2-453b-981f-838b7ab06442,Pengguna Google,Min .....konfirm email-nya mana....emang lama gitu ya.....masa mau daftar aja susah sekali dapat email konfirm nya....tolong di perbaiki lagi,5,13,2021-05-11 11:23:11
c7ad5f83-7844-430a-aea4-85407cb7c0e8,Pengguna Google,"Lemot banget, mau login pake email aja susahnya minta ampun",1,0,2021-05-10 18:19:23
c00c9a9e-06a9-4cce-9637-edd30e51c991,Pengguna Google,Sangat lengkap info nya👍,5,2,2021-05-10 07:58:39
ed2e68d3-a3a0-4e3e-9d35-815f3b105ce3,Pengguna Google,"Pemerintah itu di dukung, dengan segala kekurangannya.",5,2,2021-05-08 23:28:02
38d6466b-05c7-4350-b2ee-e23bf82b4fed,Pengguna Google,Ok,5,0,2021-05-08 20:31:47
84fbe156-f810-4bfd-926a-9870a2cabaff,Pengguna Google,"Awesome!!!, Good aplikasi. Di tunggu update selanjut ny",5,2,2021-05-06 20:29:47
174d4505-cdcd-40be-9424-80a85bfcbf4e,Pengguna Google,"Ditanya apa jawabannya apa, gak nyambung admin jaki nya... Sepertinya sistem yang jawab... Semoga bisa lebih baik lagi kedepannya.",1,9,2021-05-06 13:15:44
36b30f0b-0542-4848-8204-49f88d2f8b87,Pengguna Google,Aplikasi Kadrun gembel Jakarta banyak reklame liar tindak lanjut Abal Abal,1,0,2021-05-06 02:41:49
71caabce-2cfd-4a38-a2ff-952378ec6a32,Pengguna Google,Cara bikin WIKM di App Jaki,5,2,2021-05-05 20:57:37
c5cf7431-95c8-4fc6-8218-360b3c3d9d48,Pengguna Google,Sangat membantu,5,0,2021-05-05 20:46:20
831e1bbd-f5af-48a7-9f48-62acf6ebec1e,Pengguna Google,Good apps,4,0,2021-05-05 14:43:33
722f81ec-4a93-4c5f-8522-750134aa7d47,Pengguna Google,Menyenangkan,4,1,2021-05-05 08:54:29
36918afd-a01d-4626-9e1b-30bdfcfb91a2,Pengguna Google,Keren,5,0,2021-05-04 09:46:32
0baee972-54e5-4c93-86cd-be6ec0fc93a7,Pengguna Google,Sangat berguna...toek warga DKI,5,0,2021-05-03 21:59:10
16b2aedf-ba6d-4a1f-aee7-fbf459703308,Pengguna Google,"Melihat hasil tes mandiri yang kita isi setelah mengisi dimana karna belum di download. Saya cari2 tidak ada padahal sudah selesai, karna kepencet jadi tidak sempet ke download seharusnya ada riwayat. Terima kasih",2,0,2021-05-03 18:13:24
aad6422d-5541-47c8-999b-756fb83da844,Pengguna Google,Bagus & cepat serta fleksibel,5,2,2021-05-03 15:13:45
b2eeffac-0404-4078-a37f-df7f884e0b46,Pengguna Google,Terpercaya,5,0,2021-05-03 11:51:48
ca9f0e4a-f6be-4532-a4e7-009df6dbcdc1,Pengguna Google,Keren,5,0,2021-05-03 10:48:18
324cd9c0-1f62-4879-80e8-b1d9233cfba9,Pengguna Google,"Gabagus parahh, eror terus",1,0,2021-05-02 19:09:42
91124e03-8a44-4b21-8c9f-10f99c920fd5,Pengguna Google,"""Untuk cek diri dari covid buka JakCLM"" Mana di jaki gua ga ada JakCLM nya ini buat urusan sekolah lho... Plis lah jaki.. Gua kasih bintang satu aja ya...",1,1,2021-05-02 17:49:08
0326b681-a75d-44f0-9497-811bf6220438,Pengguna Google,Good💫,5,0,2021-05-02 05:13:33
0a217eb7-de35-457a-9580-bff875fa60e5,Pengguna Google,Aplikasi yg sangat bermanfaat,5,0,2021-05-01 10:00:55
1b61d33e-5a3c-4a36-8ffb-798339155531,Pengguna Google,Kok gak bisa ke download ya?,1,0,2021-04-30 16:19:53
29a0bb16-5dbe-47ea-8136-60c88b4f97bc,Pengguna Google,Woww,5,0,2021-04-30 10:57:23
9fb8f21a-0dc3-453c-b890-be87963108c0,Pengguna Google,Semoga Aplikasi JAKI bisa membantu dan mempermudah warga Jakarta.,5,0,2021-04-29 18:30:49
6af091a7-0737-4748-92d2-58c2daf11f96,Pengguna Google,Sangat membantu n repotnya kita hrs cetak spy ad data file kertas,5,2,2021-04-28 20:14:17
979e1738-b5f6-4cdf-beb2-931dd48df4bd,Pengguna Google,Sangat membantu warga jakarta,5,0,2021-04-27 12:40:32
96d92cde-af9f-4179-88f5-172ff564f41a,Pengguna Google,Mantap,5,0,2021-04-27 10:07:55
89aea703-d289-4d0d-8bde-01361aae2e04,Pengguna Google,Ok untuk pengajuan pembangunan fisik dan laporan situasi kota Jskarta,5,2,2021-04-26 22:44:33
dc462e04-d0f5-4922-ac72-47fc8b8de261,Pengguna Google,"Aneh,, isi ClM aja susah,, masa dari tadi isi alamat trz padahal udh d isi alamat dengan lengkap dan benar,, tetep aja,, balik lagi balik lagi,, gk jelas..",1,6,2021-04-24 14:44:43
86716318-9995-4750-81a2-5578241dbc83,Pengguna Google,Untuk petugas kebersihan yg ada di pasar angkee Sebaik nya jangan memblokade jalan untuk mengangkat sampah agak tidak terjadi kemacetan berjam2 Udh gitu merasa tidak bersalah pulaa,3,0,2021-04-24 08:50:49
c70a4b4f-d91d-4510-875b-637741fea752,Pengguna Google,"Kok aplikasi jaki ini aneh ya, soalnya saya lagi tes mandiri tes corona likelihood metric ( CLM ) giliran saya masukin rt 09 kok ada angkanya tolong donk bantuannya",1,9,2021-04-23 20:38:36
65b33c65-6ca0-44a3-a1af-87290fb0c53c,Pengguna Google,Good,5,0,2021-04-22 13:25:47
a27a4ee2-1726-4ef9-8fe5-c2b83bbe3cb2,Pengguna Google,Ok,5,0,2021-04-22 06:40:19
f203c642-bd14-49bf-be7d-5d606165175f,Pengguna Google,"Yang serius dong dalam membuat aplikasi. Terutama dalam system laporan dan penanganannya. Masa' laporan berulang-ulang untuk masalah dan lokasi yang sama, penanganan sama dan hasil juga sama tidak ada koreksi apa2. Tidak ada fasilitas untuk escalete kalo tidak puas. Penilaian dengan bintang efeknya apa? Ini dibiayai oleh uang rakyat lho.",1,24,2021-04-19 19:59:58
b7f0a52a-cdb0-445b-9763-0aecff539750,Pengguna Google,Datanya ok,5,2,2021-04-18 12:15:54
40c8411a-6ca9-4e7f-9397-9ed603cbc9d5,Pengguna Google,bagus sangat membantu...,5,2,2021-04-17 09:33:35
cdcb003f-cdc0-4333-9830-d6b3b80dd916,Pengguna Google,Sangat membatu sekali,4,1,2021-04-16 10:58:38
e4822c12-ad8d-422e-84c8-b457911e5900,Pengguna Google,Aplikasi nya kurang bagus dalam menjaga akun pelapor.. Sudah di privasi akun si oelapor.. Kl kej gini bisa bikin berantem.. Pelapor dan. Terlapoor,4,0,2021-04-16 08:41:40
e33625d8-aab4-427a-8d3b-549ba7c4005e,Pengguna Google,Aplikasi untuk saling mengingatkan antara masyarakat dan Pemprov DKI Jakarta....,5,2,2021-04-15 17:25:12
3fec12db-7d54-42c0-9987-1e4a89da3b40,Pengguna Google,"Mantap Aplikasi Jaki ini Fandi sekarang jadi kekinian setelah menggunakan aplikasi Jaki. Pokoknya mantap deh, buat kalian nanti nyesel loh nggak gunakan aplikasi ini",5,0,2021-04-15 07:27:42
84d329e5-6c91-4e57-b9ee-1a7471c7bf9b,Pengguna Google,"Aplikasi Apaan Ini , Bikin Aplikasi Pengaduan Tapi buat di pendem sendiri gak di gubris , Udh gtuh petugas nya Banyak yang males bekerja dan cuman komentarin laporan , yang rajin petugas kebersihan yang lain mah cuman komentarin laporan yang gak enak ... Dulu udh ada qlue yang transparan ehh malah di buat lah aplikasi pengaduan yang di pendem sendiri .. udh jelas gak mau bekerja melayani rakyat ini mah",1,1,2021-04-14 05:20:59
05a6bf1f-5705-4e97-9a73-d5948e1225f9,Pengguna Google,Rasa Rasa Ko..,3,0,2021-04-14 03:09:32
f8f68dbc-7a71-4087-81b3-a33776f2fc41,Pengguna Google,"Tidak ada manusianya, robot semua",1,1,2021-04-13 14:01:25
42007bb2-ea35-4ead-b155-6d1530f2f876,Pengguna Google,Kasi satu bintang. Soalnya hasil tes clm gk bisa di download. Skarang bingung nyari datanya di mna. Mau tes ulang gk bisa katanya. Tolong di respon bgai mna sya bisa mengecek hasil tes saya. Soalnya butuh itu,1,0,2021-04-10 22:53:27
8cd87567-c5bb-42c7-8aa5-03d003fd6a28,Pengguna Google,Operasi,5,0,2021-04-08 12:27:50
655f4830-9405-45a4-9494-9e6a37b83a70,Pengguna Google,Ok,5,0,2021-04-08 01:08:03
557d4c46-7a18-4d6f-8fba-4eee0334030f,Pengguna Google,Good,4,0,2021-04-07 10:03:54
14a47f8e-c4f8-4f93-979f-37d3aad28b8c,Pengguna Google,Kereen,5,0,2021-04-05 22:40:18
20641c87-dbf8-4597-ab9b-ca6c3f64d2ae,Pengguna Google,Belanja untuk kebutuhan lebih hemat,4,0,2021-04-04 20:08:03
a576f076-52e3-43be-88a1-79d1cf588306,Pengguna Google,Ini jakclm nya ga ada gimana dah bingung,1,0,2021-04-03 10:37:24
dd6a4331-2fdb-4301-bfa8-5f48d8d46898,Pengguna Google,Mau lapor ttng bst via atm dki yg ga cair ug ssh bngt..,3,0,2021-04-03 06:16:48
cd042e0e-671a-45d7-8359-acf94ac1d08c,Pengguna Google,Semoga semakin berguna,5,2,2021-04-02 23:24:16
e7a001c3-577b-4df1-ab3e-ce69a483b6b4,Pengguna Google,"Lagi error' atau gimana ya, kok gak bisa masuk",2,0,2021-04-02 21:55:44
973f472f-95f6-460c-a041-aa9d6809be77,Pengguna Google,Terimakasih,5,0,2021-04-01 10:11:11
7c6b7055-a84a-4868-afda-e0e5459f8169,Pengguna Google,"Mau ngelapor aja ribet, udah ngerekam ga bisa di upload, harus ada lokasi nya lah, dll. Aturannya di permudah aja, jangan jadi ribet mau ngelapor.",2,4,2021-03-30 22:19:10
8a564573-1990-49f2-9f15-b231c094a206,Pengguna Google,sangat bermanfaat,5,2,2021-03-29 21:38:30
cc38c98a-970e-485e-84db-bd83a8aad2cb,Pengguna Google,Lumayan buat warga dki,5,0,2021-03-29 09:39:07
4c984fce-96dc-4bf1-842c-77606352d159,Pengguna Google,"Dapat membantu warga jakarta, 👍",5,2,2021-03-27 07:05:46
459aa5a6-0860-4c6f-9348-29692bae075b,Pengguna Google,Menu Jakclm nya sebelah mana sih ? Kok gak ada di gw,4,0,2021-03-27 06:02:23
36a4fe7b-7a95-4909-b2f6-bad5bc94c09a,Pengguna Google,"Aplikasi nya udah bagus, saran aja di aplikasi nya camera nya harus nya bisa di zoom.. karena ini sifatnya sembunyi gak mungkin foto dari dekat kalo ada kejadian apa-apa",5,0,2021-03-26 22:24:32
2e549155-20dd-4140-8020-61eac8274869,Pengguna Google,Terimakasih Aplikasi JAKI.....Mantulllssllsl,5,0,2021-03-26 08:32:05
c6c89f58-e496-4c30-b6b1-82c66c1b1ed8,Pengguna Google,Cara bayar pajak motor gimana min ?,4,0,2021-03-25 21:30:57
a261de71-c03a-4579-9a8f-10b7610efa89,Pengguna Google,Saya kasih bintang 5 biar di baca . Banyak laporan palsu .di tindak besok nya ada lagi parkir liar nya . Apa seperti ini yg membuat kota Jakarta maju . Saya harap betul betul di tindak lanjuti dengan serius .bukan hanya foto saja lalu di tingal . Kita pengguna jalan kaki sudah di rampas hak nya oleh parkir liar yg seenaknya jidat nya parkir di pendestrian . pendestrian lebar untuk lahan parkir liar jadi nya,5,1,2021-03-25 12:42:29
bea0bc7a-1953-471f-89ae-4047fdb4496b,Pengguna Google,Wafi,5,0,2021-03-23 05:35:41
f96453c4-93d2-4ea6-b260-8222294a1dbf,Pengguna Google,Ok,5,0,2021-03-22 18:01:08
a13f94e1-3479-49c6-87e8-6fa030389b0e,Pengguna Google,"Alhamdullilah, semoga terus lancar aplikasinya sama berguna jg untuk rakyat jakarta.",5,0,2021-03-22 17:20:20
69d04a15-9efc-42c3-89b4-7c5e9d7544c8,Pengguna Google,"Aplikasi yang sangat membantu untuk warga DKI, TERIMAKASIH....",5,0,2021-03-22 09:36:35
b3a762f3-529b-4357-9ba0-de9c754b7dcf,Pengguna Google,Baik,5,0,2021-03-22 04:59:36
0dbe815e-9d83-473c-8aef-a02ee46e2bad,Pengguna Google,Bagus,5,0,2021-03-20 11:57:19
714ecb54-45e6-489a-91a7-0913f2609364,Pengguna Google,Mantab... Malam jalan yg amblas dilaporkan besok siang sudah rata kembali...,5,1,2021-03-20 09:50:42
4f87d6da-bac0-4446-9e31-12faf4edf891,Pengguna Google,Sangat membantu sbagai warga DKI dn Bangga.,5,2,2021-03-20 00:40:24
97875b50-f4c2-4098-96ab-8a6df77f2778,Pengguna Google,Berguna banget,5,2,2021-03-19 20:11:54
d2c8afc4-5659-4724-b795-70f27789efea,Pengguna Google,Harusnya di buat komunikasi 2 jalur.. Masa cuma nunggu jawaban petugas n ga bisa membantahnya klo salah data.,1,5,2021-03-19 11:13:56
2ee3e3eb-1175-4fbf-b4c7-4dec49d0a1a0,Pengguna Google,Bisakah melaporkan masalah gelandangan di sini??,5,1,2021-03-18 18:41:49
d8641ea1-bbd5-4daa-92ab-fb67cb3fa370,Pengguna Google,Ok,5,0,2021-03-18 14:50:33
86f14688-a32c-43d3-9861-8c0cbac98f8c,Pengguna Google,ANIES PRESIDEN RI 2024,5,0,2021-03-18 10:58:20
bd2ee394-d3e7-42a4-947d-72c2c0361d1b,Pengguna Google,Mataaap aplikasi ny bagus,5,0,2021-03-17 21:17:43
c2efa983-7ddb-49fe-9455-ddc3546c1f86,Pengguna Google,Buat Unduh e SPPT PBB tidak bisa. Kode 500,2,1,2021-03-17 20:22:25
28587c4d-2322-46c9-80ba-b9920b8aa86f,Pengguna Google,"Mantul banget. Kami SBG warga Jakarta mengucapkan terimakasih kpd Bp.ANIS yg telah meluncurkan apk.jaki, sangat membantu sekali utk mengetahui info ttg jakarta. TERIMAKASIH sebelumnya",5,0,2021-03-17 20:05:29
34e1be61-8c50-4fd3-9daf-98ce1111d4c2,Pengguna Google,Ok,5,0,2021-03-17 15:35:06
68838081-9d11-4481-a1dd-4004f55c1a2f,Pengguna Google,Sulit dapat signal,1,0,2021-03-16 23:06:26
aab591aa-6037-492a-b649-9d7d9c91dfc1,Pengguna Google,Ok bngt,5,0,2021-03-14 13:50:50
8cfe8049-cbed-4f9c-a420-9165f9c01451,Pengguna Google,Mantap,5,0,2021-03-13 22:09:21
2e0980d2-9966-4a32-a952-b66ad215a13e,Pengguna Google,Ok,5,0,2021-03-13 17:39:59
9c674bc3-96c3-4bc8-99bb-62666f299fa0,Pengguna Google,"Keren...semoga dgn adanya JAKI, semua bisa diatasi..aaamiin..",5,1,2021-03-13 15:56:07
166bfad3-1a74-4397-bf7f-b627b39d359e,Pengguna Google,Aplikasi membantu warga lebih mudah mendapatkan informasi yg akurat,5,0,2021-03-13 11:44:56
d88f7ddf-9a99-463d-950b-4aa62c151156,Pengguna Google,semenjak ada jaki sekarang kita bs memberikan informasi untuk pemda DKI dimana ' pekerjaan pemda yg blm terpantau akan lebih muda lagi akan ditangani dengan pemda DKI melalui IMPORMASI dari warga jakarta,5,0,2021-03-13 09:59:48
3fe31169-6d6c-44dd-8269-faa0e1958e9b,Pengguna Google,Asli ini aplikasi lengkap banget... Kita bisa dapetin info paling Ter-update sekaligus tentang Ibukota Jakarta. Dan kita bisa bantu Report perihal masalah yg sekira nya mengganggu kenyamanan bersama dan langsung di proses lebih lanjut ke team terkait.,5,19,2021-03-13 03:49:55
c3e8f718-7a6f-4a33-bd11-84da8c57de3c,Pengguna Google,Manteb,5,0,2021-03-13 03:07:02
668c6405-260c-49bf-8cbf-dcb4cad12d1c,Pengguna Google,Pengaduan saya ngga ada tanggapan guys... Padahal urus KTP 6 bulan blom jadi..mungkin nunggu setahun kali?,1,3,2021-03-12 23:37:34
3c984b77-87e5-43b3-a070-7a9d3e4537d8,Pengguna Google,Ok,5,0,2021-03-12 18:34:31
85af5e9b-cc99-4503-9f4a-38dad6c35917,Pengguna Google,Goodbener,5,0,2021-03-12 18:12:07
fb7f46f8-1a38-465f-a60a-f3c9f57cec71,Pengguna Google,Gg gaming guys,5,0,2021-03-12 09:48:37
56a04ed1-95d6-4963-8624-b030d8752290,Pengguna Google,Bagus,5,0,2021-03-12 09:13:38
f88a4f44-19e0-410f-b0f0-18ad21aa6122,Pengguna Google,Bagus,5,0,2021-03-11 23:01:52
295b457f-fb63-4e0b-93d7-6ec0980d626e,Pengguna Google,mantab,5,0,2021-03-11 11:47:23
f93f7033-5d71-43e4-a4d6-592e99e5222d,Pengguna Google,Mempermudah untuk mengetahui info dari up date Pemerintahan DKI.,5,1,2021-03-11 11:16:06
8f72cf59-8fa0-4fd9-a06e-b6e4777b148a,Pengguna Google,Menu CLM di sebelah mana?,1,0,2021-03-11 10:05:23
da1263a9-955b-41f0-90f0-dc403f98d744,Pengguna Google,Mantap,5,0,2021-03-11 02:43:13
574f56b9-3985-4f94-a4a5-70a96291e549,Pengguna Google,Terus perbaiki lagi apk nya,5,0,2021-03-10 20:45:52
91e808ee-1295-4573-ace1-dc2050fdfcb2,Pengguna Google,Pada fitur lapor kurang jumlah maksimal kata-kata terlalu sedikit.,1,2,2021-03-10 20:38:16
e148d4b6-3f24-43a9-a674-e3a48c7b659e,Pengguna Google,Bagus dan ok semua masalah warga langsung direspon,5,0,2021-03-10 19:36:06
44772f95-6f1c-4f84-ab00-6e5ab9f2d717,Pengguna Google,Sangat berguna dan fast Respon,5,0,2021-03-10 18:22:29
1e3cdd4c-fd15-438d-a755-740d53efc498,Pengguna Google,Top,5,0,2021-03-10 17:26:07
f49e7afb-f0f6-4997-84df-19a259f716a3,Pengguna Google,Sangat membantu,5,0,2021-03-10 16:07:51
31fcbf33-a467-418c-8290-353d6cfe8602,Pengguna Google,Sangat mudah,5,0,2021-03-10 08:39:08
3232dc88-30f2-4003-9d4d-f66a6e364c52,Pengguna Google,Mau isi jaksurvei gak bsa2...parah bngt,1,0,2021-03-10 01:56:40
0663442a-e8b6-4a86-a64c-abb579fd0f0b,Pengguna Google,Bagus,5,0,2021-03-10 00:33:11
967ffa31-0cdf-4cf0-9790-4c873b20cafb,Pengguna Google,ok jos,5,0,2021-03-09 22:09:31
bf2cdb88-1317-43e5-89a7-f9d8d1c1b528,Pengguna Google,Pas,5,0,2021-03-09 20:17:15
29db83e3-295a-48fb-875a-420d8ad2c0db,Pengguna Google,Gk bisa masuk terus....,3,0,2021-03-09 19:56:27
52a11128-09f4-4c34-813f-fbbb36527518,Pengguna Google,Nice,5,0,2021-03-09 19:36:31
e4d8d4ab-43bd-4c80-8733-d83704725fc0,Pengguna Google,Cukup,5,0,2021-03-09 15:01:38
bf28b7c2-8d33-49ad-ba3e-20cfb3ee80bf,Pengguna Google,Biasa aja,3,0,2021-03-09 13:07:39
1b89ea2a-0e03-4472-928a-6ebe657d905f,Pengguna Google,Jaksurvey susah dibuka,5,0,2021-03-09 12:40:39
9be5bb5d-f855-4e2c-97ab-e38b0795e5b7,Pengguna Google,Download ini gara gara disuruh sama guru buat ngisi CLM aowkaowkwok,5,0,2021-03-09 12:00:33
f65416d6-4533-4b83-833e-c8f07fc8b5d0,Pengguna Google,bagus,5,0,2021-03-09 12:00:23
c9ac2b5b-2f35-4ca1-84cd-77adfc5e6912,Pengguna Google,Gud,4,0,2021-03-09 08:15:45
d6452245-8e94-488e-950c-79d12c0b2c38,Pengguna Google,Sangat baik utk perkembangan pembangunan Kota,5,0,2021-03-09 00:41:24
55fba0ed-3b97-494c-bac3-2880b2331d36,Pengguna Google,Saya buka JakSurvey dari pagi hingga malam tidak bisa..,3,0,2021-03-08 20:59:38
d1d5a637-0662-41dd-b960-2962f70574a9,Pengguna Google,Aplikasi gak guna.. Jangan download.. Masa ga Terima laporan kejelekan maunya bagus terus gak guna aplikasi ini,1,0,2021-03-08 10:34:31
8d00f444-11a3-4c9a-9d36-a93c7018654a,Pengguna Google,MANTAPPP!!! Aplikasi buatan Pak Anies,5,0,2021-03-07 09:13:10
724fa688-a531-49f6-8d19-1a0973f9f8a5,Pengguna Google,Sangat bantu informasinyA,5,0,2021-03-07 06:10:19
f72a4ff7-dff3-4462-a088-23b0392f3d97,Pengguna Google,Bagus👍🏻,5,0,2021-03-05 17:25:29
4f05757a-477d-41da-8147-ef62565ca4cb,Pengguna Google,"Knp aplikasi mrt,tje masih terpisah dg aplikasinya Lebih baik ini sudah incloud semuanya tanpa harus beda aplikasi,klo memang sudah smart",4,0,2021-03-05 08:45:11
13fccc85-ca42-4a98-898a-65d5aeff9f67,Pengguna Google,Kurang seru beritanya dki,3,0,2021-03-04 23:05:55
0b3f84e4-5fc6-4984-8ce1-ef9662ce3f5e,Pengguna Google,Sedikit pagimane gituh...,5,0,2021-03-04 12:08:04
5b0688bf-5fd8-4433-b8d7-1f0272bf454d,Pengguna Google,"Terima kasih atas tanggapnya pihak kelurahan Pondok Bambu, PPSU, dan jajaran yg terkait dalam menindaklanjuti laporan kami. Semog barokah ya pak",5,0,2021-03-04 08:37:04
23291ff9-a158-46ba-b7f0-53bab0ba1dad,Pengguna Google,Aplikasi ini sangat membantu kita untuk mengetahui informasi penting dan melaporkan segala macam permasalahan/pelanggaran di lingkungan kita secara cepat dan praktis.Aku baru saja mengecek PBB melalui aplikasi ini. Terima kasih. Maju Kotanya Bahagia Warganya. Sukses selalu.,5,27,2021-03-02 10:58:53
ff1e4d01-5a10-4be1-b42b-9cdb2cc1e6f4,Pengguna Google,Good,5,0,2021-03-02 08:51:40
b1e2ffc5-5461-438e-9418-1abac8cebfb4,Pengguna Google,Sangat bagus,5,0,2021-03-02 01:15:57
13e9c248-e16b-4f1d-b5d0-7bed6e16278e,Pengguna Google,Mantap,5,0,2021-03-01 14:02:37
b2b41b31-826c-49eb-8ee2-40b364826e86,Pengguna Google,Wifi si rempat saya knpa no internet ya. Petamburan 7,4,0,2021-02-28 07:08:33
4b43dce9-4eff-4cf3-8350-3fe4326a0535,Pengguna Google,Mantap,5,0,2021-02-27 08:03:07
ab14df11-52ee-4f6c-9157-b61645a28808,Pengguna Google,Aplikasinya keren👍🏻👍🏻,5,0,2021-02-26 11:47:49
89778f94-6b7d-4454-af8d-7afaa2e699f6,Pengguna Google,Mantap,5,0,2021-02-26 06:55:49
2d0007d8-cbc4-4798-b154-67b68ebff93d,Pengguna Google,Kita bisa ikut menilai kinerja aparatur pemerintah jakarta,5,0,2021-02-25 20:48:12
c7bacde1-fe3a-4a44-a034-816a27f0bb78,Pengguna Google,"Sayang nya kriim video atau gambar harus langsung live,gk bs kirim video dr cctv atau file pindahan ..",2,2,2021-02-25 20:30:15
65e64d7b-7f7d-4f95-a151-eed551454b8c,Pengguna Google,"Sisi baiknya mempermudah masyarakat dalam mengadukan sesuatu, baik fasilitas, pelayanan, tempat, bahkan orang sekalipun, tapi apakah misal ada seseorang yg menjadi objek aduan, ternyata laporan aduan nya tidak benar, dan ingin mencari identitas yg melaporkan nya apakah bisa?",5,32,2021-02-25 18:04:45
c76581a6-1ef0-4bf3-bbe4-bd3d17dff6ac,Pengguna Google,Sangat membantu warga jakarta,5,0,2021-02-23 20:26:14
8822fa9b-2a7d-42b0-ad2e-97f6d569287f,Pengguna Google,Ini aplikasi buat apa y,5,0,2021-02-23 14:22:07
df1eb195-3f3c-45af-927e-b2e7e6d0d649,Pengguna Google,Kalo saya mau laporin pedagang kaki lima yang di trotoar bisa gak ya?,5,0,2021-02-22 01:49:41
ec549724-c2a4-4832-bc2a-fa883164ec14,Pengguna Google,Oke,5,0,2021-02-21 01:40:11
7a8ca652-f305-47f6-b82a-9b3cb8e24d13,Pengguna Google,Gooddbeneerrrr,5,0,2021-02-20 20:51:58
7fad5528-dddf-4699-806e-088712777de1,Pengguna Google,Thanks for IT Dki Jakarta,5,0,2021-02-20 20:14:03
79d160df-c1aa-4a3d-baf1-455c9bff4c46,Pengguna Google,Ok,4,0,2021-02-20 19:06:18
6c8b2a39-76f6-483e-8748-fc2bafb443da,Pengguna Google,Good,5,0,2021-02-20 15:35:13
5a6cbe47-1932-4a24-91dc-579258dc7d71,Pengguna Google,Good job,5,0,2021-02-20 13:19:33
7b45f869-36ea-49f9-8b0a-8f7cd0800f49,Pengguna Google,It's ok,4,0,2021-02-20 13:15:08
b4d8fbaa-59fe-4138-8899-54a2a906a083,Pengguna Google,Semoga bermanfaat untuk masyarakat Jakarta,5,0,2021-02-20 09:08:59
64324cb5-69a5-4dab-b6ac-38704cd0bba6,Pengguna Google,mantap,5,0,2021-02-20 09:06:13
961d6016-5d6d-4cb1-a069-b848cf6c94bc,Pengguna Google,Manfaatkan semua fasilitas yang disediakan PemDa DKI Jakarta,5,0,2021-02-20 05:51:04
7f52033d-5290-4a6e-af8a-7f26ca283b02,Pengguna Google,Mantap,5,0,2021-02-19 14:25:00
870bf529-19c0-414d-b607-119f08edf672,Pengguna Google,"Belum pernah mencoba, apa respon dari petugas ybs. ttg banjir",4,1,2021-02-19 05:01:12
c395f6cb-01b0-44f4-81de-da4737a552e6,Pengguna Google,good,5,0,2021-02-17 08:54:10
060a61c5-b7e8-4027-bff2-2701239b4893,Pengguna Google,Ok,5,0,2021-02-17 00:21:45
26951f21-c59c-49a8-bf0c-426fd66d9615,Pengguna Google,Petugasnya malas kerja..Foto buktinya data lama,1,2,2021-02-16 19:04:47
3fb63986-6cb4-45b3-bb25-d2fc0b26f922,Pengguna Google,"Halo min, mau tanya apakah dengan aplikasi ini saya bisa melaporkan tentang parkir liar di daerah kampung saya , kronologi jalan umum di tutup hanya bisa lewat untuk motor sedangkan di jalan tersebut terdapat mobil mobil warga parkir",5,12,2021-02-15 22:19:04
fa7da560-fd50-4ea1-acac-97d4387de1c6,Pengguna Google,Kereennnnn sangat bergunaaa,5,0,2021-02-15 20:23:26
17a859fb-5310-46d0-b82d-3ca65c1fc2ac,Pengguna Google,Ok,5,0,2021-02-15 20:10:49
76c9e5f6-8496-403c-88d6-5207844cc83c,Pengguna Google,Sangat membantu,5,0,2021-02-15 03:26:41
38ec3d03-555b-4ade-95ca-ec5adee94471,Pengguna Google,Siiiip,5,0,2021-02-14 15:56:31
1c4aece7-c9f5-45d3-a8e4-da2113856df2,Pengguna Google,Gara2 Twitter tahu aplikasi ini... Aplikasi keren update info Jakarta.. harusnya semua org jkt donlot aplikasi ini.. good job,5,7,2021-02-14 14:17:42
4e47f473-cfae-453b-a48a-380a4026ad55,Pengguna Google,Sangat baik,5,0,2021-02-13 19:31:30
dc48afc8-be6c-4f0b-8d65-302575714a22,Pengguna Google,Bagus,4,0,2021-02-12 18:21:11
70de0080-78e5-428a-bbaa-3727502518a2,Pengguna Google,Good,5,0,2021-02-12 09:28:39
7726fb11-bcca-4c0f-9fb1-d2487188f138,Pengguna Google,"Laporan hanya bisa melalui video, kurang variatif",4,0,2021-02-11 02:37:20
7466680f-d282-4db1-99c9-204f8ba97638,Pengguna Google,"Mantab aplikasi ini karena problem di DKI jakarta bisa diproses dengan cepat, tanggap dan terstruktur melalui aplikasi JAKI, Semoga para petugas yang terjun kelapangan diberikan kesehatan selalu, Aaaaamiin 🤲🤲🤲",5,27,2021-02-10 16:31:43
717c52e8-1b81-49ee-a981-6d48531092bd,Pengguna Google,Jaki memberikan kemudahan dlm informasi tank jaki,5,0,2021-02-08 19:37:35
84207fa0-671e-49a1-95a5-b35540b28354,Pengguna Google,Long live #aniesbaswedan,5,0,2021-02-05 19:02:44
d42f330d-25c4-4b79-8f59-8981dabb9dfd,Pengguna Google,Bagus mantepol,5,0,2021-02-05 10:50:14
72444340-fd91-4592-8ebf-b5ee6d2bba02,Pengguna Google,"Aplikasi JAKI - Jakarta Kini WOW Oke, Keren.",5,0,2021-02-05 07:37:11
3be02772-aca4-4b51-8ddb-52d90ff1a3cc,Pengguna Google,Bintang 1,1,0,2021-02-04 18:08:17
b1be0e57-c978-46ab-bb4a-860a5c3ade9c,Pengguna Google,Agak pusing makainya..,4,0,2021-02-04 14:11:47
54b82b72-8673-4964-bae8-18a7200e89c3,Pengguna Google,Baik,5,0,2021-02-04 13:59:05
b41098a0-9bcd-454a-a6f5-d1f937677fc3,Pengguna Google,Sangat membantu,5,0,2021-02-04 13:40:30
3faac8be-67ca-4f68-a95a-f50d54e2df8e,Pengguna Google,Good Job...👍👍👍,5,0,2021-02-04 07:21:46
2f1ea985-2bfd-4e4b-b0dc-2b94e4aaa9a2,Pengguna Google,Mantap 👍,5,0,2021-02-02 11:45:51
95289bdd-8078-44db-be0b-a7077955bb3c,Pengguna Google,Bagus,5,0,2021-02-01 21:31:38
bf40e3df-cf41-4afd-83e6-83303d7460c3,Pengguna Google,Oke,5,0,2021-02-01 00:08:07
df146f03-e5ab-4b77-8594-0148ec02303c,Pengguna Google,Lumayan juga,3,0,2021-01-31 10:45:08
5c644668-f5e1-4596-bcfd-eff42c937d4c,Pengguna Google,Bagus dan bermanfaat sekali keren,5,1,2021-01-28 20:10:02
042a0bea-5e00-4a1a-ab2c-da810ea0c739,Pengguna Google,Bagus nian.......keep it .....always.....Gbu,5,0,2021-01-28 00:53:11
5e4b08ee-0545-45a7-91e3-922a31317c6e,Pengguna Google,Alhamdulillah,1,0,2021-01-27 00:48:40
491a3e26-b3c5-41af-9c8e-2a4f27aebef5,Pengguna Google,Keren,5,0,2021-01-26 23:58:52
212d7f60-281d-4986-aca2-3abce0f77971,Pengguna Google,"mau ngaktifkan gak bisa2. gara2 minta kode OTP dalam waktu satu menit harus sudah di input. tapi kodenya selalu telat dikirim, masa 10 jam baru masuk kodenya.. dah basiii. gmn sehhhh haduuuuhhhh",1,14,2021-01-26 20:53:40
4d746a47-b09c-4e9c-9b7b-a486bded618c,Pengguna Google,"Bagus, jadi mudah proses administrasi nya. Makasih",5,0,2021-01-26 16:23:57
5812bd88-4d95-4070-9b4a-558e591fd938,Pengguna Google,Sampah,1,0,2021-01-26 07:09:30
487d7c2a-d7bf-4d2f-8a23-e4f013964a6e,Pengguna Google,B aja,3,0,2021-01-26 07:02:18
98a08464-6931-4318-982e-813abc3b79f2,Pengguna Google,Terimakasih...,5,0,2021-01-26 03:51:38
4fab685e-d508-4fb6-958b-e4eef69ca5c7,Pengguna Google,Keren👍👍👍,5,0,2021-01-25 09:31:55
337622d8-78b0-4eda-a60e-6a70502422f6,Pengguna Google,"Bagus, updet terus..integrasi dg transjak ma jaklimgko",5,0,2021-01-19 16:12:34
83dd77e8-066a-48de-b2aa-d3b83926b816,Pengguna Google,Good,5,0,2021-01-18 22:14:31
3384bbf8-d0b0-44d8-99d4-2f3061ab1650,Pengguna Google,Mantapp,5,0,2021-01-18 21:24:17
f7d3cbd0-01f4-4ec8-9b14-f0fa612d4f46,Pengguna Google,Aplikasi Broken Tol*l,1,0,2021-01-18 12:50:27
a712b9cb-1754-4db2-98da-56c3091ad19e,Pengguna Google,tidak bisa mengisi jakCLM,1,0,2021-01-17 16:57:01
86d47845-ac2d-480d-bef3-6f7be869cfe8,Pengguna Google,sampah,1,0,2021-01-16 19:43:00
fabf7d83-27e0-4531-9b11-6357f58fd66d,Pengguna Google,suka,5,0,2021-01-16 15:57:55
7eb56534-2382-4edc-a4ec-32889f5a0b08,Pengguna Google,Bagus..sangat membantu,5,0,2021-01-16 13:09:36
0cad9887-9b9c-4b3c-8251-0645f0304496,Pengguna Google,Tes aja coba,3,0,2021-01-16 10:45:38
203a4372-8e35-4749-92a8-cd1fece8b62e,Pengguna Google,Jelek,1,0,2021-01-15 08:47:43
0357bbc4-ad54-4088-9035-8555b5df2acf,Pengguna Google,Respon cepat,5,0,2021-01-13 17:33:44
266e87c7-4f6c-4fef-be23-1fbeae857036,Pengguna Google,Very good,4,1,2021-01-10 06:33:37
aba9f5c2-f319-4be8-aa80-a3ff0551ad37,Pengguna Google,Ok bgt merasa bangun langsung Jakarta,5,0,2021-01-09 14:18:13
79b74f3e-f09f-40d0-a314-d9064bbb605d,Pengguna Google,"Sistem zonasi atau diteksi status keamanan sekitar tidak tampil atau lama terbuka, mohon di perbaiki terima kasih.",2,4,2021-01-08 05:46:30
f6e64082-3c5c-4620-94cd-c72193a36a5c,Pengguna Google,jrlek,5,0,2021-01-07 13:18:58
3d88170d-1786-4c08-9f61-ef9e026d5b88,Pengguna Google,Knp no RT diwilayah saya tdk ada? RT 3 dan RT 5 gak muncul,4,1,2021-01-07 12:27:02
1b58ce0b-6a52-4dc5-8140-edbc90d10cc7,Pengguna Google,Mantap aplikasinya,5,0,2021-01-06 19:44:18
06ba5310-9587-457c-b385-4d2c26db55f7,Pengguna Google,Terimakasih,5,0,2021-01-06 17:52:32
2efb61d5-6ac9-459d-bc53-c2e562538b9e,Pengguna Google,Baik,5,0,2021-01-06 16:47:30
e7859706-c431-4005-8f3f-08c40e88f906,Pengguna Google,"Aplikasi apaan ini, data lengkap dah di isi gak juga bisa diproses. Selalu ini yang keluar: The jenis alamat non dki field isrequired.",1,19,2021-01-06 12:03:46
85aa61bc-b1bc-4cad-bce4-3822c10ce2cc,Pengguna Google,🗿,3,0,2021-01-06 10:21:10
b53d8e08-962d-43f0-9597-403b62f8d376,Pengguna Google,Ok,4,0,2021-01-06 00:10:59
9b1e00b6-25c6-4d0e-98e9-b924108b6b61,Pengguna Google,Ngelag Mulu...,2,0,2021-01-04 16:13:24
d322d323-418e-4155-a756-cef566b8c0f4,Pengguna Google,"Hanya mengisi survei pembelajaran tatap muka buat anak sekolah, seharusnya di infokan kalo Jak Clm sudah berubah menjadi Jak survei. Ini gak sampe botak juga gak ketemu kalo gak kreatif cari sendiri deh",5,25,2021-01-04 12:56:24
162c8829-9d91-4e59-91ba-bc6415efcd81,Pengguna Google,Bagus,5,0,2021-01-03 15:47:32
46aac3bc-9c46-4a84-8d42-a8a2dfe12cc0,Pengguna Google,"Semoga dengan ada nya aplikasi ini kota Jakarta menjadi kota yang religius,maju,aman,beragam,bersih, teratur dan modern",5,7,2021-01-03 15:37:28
e304cdad-2790-4da0-9294-59983a3d5871,Pengguna Google,Geje,2,0,2021-01-03 12:28:12
0e198bf2-c57a-467b-b009-49ae5b7f2068,Pengguna Google,Ok,5,0,2021-01-03 07:35:54
bb2c2694-087f-4894-9441-96611c17e0a8,Pengguna Google,Tidak dapet akses wefi nya percuma,1,1,2021-01-02 21:27:40
ca46c90e-8669-4270-b2fe-ba928a67b829,Pengguna Google,Data pelapor bocor padahal sudah pakai anonim. Pelapor niatnya cuman mau kasih info pelanggaran psbb karena ada kerumunan massa. Tapi berhubung yang melanggar itu (ketua rt) jadi pihak keluharan melindungi biar ga terekpos kali yah. Data pelapor yang anonim malah dilaporkan ke pelanggar psbb. Tolong hargai hak pelapor. Apa karena yang melanggar itu ketua rt jadi ga boleh dilaporkan? Buat apa ada pilihan anonim?,1,1,2021-01-01 14:51:37
e2e58724-31f4-42a0-802d-869ceb004e82,Pengguna Google,Lagi nyoba,5,0,2020-12-31 10:06:35
057ec28a-5c40-4521-b885-5b772cc167ca,Pengguna Google,Setelah update 30 Des kenapa justru tidak bisa unduh e-SPPT PBB? Sebelum update malah bisa. Tidak bisa Cek pajak kendaraan.,3,5,2020-12-30 19:18:45
cc3f4d54-f7f6-4588-a6d7-bd68c769fa9b,Pengguna Google,Love,5,0,2020-12-30 09:16:32
93896cfe-618e-420e-95c3-4ac79904bd06,Pengguna Google,"3 dulu ya, terimakasih",3,0,2020-12-29 13:47:02
fc825710-d1b2-48e7-85e4-0f113fbc0e7c,Pengguna Google,Bagus bngt,5,0,2020-12-28 13:10:47
e1502fd4-f9a9-4f3a-b2fa-134e8569037c,Pengguna Google,Penting... utk selalu waspada terhadap datangnya wabah virus yg ada ditubuh kita agar tidak menular ke orang lain. 👍👍👍🙏💗,5,6,2020-12-28 09:28:06
bcd102ab-7b43-4b1b-a045-225acff95a91,Pengguna Google,"Nbgu. L. ,v cucu bip gue",4,0,2020-12-27 11:51:54
b086488d-4b59-4c5b-acfd-c4c61693c15a,Pengguna Google,"Tolong ditingkatkan untuk akurasi GPS nya, masa saya 2 kali lapor tapi pointer GPS nya jadi di jalan lain padahal GPS saya aktif. Bikin terjadi kesalahpahaman kalo begini ceritanya lama kelamaan 😞. Sama 1 lagi tolong tambahkan fitur buat menghapus atau mengedit laporan ketika salah input. Biar ga terjadi salah paham apabila ada kesalahan input pada kita pengguna.",2,56,2020-12-26 20:18:35
d98b9436-cd2f-4696-afb9-cabfb6574711,Pengguna Google,Tingkatkan lagi,5,0,2020-12-23 23:56:32
a69ea1b0-a514-437b-a47b-1d80b51e2f14,Pengguna Google,Dibalas lah itu yg tanya2 tentang CLM jnckk... Woi. Heran ini aplikasi dibkin gda adminnya ya? Cari CLM ini dmna woi?,1,1,2020-12-21 17:35:21
57584972-f0c4-4fa7-8c36-58f358799269,Pengguna Google,"Di mana letak form clm nya,,udah d cari ga ketemu ketmu",2,0,2020-12-21 12:47:14
2b8c5576-60d5-4b40-b329-eeda1bc5ec29,Pengguna Google,Good,4,0,2020-12-20 07:42:48
ae5de280-162e-4e07-9f04-d93b974b0703,Pengguna Google,"JakCLM nya di mana ini, opsinya di mana trus mau cek nya gmn klo gak ada fiturnya,,, yg ada cuma penjelasan CLM",3,5,2020-12-19 12:52:07
93f72070-88d3-4230-8d79-61ffaf02b9ec,Pengguna Google,Formulir CLM nya dmn nih . Di cari smpe akar kagak ada tuh pilihannya . Payah Trs komentar sblm saya dan yg akan datang tolong di respon atuuuh. Jgn cuman di baca,1,8,2020-12-19 06:53:08
903c0418-994f-4e43-9e25-0a204852966e,Pengguna Google,"Apakah fitur jakCLM sudah tidak ada ? Saya butuh untuk naik KAI , tolong di respon",1,0,2020-12-18 12:14:29
42e73b04-5883-40e2-8ef1-49a2b7c7a3ae,Pengguna Google,masih belum Nemu menu clm dimana di aplikasi jaki terbaru,2,0,2020-12-16 22:38:03
b2a41961-8d05-4ef5-ae97-5d113899e9c9,Pengguna Google,"Tolong dong kalau saya abis mengisi tes mandiri dan keluar dari aplikasi terus kembali lagi ke app gak usah nunggu Minggu depan lagi.saya lupa engga nge ss atau download tes nya.karna saya harus mengirim ss an itu ke sekolah hari ini juga :""",2,0,2020-12-16 12:13:32
8e18f795-117b-4f41-8a97-d0b9cda0e2ca,Pengguna Google,Mantap,5,0,2020-12-15 10:19:12
67765850-6a15-4b96-ac33-dac7ac3774be,Pengguna Google,Gua siap² INSECURE aje ini mah 😔,5,0,2020-12-14 15:25:54
7dd83049-6de7-4284-95ef-31254d73bdbf,Pengguna Google,"Makasih Pemprov DKI, Salam warga asli Jakarta.",5,0,2020-12-13 03:18:08
d5f27826-d79d-4314-a916-580e3f3d9f2e,Pengguna Google,sangat bagus,5,0,2020-12-12 15:14:28
eed6150c-1a40-4a9a-b0e6-a9ddf33e864e,Pengguna Google,ok,5,0,2020-12-12 15:10:40
dfb9a9af-cb46-4698-8f38-0c13260cb899,Pengguna Google,Aplikasi sangat membantu warga DKI utk dapat info yg sangat berguna dan bermanfaat sekali,5,0,2020-12-11 22:46:57
b96932b9-fe17-4737-a901-c197951efb10,Pengguna Google,Bagaimana cara agar muncul pilihan SKLM di dalam menu jaksurvei? setiap pilih jaksurvei yg muncul survei kepuasaan masyarakat ttg kanal pengaduan.. Tidak ada SKLM,3,1,2020-12-11 18:09:08
a4b777a0-ffa7-434a-8070-193f706b045b,Pengguna Google,"Di mana2 saya di ukur pakai alat ... cuma 3,6 masa pakai aplikasi ini 3,8 ngaco... ngaco..",1,1,2020-12-11 14:50:23
793be05c-da5b-4713-aa32-ca820abcfd29,Pengguna Google,Pilihan JakCLM dmn?,3,0,2020-12-11 11:48:47
f9a5ddfe-de66-47f0-96c8-f9e5073a8a86,Pengguna Google,fitur JakCLM di sebelah mana ya?,3,0,2020-12-11 10:50:00
5487f81c-8bf6-4e31-9eae-6bd64c480e6c,Pengguna Google,"Bgmna ini, ngga ada form Clm nya? Tolong konfirmasinya",2,1,2020-12-11 09:33:56
7dd82a75-750b-4f3b-9a49-99b6f5d76c71,Pengguna Google,Ini bagus,5,0,2020-12-10 09:48:34
a6e886df-22d8-446c-905c-35146be89e60,Pengguna Google,Mantab,5,0,2020-12-10 06:44:38
9d7ef1dd-e823-4e22-a212-cb69a736f5d1,Pengguna Google,Tolong dong diperbaiki unt jaksurvey karena Uda 2 hari tidak bisa isi survey yg Taspen kelurahan padahal Uda ganti hp dan email masih aja tidak ada.,3,0,2020-12-10 05:31:25
99a43be0-456d-4e8b-87ab-0d054082c39b,Pengguna Google,Bagus the best pemprov dki,5,0,2020-12-09 15:19:52
9c71f725-dfa4-45c9-88bb-bab0c2ccf478,Pengguna Google,Ok,5,0,2020-12-09 04:42:08
fa54cc69-2672-413e-a132-e518f26e45f1,Pengguna Google,Cukup baik untuk cari tau info tentang covid da wilayah jakarta saat ini,3,0,2020-12-08 22:11:44
4f0886d1-e7b1-4d2a-af34-eeb6bdc3c45e,Pengguna Google,Gk guna aplikasi ini downlad karna di paksa persaratan untuk beli tiket uuuu,1,0,2020-12-08 16:31:34
1ba9a940-b8cd-4c74-b61f-b5ab81f13148,Pengguna Google,Good,5,0,2020-12-08 16:03:16
9c20bcb4-ecf8-435d-85b6-2b972b252208,Pengguna Google,EH BUSET INI GIMANA MAKENYA. KO GAADA JAK CLM SI ANJJJJJ,1,0,2020-12-07 18:33:49
27db0306-a3c5-428a-852c-090eb1041702,Pengguna Google,Bagus,3,0,2020-12-07 18:23:28
7a7b0d09-498e-4d87-956b-102aa085b0b6,Pengguna Google,Mantap,2,0,2020-12-07 16:34:56
e18d3d3b-bf24-4f14-8e51-f9314fc1577a,Pengguna Google,"Untuk proses tes mandiri /clm, tidak ada opsi Nik/KK jadi saya yang masih dibawah umur sangat kesulitan untuk mengisi data diri saya,tolong tambahkan opsi nya kak",3,24,2020-12-04 20:45:06
a3d994fc-edcb-4fc3-aa21-6c0e37536882,Pengguna Google,s3 pemasaran,1,0,2020-12-04 18:43:06
c3b244e9-6d0d-400b-8199-8489a3bde1de,Pengguna Google,Oke,5,0,2020-12-04 17:55:56
05be4959-e229-425e-9c1c-2f532f9fde29,Pengguna Google,sangat puas,5,0,2020-12-03 18:03:29
3e6274b6-b31c-4cf3-8d8a-37478abdc744,Pengguna Google,Top bgt,5,0,2020-12-03 15:01:13
5b4d03e6-2fba-4a05-a0d6-05b40bbbf632,Pengguna Google,"Tolong dong kasih riwayat JakCLM, saya lupa untuk SS ataupun downlod hasil tes. Tolong admin direspon karena saya disuruh sekolah untuk mengirimnya saya harus menunggu 1 Minggu lagi untuk melihat hasil tes",3,21,2020-12-03 06:19:54
413773b2-79b6-4f44-97b3-151abaf858d5,Pengguna Google,Mantap,5,0,2020-12-02 21:17:40
ed8d31ae-c258-4d4d-b93d-8bd92fb38bde,Pengguna Google,Mantab,5,0,2020-12-02 15:59:38
63769895-3597-4e06-ae6e-cedc12d305b6,Pengguna Google,Sangat mudah,5,0,2020-12-02 15:13:18
75a2fb35-a074-45c9-9f10-a7a0d5f56d5a,Pengguna Google,"Saya mau Instal Aplikasi Jaki - Jakarta Kini, tapi gak bisa"".. sinyalnya atau apa ya ?",5,0,2020-12-02 11:08:34
cb53d589-d056-4167-af01-c3c1a58867fb,Pengguna Google,"Saya mau ketik ..kek survey ..dari tadi ..GK bisa"" apakah nama sy blm tercantum di kelurahan nya bantu jawab y",1,2,2020-12-01 20:05:13
092ddced-4f38-438b-aa02-9c4394a367bb,Pengguna Google,Ok,5,0,2020-12-01 19:13:32
c278a113-4904-45dc-bfef-d11280dc757b,Pengguna Google,Dmna lokasi CLM nya tlng jgn persulit,3,0,2020-12-01 18:53:05
82a6d0e7-3cdc-4b5f-bd0e-852d4ab3b566,Pengguna Google,Bagus,4,0,2020-12-01 14:44:19
9739ec83-8fdb-48ae-847a-0b063a59e9c4,Pengguna Google,Mantap,5,0,2020-12-01 14:16:28
7580b4a2-df7f-4711-a1c9-710f3b765a7e,Pengguna Google,Cukup membantu.Terima kasih,5,0,2020-12-01 09:18:04
5fce9158-f627-42c5-9d1b-f4551e0493e0,Pengguna Google,Banyak juga yg bikin laporan palsu petugasnya . Yg penting acting buat di foto dan laporan selesai. Hhhhhaaaadddeeeehhh,1,5,2020-11-30 11:25:32
6da38f6a-e591-42e2-bd36-3d6a2e24c990,Pengguna Google,"Aplikasi Pempov yg sangat bagus, Lapor-Respon-Pantau. Semoga Kepolisian di Jakarta Punya aplikasi seperti ini",5,1,2020-11-29 02:33:07
5e916a95-6cc5-4cda-bfb4-b28c6993bf1c,Pengguna Google,Udah Ok,5,0,2020-11-27 09:11:49
6b147450-9937-429f-9e70-f1ba8cc7b329,Pengguna Google,Au dh mo komen apaan,5,0,2020-11-27 06:09:10
ae588b7e-86c8-4fa5-aa1c-cb2b55011e84,Pengguna Google,Kasih 4 bintang dulu ya soalnya masih percobaan belom liat semuanya,4,0,2020-11-26 19:35:11
562a0000-7c60-432b-83fd-29825488df86,Pengguna Google,Kamperet gara2 aplikasi ini membuat suruh guru download aplikasi ini memory gua penuh sue,1,0,2020-11-26 19:29:30
01fff299-071d-438c-aa49-2de16644902f,Pengguna Google,Ok,4,0,2020-11-26 13:12:42
99a14a9a-645b-4323-9796-0455f5a75faa,Pengguna Google,"Saya baru pakai aplikasi ini. Saya bingung, dimana posisi form JakCLM yg diperlukan sbgai slhb1 syarat utk naik kereta api jarak jauh? Tlg pncerahannya, krn yg saya temui hanya fitur CLM saja",4,64,2020-11-25 20:40:06
72f2369b-1d2e-4d77-a9f6-5250f92269fe,Pengguna Google,Saya senang karena mendapatkan info yg lengkap dari jaki.semoga jakarta makin baik seperti kota2 besar lain nya.,5,0,2020-11-25 19:57:17
1f3ee4e2-30e8-4c6e-b2bd-66c82556bcca,Pengguna Google,Fitur JakCLM nya dimana sih ini?!,3,1,2020-11-25 16:24:56
59457048-5868-4616-912f-17afc10515f3,Pengguna Google,mantab,5,0,2020-11-25 15:28:22
bb7efc95-06e6-4c38-bea2-acf30a779fa3,Pengguna Google,Tolong diperbaiki lagi dong,3,0,2020-11-25 10:01:53
4fdddebc-ae81-4c82-840d-78886ff3af62,Pengguna Google,Apa benar ditindak sih kalo lapor kesini,2,0,2020-11-25 09:00:32
da6d8ef0-7bf9-477d-be98-1ce3d9b7144e,Pengguna Google,"Kok ga bisa di gunakan ya.. menu tes clm.y jg ga ada, trus ga koneksi terus tulisanya pdahal paket data penuh sinyal oke",1,3,2020-11-24 22:42:26
ba1c7083-de5d-43c9-b73c-41b2f6900aaa,Pengguna Google,"muncul ""terjadi masalah koneksi, silahkan mencoba kembali"" padahal internet lancar...",2,0,2020-11-24 21:55:47
fedd8362-1595-425b-9336-c68473e692dd,Pengguna Google,"kok gak bisa konek ke aplikasi jaki yaa..?keterangan nya itu koneksi tidak ada, saya pake data lohh, buat buka youtube ajj lancar",2,0,2020-11-24 20:36:51
c48513b7-b078-4e04-9964-845edaa1e3da,Pengguna Google,"Kenyataan yg di alami teman dgn mengunakan aplikasi jaki menjadi lebih peduli dgn lingkungan utk menjadi dki lebih baik,BRAVO jakarta ku",5,1,2020-11-24 13:05:30
3b571f83-e827-4303-9284-0fd0e417a9d4,Pengguna Google,"App bagus, warga Jakarta bisa dapat info update tentang cuaca jakarta, info tata air, kebersihan, jalan, kelistrikan, wifi gratis, info covid, dari applikasi ini, kita juga bisa melaporkan hal hal di jakarta untuk jakarta lebih baik, lebih bersih, lebih teratur, seperti parkir liar memakan trotoar, got mampet sampah, pelayanan,",5,1,2020-11-23 14:51:46
1945edb9-364a-42e7-adb6-e5289cadffe0,Pengguna Google,Dear Admin boleh ksh masukan ya utk notifikasi kiranya bisa ada menu hapus semua jd TDK satu persatu di klik baru hilang terima ksh,4,2,2020-11-23 13:10:37
c8e6178b-25bc-4841-b114-e08c02dca7de,Pengguna Google,Sampai saat ini masih cukup baik..,3,0,2020-11-23 07:57:39
758c4ea4-9cbc-4a70-b251-f0283b6e4482,Pengguna Google,Aplikasi yang membuat orang kesal. Sudah tes clm hasil nge hang lama banget lalu app nutup sendiri sebelum keluar qr begitu mao diulang tunggu seminggu padahal sudah mao berangkat pesawat. Jangan ngerepotin deh.,1,25,2020-11-22 22:21:03
26adad7c-4bd8-4f86-bf71-c51dff84f087,Pengguna Google,Ok,5,0,2020-11-22 17:51:47
d6b0d62d-0664-48b7-b3aa-d6c205ed9431,Pengguna Google,Mantaap,5,0,2020-11-22 14:00:44
f57bab46-2cc9-4dfa-afab-5715e59cc482,Pengguna Google,Mantap aplikasi ..respon cepat tentang keluhan masyarakat ...semoga daerah lain..meniru apa yg ada di DKI...smart aplikasi,5,2,2020-11-20 21:03:32
18787484-e9e5-4d6b-867c-6f6ad60d30f9,Pengguna Google,"Luar biasa,mantaf bangeet",5,0,2020-11-20 17:06:34
f941eeb7-709a-47e0-b164-8b76de2a44c0,Pengguna Google,"mantap, respon cepat",5,0,2020-11-19 16:56:21
f276b878-8af2-4b10-9e8c-30aefc4d09b5,Pengguna Google,Good job,5,0,2020-11-19 15:25:51
90f8662c-2404-4213-bf69-36bebc787062,Pengguna Google,"Memudahkan masyarakat, good job",5,0,2020-11-19 13:06:53
2743f098-a386-42fc-872c-a73d9a2cb39a,Pengguna Google,Tolong dong saya mw liat hasil tes jack clm gk sempet saya download dan ss saya lihat apk ini gk ada riwayatnya jadi saya gk bisa tahu apa yang pernah saya lakuin pake aplikasi jaki ini .ini gmn penyelesainnya masa meski nunggu seminggu saya di suruh guru saya ngasih ss jack clm. Masalahnya cuman force close pas balik lagi tampilan kembali seperti beranda tolong tambahkan menu riwayat pengisian jack clm biar saya gk usah nunggu minggu depan untuk tes dulu. Dan juga kaaih menu customercare diapk,1,8,2020-11-18 19:39:51
5bbb3dc1-9e63-4149-bf1d-1010215e0f67,Pengguna Google,Good... Mantap... Pemprov DKI Jakarta,5,0,2020-11-18 17:39:39
d4a9837f-7829-4b9f-a80e-a4f062f1d806,Pengguna Google,DKI keren,5,0,2020-11-18 09:31:39
b92f981d-c01d-43a4-9b56-1dcfa4dc7f2f,Pengguna Google,Makasih 😊,5,0,2020-11-18 09:22:39
3d7cd00e-3ad7-4d4c-ad0b-e4d92cad68da,Pengguna Google,Pertahankan url pelayanan nya.👍,5,1,2020-11-17 22:47:15
91c84d67-4fd1-461d-8127-b7dea6e1401d,Pengguna Google,Msntap,5,0,2020-11-17 14:41:38
6880f0ea-5b07-4b1f-bedf-03f730cf6b84,Pengguna Google,Mantap,5,0,2020-11-17 06:29:24
b17d3686-982e-4ecb-a600-aa18219d7f2c,Pengguna Google,tingkatkan terus.,5,0,2020-11-16 14:50:49
9da10a21-1d17-4a12-ac74-baa5dde7d536,Pengguna Google,"Aplikasi gk jelass, isi data CLM sudah lengkap tapi gk bisa ke tahap selanjutnya, mending di hapus gak guna!",1,4,2020-11-16 13:59:29
95420fce-6de0-4cb8-8974-eafc84f7f46c,Pengguna Google,Great,5,0,2020-11-16 12:51:28
959a94c9-85e9-4ed3-8e75-03e6bafbee32,Pengguna Google,"Entahlah, laporan saya tidak direspon atau slow respon yg jelas laporan saya sdh lebih dari 2 Minggu hanya sampai di level kordinasi di Sudin terkait. selanjutnya belum ada kejelasan, padahal kondisi aduan sangat membahayakan lingkungan apalagi bila terjadi hujan dan angin kencang, jangan sampai terjadi korban baru direspon. Apa karena aduan ini privacy jd kurang direspon, mohon ditunggu tindakan selanjutnya, TKS.",1,12,2020-11-16 12:24:01
bbde68f4-300d-4556-a37e-3b22290f0921,Pengguna Google,Mantab gan..... Lanjutkan semoga berkah,5,1,2020-11-16 07:11:30
8345f7d3-36a1-421f-a738-5de4fbe7214f,Pengguna Google,Good,5,0,2020-11-16 03:51:05
fc9f31f7-ddb6-4b92-9551-0552d1175e3b,Pengguna Google,Kerem banget pemprov DKI,5,0,2020-11-15 23:36:32
7cf950ed-bff4-4d88-a445-e584022ca40b,Pengguna Google,Mantap 👍,5,0,2020-11-15 21:16:42
cc15a4a6-af5a-4eac-82b4-7b8a97b0fde6,Pengguna Google,kok jakclm gaada yaa ? pindah kmna ?,1,2,2020-11-15 16:49:09
7f99c542-e08b-4e3c-8cec-0886ac182083,Pengguna Google,"Respon, malah kamu jadi saksi mengumpulkan ribuan orang yg tanpa jaga jarak dan byk yg gak pake masker.. Kan gubernur biadab, demi kekuasaan km biarkan rakyat jakarta kena penyakit. Malah kamu ingin lakukan psbb, kamu ini omong kosong apaan??? Kayaknya anda ini bukan lagi manusia.",1,1,2020-11-15 14:26:21
3a6da8ab-cfbf-497f-9ed9-ae31e7869649,Pengguna Google,"Tolong di perbaiki, syarat penerbangan harus ada CLM nah pas isi tes aja jenis kelamin dan domisilinya gak bisa di buka dan di tekan. Sementara penerbangannya sebentar lagi. Kalo memang aplikasi ini gak bisa di pake kenapa haru mengharuskan syarat penerbangan? 😒",1,16,2020-11-15 13:51:34
e9b94151-5b30-4ae7-9cf2-ece76cd84dfc,Pengguna Google,Baguuss,5,0,2020-11-14 08:23:30
5400c7c4-6307-45dd-b68f-81513adffc8a,Pengguna Google,Sangat baik,5,0,2020-11-14 06:18:18
b7b744e0-4994-48bf-b10f-2d08b095f3cd,Pengguna Google,mudah di penginputan dan hasil maksimal,5,0,2020-11-13 16:02:51
1f7e4256-b687-4cc3-a95c-d0d80c0d5afe,Pengguna Google,Tolong diperbaikin lagi dong🙏🙏,3,1,2020-11-13 08:57:33
9e164a76-bb7a-4d44-bfc4-e194c6b3109e,Pengguna Google,Bangga jadi warge jakarta,5,0,2020-11-12 01:12:59
23460675-0adb-4b94-873e-78faad4e5722,Pengguna Google,"Bagus sekali, sangat bermanfaat.",5,1,2020-11-11 22:02:42
41409d35-7be6-428b-9996-aef7ea16b5c1,Pengguna Google,Bagus,5,0,2020-11-11 21:39:13
305df420-bb3c-4b7d-b4ea-9c018975fe77,Pengguna Google,Belum ngerti untuk clm ...,2,1,2020-11-11 19:54:02
aafcee51-39e0-44de-9766-de483e5b130d,Pengguna Google,"Kok susah sekali ya pilihan tes mandiri.. isian jenis kelamin, domisili ga geser. bandingkan dengan ehac. kita perlu fungsi, bukan kecanggihan. canggih tpi ga kepakai ya percuma. ada solusi tes mandiri?",2,14,2020-11-11 16:24:35
0f345c53-2330-4213-89b1-3931a4a4ec72,Pengguna Google,Bagus,5,0,2020-11-11 11:09:27
84bf2212-b363-4f53-b9f4-32cc0d3bfa32,Pengguna Google,Belum coba tp sy kasih bintang 4 semoga bisa digunakan dan bermanfaat,5,0,2020-11-11 10:47:21
d4d698bd-c0bd-4f3e-a186-1ef19ce8e199,Pengguna Google,Aplikasi jelek perlu banyak perbaikan,1,1,2020-11-11 09:00:20
763a5e25-0275-4655-9cee-87b7011e7f19,Pengguna Google,"Saya sudah install aplikasinya, tapi menu JakCLM nya tidak ada",1,2,2020-11-10 21:38:16
eab8fc23-3945-459a-93c9-a5a699342159,Pengguna Google,Oke,5,0,2020-11-10 20:35:28
e7d6598a-a71c-4222-b861-34e2a071c005,Pengguna Google,Kenapa gbsa di download ya?,2,0,2020-11-10 20:28:18
892bbed1-5323-48a2-9b52-70c4bafb1415,Pengguna Google,Ok,5,0,2020-11-09 15:36:21
13fb0db5-7b4b-4e4f-a137-60db02579c09,Pengguna Google,Sangat bagus,5,0,2020-11-09 13:29:53
86ec8cff-57cd-4b2d-943a-df497a33f3d2,Pengguna Google,Kader jumantik,5,0,2020-11-08 14:18:59
64da165a-bdfc-4749-81e4-bc4cc491264e,Pengguna Google,ok,5,0,2020-11-07 10:12:54
75c13008-5fdc-4d69-8cf1-bab25fb451ec,Pengguna Google,Posisi letak bank sampah dong di jakarta di mana saja,4,2,2020-11-07 08:41:59
8ff44d75-eeb2-4c03-98db-9fd054863eda,Pengguna Google,Kenapa jenis kelamin GK bisa yah,5,0,2020-11-06 21:48:03
245fba1a-ba71-46b0-94de-bab9b2b81ac7,Pengguna Google,"Apapun yg kalian lakukan untuk perubahan DKI JAKARTA ane dukung sepenuhnye karena di era pak @aniesbaswedan lah DKI JADI BAGUS INDAH NYAMAN DAN TENTRAM lanjutkan imanjinasimu, kreativitasmu JAKI kalian mantap👍",5,0,2020-11-06 18:03:13
939aac01-4aa8-4961-8a9a-66089a71f90f,Pengguna Google,"Infonya data pelapor anonim tapi kenyataannya pihak Kelurahan bisa tahu dan memberikan teguran krn merasa lingkungannya terekspose utk hal2 yg kurang baik melalui aplikasi ini, padahal koordinasi dari level lingkungan terbawah sdh dilakukan tapi tdk berjalan. Seharusnya disyukuri ada kondisi kurang baik yg dilaporkan sebelum terjadi akibat2 yg lebih buruk lagi, sehingga bisa diatasi sejak dini.",2,46,2020-11-06 14:54:13
b9f62bbe-4def-466c-842d-37bed7aa5498,Pengguna Google,Bagus,5,0,2020-11-06 13:43:07
097ced27-7069-4ae8-9504-ad57b1ec7f6d,Pengguna Google,Mantap,3,0,2020-11-06 10:37:25
9528ac19-cf68-4e06-8d06-689080350f43,Pengguna Google,Bermanfaat sekali bagi masyarakat jakarta,5,1,2020-11-06 09:07:56
3e22b58c-dde9-4a32-b289-26f1de37cfc3,Pengguna Google,Sangat bermanfaat menjadi warga bijak Dki jakarta,5,0,2020-11-06 05:21:35
9eed88d2-b4a4-4fa4-8b61-4173375a9933,Pengguna Google,Mantap,5,0,2020-11-05 14:23:20
2e066b9a-78bd-4ef0-8eb6-543a03763d32,Pengguna Google,ok,5,0,2020-11-05 13:40:48
ddaa2d0b-0e77-42e2-acf0-d5577a99674a,Pengguna Google,Saya dapat lebih mudah mencari info seputar JAKARTA,5,2,2020-11-05 12:51:30
ea074298-c72a-43e7-a73b-87a0b0268122,Pengguna Google,Sangat membantu,5,0,2020-11-05 10:43:23
fc654dec-f32f-4223-8921-c8dcef1ccada,Pengguna Google,Oke,5,0,2020-11-05 09:28:58
51afa6b1-9f97-4a19-863e-80cd50af5070,Pengguna Google,Top markotop,5,0,2020-11-05 09:08:32
70b5d4fa-cf5e-4f29-83cb-425b7e5dbcc7,Pengguna Google,Bagus,5,0,2020-11-05 08:41:46
eaed29bb-23ad-4ae3-b149-ba740ca78091,Pengguna Google,mangtaff,4,0,2020-11-05 04:17:58
9fc828aa-10a6-496b-af0c-edf84966ff76,Pengguna Google,Mantapp,5,0,2020-11-05 04:04:54
9b40a0a7-6f3d-45c2-932c-db36851ef3a3,Pengguna Google,Aplikasi mantap sangat membantu,5,1,2020-11-04 19:35:20
8ae34f28-f62e-4822-8b7d-3a1e95f32f5e,Pengguna Google,Alhamdulillah aplikasinya juara nasional,5,1,2020-11-04 16:26:54
0b1faa56-635b-4f54-8263-3e539e23f76a,Pengguna Google,Sangat membantu untuk mendapatkan informasi seputar dki jakarta,5,0,2020-11-04 13:36:56
5da492c0-ddcc-494b-9b44-bae577934010,Pengguna Google,"Aduan sangat cepat di respon 1x24 jam petugas langsung datang dan langsung ditindak lanjuti, terimakasih pemprov DKI Jakarta",5,5,2020-11-04 13:00:26
cbb1a9a2-80d9-4e40-936f-1b36e792f514,Pengguna Google,Kenapa App ini gak bisa saya download ya ?,1,0,2020-11-03 21:37:17
363658b5-7b2b-425f-b4e4-1b53aa425432,Pengguna Google,"Berapa kali laporan kerusakan cuma disurvei aja, tidak diperbaiki",1,3,2020-11-02 20:21:13
b24154a9-ef22-47ce-9e36-b9cc872afc3c,Pengguna Google,Muantap dah ah,5,0,2020-11-02 01:28:30
3b15aed7-3ae3-4035-b00f-59a7b3ac7f2f,Pengguna Google,Kerennn tingkatkan terus pak anis,5,0,2020-11-01 14:34:44
7502eb2f-82a3-4722-b293-306a96e46b7e,Pengguna Google,Bagus sekali,5,0,2020-10-31 13:29:36
8071d0a4-cdd9-43e8-9cf1-62ef488b8734,Pengguna Google,"Aplikasi paling goblloookkk,kontol dan mmek☹️😠😠😠",1,0,2020-10-31 11:37:25
0f148d82-f6ca-47f8-af56-7b36c21af830,Pengguna Google,Ok,4,0,2020-10-30 18:59:27
fc864be7-e6f9-4d1a-9720-ecf6833d969d,Pengguna Google,Good,5,0,2020-10-29 15:10:51
9dfa3100-8bec-41a1-a7e3-9ccf26a18f23,Pengguna Google,Baik,5,0,2020-10-29 05:01:23
3274f757-4b99-4399-80ea-7229b9a809af,Pengguna Google,Bagus,5,0,2020-10-28 19:55:03
4c7fc760-f70f-43b7-8448-02cfea853f05,Pengguna Google,"Semua pelayanan untuk kesejahteraan masarakatnya ,semoga Allah SWT meridhai dan melindungi kita semua Aamiin YRA .",5,0,2020-10-28 09:48:29
9f8ad8bb-e74e-485e-b061-c6d0dbd5d329,Pengguna Google,"Sangat bermanfaat untuk semua masyarakat,semoga sukses sll",5,6,2020-10-28 09:02:01
2be17c8f-619f-4472-8c6a-33d6863bb6c3,Pengguna Google,Baik,4,0,2020-10-28 08:50:05
378f7773-49cb-408e-8dbd-2e6f02b14c2b,Pengguna Google,Top nih aplikasi buat penduduk jakarta👍,5,2,2020-10-28 05:08:48
c1047c16-c900-4a9f-b1b8-0e37c6dab418,Pengguna Google,Trims Pemprof DKI,5,0,2020-10-27 22:38:53
64ac2452-c9d8-4908-9a5e-54897a6dbd43,Pengguna Google,Puas,5,0,2020-10-27 18:48:39
65534b7d-3288-4cb1-bd7f-7f2862226b7c,Pengguna Google,Ok,5,0,2020-10-27 18:32:12
7503e6a8-775a-4a57-8067-db657e3d9e20,Pengguna Google,Alus pisan,5,0,2020-10-27 10:46:00
257ba6ea-3745-431f-86d8-5f2c2e34cedc,Pengguna Google,Keren aplikasinya,5,0,2020-10-26 11:39:54
eab2264d-a96f-4541-b74c-67011cdf5391,Pengguna Google,mengapa tidak ada JAKCLM ?,5,0,2020-10-24 20:37:00
d68c0f25-9d81-4a0a-a575-6114c05e0833,Pengguna Google,Masih bagus qlue.. Dijaman ahok semua transparan..,1,1,2020-10-24 19:20:45
806af193-47a6-4d9e-9e0d-c63d25061f4e,Pengguna Google,"Mohon solusi untuk isi tes, di bagian combo box gak bisa diklik, sehingga tidak bisa menyelesaikan testnya Padahal android ku 5.1.1 dan internet ku stabil banget tp masih blm bisa pake aplikasi ini. Mohon solusinya",1,30,2020-10-24 08:53:54
a9814698-94b6-4ade-9239-506ad88c9ff3,Pengguna Google,Very good,5,0,2020-10-24 00:56:26
e2d2130f-40c2-48fb-bb89-85a11f7d4a31,Pengguna Google,Mantap,5,0,2020-10-23 19:11:00
7c60212d-96ad-41b5-b078-b1ed28a24bb2,Pengguna Google,Ngentot ini aplikasi,1,0,2020-10-23 12:36:00
613cbc1b-7e3d-4e44-a6e7-1cb8c3857a64,Pengguna Google,sangat membanyu dlm mendapat kan informasi,5,1,2020-10-21 19:06:30
944f399a-5b6d-45b8-9d26-1cf1f94567c7,Pengguna Google,Tambah ilmu dan pengalaman mengetahui apa jg ada di jaki,5,0,2020-10-21 16:13:38
73d18fdd-7b00-499e-b511-93df4c57ac40,Pengguna Google,Semoga bermanfaat,5,0,2020-10-21 15:51:29
ab0bd3b9-a426-49f8-bbde-aaea7cc94ee3,Pengguna Google,"Notifikasi berita, update kekinian",2,0,2020-10-21 13:17:29
87da3676-4845-49dd-84f6-2b16f38ba706,Pengguna Google,Jakarta kini kenapa hujan baru sedikit Inikan sudah bulan oktober. Tapi sudah banjir tolong diperbaiki saluran air. Supaya gak kebanjiran.,4,0,2020-10-20 13:26:40
91065a82-d9b7-490e-a85f-8f088810de1d,Pengguna Google,Ok,5,0,2020-10-17 19:56:48
db08ea2b-531a-4907-bcfe-a7ad33860054,Pengguna Google,Aplikasi yang lengkap,4,2,2020-10-15 23:25:15
6345e40d-fc87-4917-bfe5-67e213c3a580,Pengguna Google,tidak berguna,1,0,2020-10-14 01:32:15
4f1d6c1a-89c4-4d04-9bf6-79f801c68e8e,Pengguna Google,Mohon infonya. Saya baru saja update jaki. Tapi setelah update jak clm nya tidak ada. Gmn ya? Terima kasih.,1,0,2020-10-13 20:13:56
465d0558-6598-4efe-8c64-074b24e877c2,Pengguna Google,Ini bagus,2,0,2020-10-12 06:06:09
749557ed-50a4-4c34-845d-996038358884,Pengguna Google,Kereen,5,0,2020-10-11 06:33:58
9a807b77-14f0-4bbb-92ab-49e76c703110,Pengguna Google,Ok,5,0,2020-10-10 11:36:32
f4bae8bd-b601-4852-8f89-6ac83f01509e,Pengguna Google,Mau aktivasi aja dah sulit apalagi nanti mau buat laporan ini.,1,1,2020-10-10 09:30:38
a741da0d-27a8-4ae6-906d-1095d9d93816,Pengguna Google,Mantap,5,0,2020-10-05 16:24:00
9d06e45d-7e3f-4e78-8fc7-07f49aef126a,Pengguna Google,"Peta aplikasi pada pantau banjir tidak update..lokasi yg terimbas banjir tidak termaping sesuai, malah yg tidak terimbas banjir termaping banjir.",3,2,2020-10-05 15:46:58
0e063104-959f-4feb-aad8-24f3fbe1e35a,Pengguna Google,Mhon bantuannya dong admin Tidak ada JakClm di apliksi ini,1,3,2020-10-04 21:25:13
a16373f6-cf2c-4c3e-9e2b-dfce8ecdd27c,Pengguna Google,"Setelah mengisi CLM melalui aplikasi ini , belum sempat tersimpan dan malah keluar, dan saat ingin mengisi kembali malah di blg seminggu lg baru bisa di isi sdgkan harus brngkt besok, solusi nya gmana ?",1,29,2020-10-04 19:10:49
0d065814-9e79-464f-a2df-47189d5304d8,Pengguna Google,Bagus,5,0,2020-10-04 18:13:28
084a3ce6-24d1-478e-b9f0-7c5751ae68d6,Pengguna Google,manta rasanya,5,0,2020-10-04 16:05:55
e477ed2f-7af3-4529-948d-c6e7365061e0,Pengguna Google,"RATING BUKAN UNTUK APLIKASI TETAPI UNTUK TINDAK LANJUT DARI LAPORAN YG TERKESAN ASAL SELESAI, DAN DIDUKUNG KUALITAS SDM PEMPROV DKI YG SANGAT RENDAH DAN TIDAK MEMILIKI RASA TANGGUNG JAWAB AKAN HASIL PEKERJAANNYA",1,17,2020-10-04 12:15:01
f6b1b4ec-bd3b-4e4d-87de-ae866e457509,Pengguna Google,"Beri kolom buat gambar atau fhoto d kolom komentar,biar bisa tau keadaan dan lokasi sebenar nya",1,0,2020-10-03 20:06:38
d83b2c59-c3e5-4257-9a92-5067a91cfdc1,Pengguna Google,Mayan,4,0,2020-10-03 09:26:28
da60685e-0133-4fce-927f-20b7836a8a37,Pengguna Google,Save NKRI !,5,0,2020-10-02 15:09:45
45925c71-a738-444b-af8d-4561500292ec,Pengguna Google,Keren,5,0,2020-09-30 17:54:39
56c5c252-9c67-4d71-b37e-b556201f4b1e,Pengguna Google,Top,5,0,2020-09-29 14:02:58
9304b481-6992-44a0-9daf-adf0ee05cf27,Pengguna Google,Bagus,5,0,2020-09-29 11:44:18
26b46c4f-ec30-4bb3-a678-77dcaaebca13,Pengguna Google,Terima kasih sudah menyelesaikan programku,5,0,2020-09-28 13:26:46
47e5611b-051f-4e28-8689-41b072dd1995,Pengguna Google,Aplikasi bagus,5,0,2020-09-28 09:05:44
f569e5f3-71a5-4f13-a101-c8d93ba6e2f8,Pengguna Google,Apk sampah !!!,1,0,2020-09-28 00:51:40
c43101d6-5877-4558-a78f-d913174cda7a,Pengguna Google,Suku dinas Binamarga kota Jakarta Barat tidak kerjakan tidak lanjut arahan dari dinas Binamarga Jakarta yakni proyek pekerjaan umum trotoar- jalan mangkrak dari belanja anggaran tahun 2019 dilokasi JL.Pesanggarahan raya kec. Kembangan dikota Jakarta Barat,1,8,2020-09-27 18:20:26
5146bec2-1107-4a01-835e-ed47e71db825,Pengguna Google,"Percuma lapor di sini lapornya malam jam 8 di tindak jam 10 pagi,lapornya berkerumun lebih dari 5 orang pada nggak pakai masker,di tindak siang ampun dah,terus kongkolikong lagi pol pp ama bimas ama keamanan setempatnya,kayanya corona cuma gertakan aja.",1,0,2020-09-27 00:49:10
d782cf8b-5570-40d8-a5bb-23bc694e3e15,Pengguna Google,Aplikasi belum layak di pergunakan,1,0,2020-09-26 19:05:26
b71b43d0-5216-48fe-9f2d-faf6a9607069,Pengguna Google,Bagus dan info Terkini,5,0,2020-09-26 13:25:19
98e537e8-7fb6-4eca-9026-04f05e811677,Pengguna Google,"Heran , setelah instal jakiclm nya kok gak muncul ya?",1,2,2020-09-26 11:36:54
f2a12667-1260-4a6a-8f60-7d7721cdec9b,Pengguna Google,kenapa saya susah sekali untuk mengisi jenis kelamin dalam tes CLM.. di tekan tapi tdk kluar2 mhon bantuannya,2,4,2020-09-25 09:04:11
c89dbef3-4955-4b39-8853-368d281344d8,Pengguna Google,Nice Apps,5,0,2020-09-25 08:58:33
ff2ffd62-a161-44ce-bae5-b8fd2a9461f8,Pengguna Google,Gak ngasih bintang.... Cs gak bs di gunakan... Mw ngisi jenis kelamin aj gak muncul pilihannya... Serta alamat nya spt kota. Profinsi dll di klik gak muncul pilihannya... Sedangkan mw di tulis gak bs jg.... Hadech... Aplikasi apaan ni gak jelas,1,20,2020-09-25 04:54:45
90d4a6be-4cb4-4155-a28a-c438ad26f2dc,Pengguna Google,"Maaf Bintang Satu, Sejatinya Bintang 1 bukan untuk aplikasinya melainkan untuk tindak lanjut setelah pelaporannya. Appsnya layak dpt Bintang 5. >100 Laporan telah dibuat. Rata rata hasilnya Hanya Himbauan Aparat tanpa sanksi yg tegas. Pihak terlapor yg merasa dirugikan karna tindakannya selama ini (parkir liar menggunakan jalanan umum) telah dimaklumi tetangga. Orang yg ngakunya aparat sampe ngancem2 pidana gara2 saat TKP didatangi kosong /alias dikerjain pihak yg dilaporkan, marah ke yg lapor",1,55,2020-09-24 22:10:50
acf80e66-e407-4391-bf2a-67caabcb08fb,Pengguna Google,Nice,5,0,2020-09-24 13:09:42
336dc7b5-344c-4886-a137-fd94da563d7e,Pengguna Google,di app saya tidak muncul pilihan jakclm,1,2,2020-09-24 09:33:17
f5041233-3bd6-44c2-b3d5-80a321dcbd3f,Pengguna Google,👍👍👍,5,0,2020-09-23 17:28:18
7e8d3d50-65d2-4585-8c56-ff923c44ddfa,Pengguna Google,Aplikasi yang dibutuhkan warga Jakarta. Banyak sekali fitur yang bermanfaat untuk sehari-harinya. Semoga kedepannya bisa ditambah fitur-fitur kerennya. Keep it up JSC & Pemprov DKI!,5,0,2020-09-23 11:56:47
2a446284-9524-4419-9d1e-8b01b86cf3a0,Pengguna Google,"ini kenpa ya saat saya mau mengisi data di bagian jenis kelamin nya aplikasi nya selalu kembali ke menu awal ? maslah nya dmna hp saya atau memang aplikasi nya? saya bukan domisili DKI tapi saya mau ke jogja via jakarta dan akan berpergian ke jogja mengunakan kerata, persyaratan di kereta harus mengisi formulir di jaki, kalau tidak bisa seperti ini bagaimana ngihh? mohon penjelasan nya",1,0,2020-09-23 08:33:57
6177bf00-85d6-4640-8b99-5bd477bef286,Pengguna Google,Kok bisa rendah,1,0,2020-09-22 13:03:18
d251b33d-e7df-4d5a-a78b-8d65e3e885d1,Pengguna Google,Aneh... buang2 duit aja ..ngapain bikin aplikasi lagi.. Jakarta kan uda ada aplikasi smartcity sama aplikasi Qlue..??? Ngapain coba bikin aplikasi lagi.. Sayang amat itu anggaran buat bikin aplikasi lagi... Bikin aplikasi itu ga murah Broo.. Manfaat kan yg ada jangan ego doang yg dipikirkan,1,0,2020-09-22 08:01:55
563a48a8-b008-464f-b319-dc72edeeee00,Pengguna Google,"Semoga bermanfaat ,dan dimanfaatkan dengan bijak",5,0,2020-09-22 07:10:35
346c8bb5-c18f-46a8-92d4-a2526381cbc6,Pengguna Google,Saping,2,0,2020-09-20 08:40:49
3c5f9d40-954f-4573-bc75-2d4a540701ea,Pengguna Google,"Keren, lengkap, detil",5,0,2020-09-19 06:17:17
23f1c18c-5a24-4cd3-b1c6-0ac04771b70e,Pengguna Google,Keren,5,0,2020-09-18 18:17:55
f801e8f5-fc3d-4812-ae03-4fee171fa2c4,Pengguna Google,Bagus..7 hari sekali isi data jakCLM,5,0,2020-09-18 16:59:02
8fe0d9ff-6ff7-454d-9eec-38166a941ef9,Pengguna Google,"Ini kenapa pas ngisi jak clm jenis kelamin,alamat ga bisa diisi , ngeselin banget 😠😠",1,0,2020-09-18 16:00:22
a3ca644b-d405-4309-8da0-23cf395b6032,Pengguna Google,Respon sangat lama,1,0,2020-09-17 23:46:25
65257cac-4623-4806-9bee-84fa83d2db52,Pengguna Google,Tempat survei didalam aplikasi tidak berjalan dengan lancar. Saya harap bugnya segera diperbaiki,1,0,2020-09-17 22:53:17
c825f29f-f3ff-4d87-8338-79cbb1f097d0,Pengguna Google,Pelayanan Bagus,5,0,2020-09-17 15:52:34
4457cbbf-6808-498c-b995-c5214d48da66,Pengguna Google,Aplikasi tololll ...,1,0,2020-09-17 10:14:37
d10e19f3-bbaf-45ef-8695-14959578663e,Pengguna Google,Oke banget,5,0,2020-09-16 19:03:39
8cf9da92-28c3-4ac2-b6b1-806544bc1871,Pengguna Google,"Min, kenapa kok saya tidak mendapatkan survey di feature JakSurvey, (survey tidak tersedia untuk anda) begitu tulisanya!! Tolong min, Terimakasih!",1,0,2020-09-16 12:07:12
a148c7f7-8559-4b78-a08e-80c2d1543998,Pengguna Google,Sangat efisien,5,0,2020-09-16 10:25:48
62e73747-4187-40c9-af02-47083ba6cdf8,Pengguna Google,Semoga jakarta dan SDM nya semakin maju aamiin,5,0,2020-09-15 22:52:06
b29860f9-29e4-47f4-a0f3-d9a3de7514bc,Pengguna Google,"Dari mana akurasinya ? Ngaco bener, saya tidak pernah kontak dengan pengidap maupun yg gejala. Saya tidak pernah menjadi bagian perawat pasien. Keseharian saya dirumah. Masa 38.37% dan disarakan dirumah.",1,0,2020-09-15 11:39:12
5f4f7b7a-2b53-45b6-928b-8d4de4b3c339,Pengguna Google,Baru mau buk tp loading nya lama banget knp ya,5,0,2020-09-14 22:31:50
b67990a3-37c1-465b-9897-3b1bc5477149,Pengguna Google,Sangat bermanfaat sekali untuk memberikan informasi,5,0,2020-09-14 16:50:01
b3c57388-26ff-44a8-b108-dfffdc216191,Pengguna Google,Selama sya tinggal diciracas kekompakan gotong royong sangat bagus saling bahu membahu peduli dengan lingkungannya,5,0,2020-09-14 08:58:48
1c0c6b17-29c2-40ea-a240-8614fc6447f8,Pengguna Google,Bagus,3,0,2020-09-13 14:29:11
b8d31d56-912a-46af-b373-c6bfb7ccde0f,Pengguna Google,Min kalo mau lihat hasil tes nya gimana min. Saya tes tapi lupa ss untuk bukti. Gmn cara liat hasil tes nya lagi.,3,0,2020-09-13 01:34:10
21003c5c-db65-4e46-9d2f-da2f1632df0a,Pengguna Google,Bagusss,5,0,2020-09-12 20:20:31
1b8890a0-8f93-40b1-bf70-51e93bb367c6,Pengguna Google,Kenapa setiap mau isi jenis klamin sama domisilin selalu berhenti,1,0,2020-09-11 21:45:39
d9e0056c-b971-4ecc-8cdc-e6a805401a41,Pengguna Google,Bagus,5,0,2020-09-11 14:54:30
54a36431-43ab-4a95-a5de-e5295a8cbf1a,Pengguna Google,Mengapa akun saya tidak dapat memuat update survey? Padahal saya diwajibkan untuk mengisi survey tsb. Mohon diperbaiki aplikasinya karena banyak pengguna aplikasi ini mengalami hal seperti saya. Terima kasih,3,0,2020-09-11 10:52:16
cbf43dcd-338d-4b8f-a011-ef68bc77e841,Pengguna Google,tdk bisa jak surve,2,0,2020-09-10 18:37:56
db49b766-ed65-47c1-9d70-934faaa3d099,Pengguna Google,👍,5,0,2020-09-10 14:26:48
85099dbb-d2f3-4add-8e60-03bc34c8b8cb,Pengguna Google,PSBB hrs kita ulang lagi karena kita kurang tertib dan disiplin. Apa boleh buat,3,0,2020-09-10 12:36:35
09cbab01-f62c-495a-8bb6-4a01b30a2c18,Pengguna Google,Semoga membatu,5,0,2020-09-10 12:30:39
9da392db-edcb-4ca2-bfe3-01e27a7829c0,Pengguna Google,Aplikasi info pemda dki jakarta bagus,5,0,2020-09-10 11:19:29
17eba5b1-fea1-45bc-b69c-c9be19570962,Pengguna Google,Saya tidak bisa mengisi kembali karena sudh mengisi dan log out karena jaringan tdk stabil. Mohon solusinya,1,1,2020-09-10 11:05:33
ec1f012d-cea1-4a57-81c3-04d843b4d972,Pengguna Google,"Saya sdh mengajukan pengajuan, hmpr 4 hari blm ada tindakan apa apa...",4,0,2020-09-10 08:54:14
ea79ea66-f414-43d8-b09b-a0af7c5e35e9,Pengguna Google,"Admin tolong dong masa buat jenis klamin nya ga bisa di klik jadinya ga bisa buat mengikuti tes, soalnya saya mau keluar kota",1,0,2020-09-10 07:24:22
566d08d3-8857-4f4e-a6fb-a1ec6542f8ba,Pengguna Google,"setiap ambil bansos dikenakan 10rb apa benar itu ada aturannya, coba dicek di posko pembagian bansos pangan di tingkat rt 009/06 sunjay",2,0,2020-09-10 00:44:24
36682332-18dc-4322-a640-ab9f2f69a092,Pengguna Google,Saya besok akan pergi naik kai.tapi ini aplikasinya gak bisa diisi sama sekali. Bagaimana pakainya sihhh....,1,0,2020-09-09 21:40:08
355fe2ca-a70d-4fe4-9fd7-95329abffa20,Pengguna Google,"Bukannya sudah ada qlue? Kenapa sih gak dilanjut aja? Pake buat2 aplikasi baru, saya liat kegunaan sama, bentuk laporan segala macem hampir sama, cuma beda warna sama tata letak, bisaan aje sampeyan buat proyek baru,",1,0,2020-09-09 20:37:12
b8d5306d-1690-4134-9f4e-e9da69b477aa,Pengguna Google,"Ko saya ga bisa di klik ya, jadi gabisa lanjutin tes nya",1,0,2020-09-09 13:50:26
38a3642a-60af-4adf-8530-87042ea4e6ca,Pengguna Google,"Aplikasi yang sangat Bermanfaat, Respon Cepat dan Akurat . Semoga Allah Jalla Dzikruhu memberikan keberkahan dalam hidup pada Orang-orang yang bertugas dalam menjalankan Amanah Rakyat Indonesia dari tingkat Wilayah, Daerah, dan Negara . Aamiin",5,0,2020-09-09 11:54:31
413c2568-a6d2-4b25-8f50-55788b6bbdc1,Pengguna Google,aplikasinya udh setengah jalan tulisan sayang aplikasi jaki telah berhenti,1,1,2020-09-09 06:09:37
dc97050b-008f-4e81-8ced-3b5bcdaba7f1,Pengguna Google,Mantul,5,0,2020-09-09 05:59:33
63bf525b-1fcb-4b7e-be90-67e726741d7e,Pengguna Google,Mantap,5,0,2020-09-08 14:34:32
0f7e5864-1244-4863-82a0-6c47e7552e9d,Pengguna Google,"Udh ngisi data pada tgl 6terus loading sekitaran setengah jam, tiba tiba kembali ke menu utama, malah bisa ngisi data lagi pada tanggal 13, sedangkan pesawat saya terbang tanggal 9, ini mohon infonya sampai Jakarta apakah tidak apa apa tanpa jaki ini ?",1,4,2020-09-08 12:58:26
bdece30d-51e8-467a-9d89-d7d435bf19f2,Pengguna Google,"Saya turunkan bintangnya jadi tiga,karena fiturnya masih banyak yg kurang terutama pada jakclm.Saya sudah mengikuti tes itu karena itu himbauan dari sekolah saya lalu saya lupa untuk mendownload hasil tes atau ss tanpa sengaja saya keluar dari aplikasi tersebut ketika kembali lagi dan ingin mendownload hasil tes tidak bisa ditemukan lagi hasil tesnya alhasil saya harus menunggu seminggu, jadi saran saya sebaiknya ada fitur untuk melihat hasil tes yang sebelumnya saya isi",3,0,2020-09-08 07:00:05
c26537c0-a9d6-4bed-a09d-090eba33313d,Pengguna Google,Alhamdulillah apk ini membantu saya,5,0,2020-09-08 06:47:25
b134c5ee-1230-4a3e-8e46-742f39acc64d,Pengguna Google,"Gak bisa di pencet pilihannya, padahal waktu itu bisa kenapa jadi gak bisa? Jadi gak bisa isi jakclm, nih",2,0,2020-09-08 05:39:01
5684a9e8-df28-4dfe-bf06-49be84a3d699,Pengguna Google,"Tombol opsi seperti jenis kelamin ga berfungsi , masa game dihp harus dihapus",1,0,2020-09-07 20:36:36
841ba2fd-95f6-4d41-8c9d-8f64f069d4ea,Pengguna Google,Bagus,5,0,2020-09-07 20:00:26
2c4b0b8f-d3df-4c7f-bc83-6f94d5bf557d,Pengguna Google,"Tolong di perbaiki lagi .. karna apk ini sering Force close Tolong cepat"" di perbaiki masalah soal Force close yg di alami oleh beberapa teman saya",1,0,2020-09-07 16:59:27
fb21ca95-f965-4afd-8b24-a6b3978fb193,Pengguna Google,"Pas liat komentar hasilnya pada 3x,xx %. Pas nyoba sendiri eh skornya cuman 28.50 %, padahal pergi jauh ngga pernah, ketemu pasien bahkan ngga pernah kok bisa-bisanya skornya cuman segitu. Hadehh bukannya bikin mudah malah bikin susah. Kasian yang keburu² ada kebutuhan malah hasilnya kaya gini.",1,3,2020-09-07 15:47:44
a4bc71ed-f15d-4a4b-a170-daa962deb8ec,Pengguna Google,Mantap,4,0,2020-09-07 12:59:46
e58ed9f6-e15b-45cd-a89d-3f4c3314be21,Pengguna Google,Help support for android 5.0 please,5,6,2020-09-06 21:44:38
040f3151-7b22-478f-9416-1439d4c9f302,Pengguna Google,Baik,5,0,2020-09-06 09:39:43
860e6a87-c560-43d0-9263-cfd835667130,Pengguna Google,Egood,5,0,2020-09-06 08:30:56
2ee23279-bb27-4e9e-b6ee-e6d5be7ce52f,Pengguna Google,Tetap berhati2 jaga kebersihan dan pakai masker,5,0,2020-09-05 17:11:39
c2d0a4f8-6de5-43af-b253-764e482f355c,Pengguna Google,"Kenapa ya kok nggak bisa ngisi jenis kelamin, kewarganegaraan, no identitas padahal android saya 5.1",1,0,2020-09-05 09:16:39
1473ba6d-cb47-4316-bea5-89cc8e4dd3bc,Pengguna Google,Susah banget instalnya.. Gak jadi²,1,0,2020-09-04 19:23:01
6569e1d8-34fb-4086-aa97-bb93878678b9,Pengguna Google,Ko fk jelas mau ngisi jenis kelamin.kewarganegaraan dll yg ada tanda panah nya fk bisa di isi semua yg ada data saya gk bener kalo gini,2,0,2020-09-04 16:45:34
ab056938-a029-4236-9451-9f747f347d9e,Pengguna Google,Bagus,5,0,2020-09-04 14:50:00
d1d1bab0-f3c7-40ee-9e6d-4fcd780f913a,Pengguna Google,"Anjir lemot banget, ketipu",1,0,2020-09-03 23:50:36
a5d7adfe-2481-449a-bb55-1844434d9fc7,Pengguna Google,Mantap,5,0,2020-09-03 21:47:36
07a4deac-e8d1-4d7a-9673-3e3019aceae6,Pengguna Google,ribet gk bs2 cuma muter2 doank,1,0,2020-09-03 18:22:41
99c4e392-59ed-4217-8c35-c9e1dc69c702,Pengguna Google,App asu,1,0,2020-09-03 07:49:23
385f3a38-ba45-47af-baf1-d19f6ef40d0f,Pengguna Google,Sangat tidak membantu.,1,0,2020-09-02 22:41:36
adff288c-7f29-45d7-8c65-40794075e6b5,Pengguna Google,Susah sekali ya mau mengisi jaki,3,0,2020-09-02 17:50:00
6a390396-0569-405e-bc08-11bff0171fac,Pengguna Google,mantappppp👍👍👍👍,5,0,2020-09-02 14:32:31
db19c035-df13-4ffe-bffb-06c8b80608d7,Pengguna Google,"aplikasi nya sakit corona masa hasil nya 38,37% aplikasi gila",1,1,2020-09-02 11:19:53
8b1f6b07-a374-4790-89f6-b3fafbd4dc20,Pengguna Google,Sangat bagus dan sangat membantu saya sebagai perantau di Jakarta.. terimakasih pak goodbener,5,0,2020-09-02 10:48:15
838328f8-6854-49f7-93c6-29f150a7d161,Pengguna Google,Ribetin apk nye,1,0,2020-09-01 20:40:24
df73cef4-0adf-4716-a314-ea3640ff23ee,Pengguna Google,Aplikasi buruk,1,0,2020-09-01 18:24:45
908716a5-687e-4976-a040-7af52e6d04c2,Pengguna Google,"Assalamu alaikum wr,wb,,,,saya setiap mau ngisi data diri saya gabisa yah,,,gabisanya pas saya mencet jenis kelamin dll,,,tolong bantu saya karna ini untuk sekolah,,,trimakasih wassalamualikum wr,wb",3,0,2020-09-01 18:22:46
28de0ffa-4e0e-4d08-938a-13d028c9116c,Pengguna Google,Bagus,5,0,2020-09-01 16:46:43
aeffdfd3-1389-4439-8dc9-609bec25f382,Pengguna Google,Sangat membantu,5,0,2020-09-01 15:16:11
f961b201-cfd1-4005-9085-c7ea885c1d72,Pengguna Google,Selalu update,5,0,2020-09-01 12:54:53
0c0f9703-f5df-4a46-b3ba-8e7022b561c7,Pengguna Google,Bagus sgla inspiratif,5,0,2020-08-31 18:54:10
f2fe51ec-861c-4ea0-94fe-0b261e0c26cc,Pengguna Google,Bagus,5,0,2020-08-31 14:24:58
14d9e619-e9cd-46a0-b641-cb58f9ea0abd,Pengguna Google,Saya lupa print dan simpan hasil tes saya d applikasi ini? Bagaimana cara nya supaya bisa saya lihat kembali hasil tes nya??,3,0,2020-08-31 13:32:18
324404e0-f2e8-4c34-ab8b-d3bbf977a26b,Pengguna Google,Keren,5,0,2020-08-31 13:03:07
718f70ad-a586-419f-9284-08d3d48e418c,Pengguna Google,Apk kga guna kga jelas pffffff,5,1,2020-08-31 10:50:54
4b284b2e-bff9-4c32-9893-d33d4c36fd2d,Pengguna Google,Hanya Sekedar Masukan Untuk Admin Aplikasi Jaki Di Bagian Setelah Mengisi Data Diawal Sebaiknya Ukuran Font Diperbesar Agar Lebih Jelas Dibaca Oleh Pengguna Tidak Membuat Kecoh dan Membingungkan Pengguna Sekian Terimakasih Saran Tersebut Untuk Jak CLM,3,0,2020-08-31 09:15:45
9e022e7c-479d-4619-84ea-48673350aff3,Pengguna Google,Mantap abiss,5,0,2020-08-31 00:56:04
8302a424-8cc2-4068-bbca-09bc360ada89,Pengguna Google,Mantap sangat membantu,5,0,2020-08-30 23:08:20
1e1fcee5-0321-46f9-ac1e-6303e052af43,Pengguna Google,Susah di download,1,0,2020-08-30 19:40:39
569c009c-cdf4-4e7f-82ba-c03b003e1416,Pengguna Google,Bagus banget.....,5,0,2020-08-30 06:51:31
89ad905e-8dca-4ff5-9655-2eeb5350f710,Pengguna Google,Ok banget 👍🏻,5,0,2020-08-30 05:26:49
b02339a0-e3a2-4ea9-a562-2741a9cdc11d,Pengguna Google,Gk jelas,1,0,2020-08-29 23:03:51
d0df0080-62a1-4f23-b36d-d6b495f79a21,Pengguna Google,"Menurut saya app nya oke, lapor mati listrik blm lama sekitar 15 menit langsung nyala. Ya walaupun memang masih ada yg perlu d perbaiki, jgn jdikan app ini alat konprontasi politik lah",5,2,2020-08-29 21:24:09
86eb925d-1619-437a-a8bb-6174b81d8a45,Pengguna Google,aplikasi keren,5,0,2020-08-29 18:49:43
d9512229-c750-4638-ae4e-5df941c68a17,Pengguna Google,Terima kasih pemprov dki jakarta trruslah berinovasi untuk mewujudkan kebahagiaan warga/masyarakat dki jakarta,5,0,2020-08-29 10:00:46
35e21df7-5a99-4923-a93b-7a158c7fe1ed,Pengguna Google,"saya mau daftarin abang saya gak bisa"" aplikasi apaan nih apa rusak aplikasi ini...tolong dibenerin lagi...bos",1,0,2020-08-29 09:27:25
78b0d31b-bf9b-4816-b309-8910e5aa290c,Pengguna Google,Bagus,5,0,2020-08-29 08:52:38
6dafb357-a82e-45ca-b16b-f9f55b5d90fc,Pengguna Google,"pak, saya lupa ngesave hasil test clm, bagaimana cara saya melihatnya kembali, di email saya tidak ada backup hasil clmnya, tolong respond, mungkin teman teman tau caranya",3,0,2020-08-29 06:10:52
d466baa4-63ed-49bb-bd82-e807ce971be5,Pengguna Google,"Min, di hp saya tidak bisa mengisi semua pilihan yg seperti jenis kelamin, kota, kabupaten, negara, kewarganegaraan. Android saya sudah di atas 5.0 dan internet stabil disini. Mohon penjelasannya min.",2,0,2020-08-29 05:16:39
fd1ae23d-a75a-4b15-a55a-be13c7f6ef1a,Pengguna Google,Tidak ada solusi yang jelas dan tegas...auto uninstall,1,0,2020-08-28 23:35:03
0ef435e1-e0db-4bfd-96ff-5fe231528301,Pengguna Google,suatu percubaan yang mantap,5,0,2020-08-28 20:54:49
ea57cc41-02c3-414a-a2f0-7cdee2d63459,Pengguna Google,Knp tdk bisa nulis jenis kelamin 😩😰😪parah nih kita yg bukan di jakarta jadi anak tiri di negeri sendiri 🙇,1,0,2020-08-28 14:39:10
42e036f7-afac-4de4-bc89-709e32113659,Pengguna Google,Mau isi survey tapi belum di kirim surveynya.,5,0,2020-08-28 07:45:40
4fb807a1-f342-406b-8e69-bec784731b9d,Pengguna Google,"Hp saya sudah andoid 5.1 sinyal juga stabil tapi pada CLM saya tidak bisa isi jenis kelamain, kewarganegaraan,jenis identitas dan pilihan lainnya. Mohon untuk bisa diperbaikinlagi sistemnya",1,0,2020-08-28 05:29:22
961edf2e-05b2-4fd2-b0e3-d2f1e8af5c23,Pengguna Google,"Mau coba isi JakCLM, tapi isian yg Dropdown nya lama banget munculnya, tolong diperbaiki.",2,0,2020-08-27 21:53:23
caf68893-8bbb-4da4-a255-ba139bd1f2e1,Pengguna Google,"Saya mau daftar kerja dengan syarat scan test CLM namun ketika di download tidak bisa dan dan keburu hilang itu gimana caranya min biar kita bisa lihat data kita kembali karena lagi sangat dibutuhkan sekali. Stelah dilakukan ulang harus mnunggu yg lama , jdi gmna caranya lihat data yang awal? Terima kasih",4,2,2020-08-27 20:25:55
110cafdc-f942-400d-90dc-3451cc44a897,Pengguna Google,Bagus,5,0,2020-08-27 20:24:08
181f180a-d50c-4884-a90c-4d8f4e2c2bf3,Pengguna Google,Aplikasi tidak membantu sama sekali petugas hanya numpang foto doank tapi permasalahan tidak pernah terselesaikan kalo untuk trotoar yg untuk di jadi kan buat pkl,1,0,2020-08-27 19:01:59
ff25a641-aaeb-48e4-a8ae-8a90f1b0d840,Pengguna Google,Untuk isi jakclm tidak bisa . Kenapa ya ...,2,0,2020-08-27 16:57:57
42270949-9abd-41a5-8dc8-dc21dc13eef9,Pengguna Google,"Saya mohon untuk pemprof dki saya mau ikut seleksi perawat di RSUD syarat nya harus masukan data clm, saya sudah daftar dan hasil sudah keluar, saya mau download malah gagal saya ke aplikasi lagi data tidak ada harus daftar lagi satu minggu, sedangkan saya seleksi lamaran cuma batas 3 hari, saya sudah kirim email permohonan atas nama puspa Rani, mohon dibantu admin, saya mohon sangat 😭😭😭😭😭😭😭😭",4,0,2020-08-27 14:01:23
6c430df3-1540-418b-87c1-88ebde3bc3f7,Pengguna Google,Hshah,1,0,2020-08-27 11:10:31
78935bf4-d9c5-4caa-a57e-8e94137e9e45,Pengguna Google,Gabisa di isi kolom nya jenis kelamin dll,1,0,2020-08-27 10:42:13
5d6a82f6-aa05-4260-be39-3670cc2ad87a,Pengguna Google,👍👍👍,4,0,2020-08-27 08:32:30
87199a5d-68e2-4f0e-ac8d-2ef0de9e8404,Pengguna Google,Bagus,5,0,2020-08-27 07:37:42
21a5cfa5-6a01-4a74-bbb5-782d831b0ca5,Pengguna Google,Gimana sih CLM nya ga berfungsi,1,0,2020-08-27 03:27:43
83fe0e5c-1e0b-43e3-ab6e-a058ab94daed,Pengguna Google,Lebih bagus lagi,3,0,2020-08-27 00:04:33
d600670e-1c3a-432c-bfb0-222bba9ec7fc,Pengguna Google,Kenapa ya tidak bisa memilih jenis kelamin dan daerah padahal saya sudah android 5.1,1,0,2020-08-26 21:07:50
f3f29630-7f48-4286-b6ad-679d2f898a82,Pengguna Google,"Mohon di perbaiki wahai developer aplikasi JAKI, pada saat pilihan domisili ga ada pilihan provinsi Kalimantan Barat.",1,0,2020-08-26 20:33:59
66dbab01-e5e5-4151-8e73-2a53903f7d87,Pengguna Google,Aplikasi tai anjing,1,0,2020-08-26 10:23:22
0c69aa40-3ab1-4a16-852e-98b2258b0591,Pengguna Google,"Aplikasinya bagus, tampilan dan menu mudah dipahami",5,0,2020-08-25 15:32:48
531e3a14-cab1-4b62-9b96-426e709df141,Pengguna Google,Saat ingin mengisi kusioner keluar secara tiba tiba dan itu membuat saya tidak nyaman dalam menggunakan apk ini. Tolong segera di atasi.,1,0,2020-08-25 15:06:49
b5ec12fa-4886-40d5-9a48-f675c52dbe93,Pengguna Google,"Jangan Download aplikasinya... Aplikasi sering Bug, dan Developer aplikasinya gada niat perbaikan... Percuma kalau harus isi data CLM di aplikasi tapi aplikasinya seperti Sampah gini...",1,0,2020-08-25 09:03:09
7cd83977-74b6-47c4-ace6-3fcfb404ec39,Pengguna Google,"Download aplikasi tetapi tidak tau apa yang ingin dilaporkan, iseng-iseng saya pakai buat aduan / komplain mati listrik. Saya tinggal buat sholat subuh jama'ah di masjid... eehh Alhamdulillah pas pulang dari masjid listriknya sudah nyala..",5,30,2020-08-24 22:39:18
22f8b9d5-313b-4890-b367-8c5687d6bd5f,Pengguna Google,"Respon ok untuk laporan / aduan di bidang kebersihan, tetapi untuk di bidang lain perlu ditingkatkan...",5,0,2020-08-24 22:38:13
abd45a60-ebc9-4a98-bfa7-bccacbc5930b,Pengguna Google,"Bagus nih aplikasinya, jangan kasih kendor min... 💪💪💪",5,0,2020-08-24 22:24:24
75773304-2fa3-4651-a4f7-d572bcccd911,Pengguna Google,Perlu ditingkatkan...,5,0,2020-08-24 22:19:42
48d43017-1dc5-4d9b-a68d-6a5c8365288a,Pengguna Google,Cepat tanggap 👍👍,5,0,2020-08-24 22:18:22
b1851715-4aa4-4cfe-a994-57f5bb9f10e3,Pengguna Google,Like that Bravo DKI,5,0,2020-08-24 22:15:40
5463ab66-d06d-4ffc-801d-987cd00cb601,Pengguna Google,Gangu banget udah sekali di pake doang,1,0,2020-08-23 14:11:37
3daa1bf2-71bb-4dac-9d61-ae366115914b,Pengguna Google,Ngisi kolom indentitas dan lain2 kok susah masuj klo hari minggu,1,0,2020-08-23 11:31:28
84013919-4d40-4523-85db-cb670ed30c39,Pengguna Google,Gk bsa masukan jenis kelamin,1,0,2020-08-22 17:24:25
7f141c87-7cb3-44f4-b191-458697b0a6dd,Pengguna Google,aku blm tau bngt si cara pakai apss ini gmn.... soalnya aku dsruh skola aku download apss ini..... ywd deh trpksa aku download walopun gtau cara pakai nya 🥱,5,0,2020-08-22 11:18:59
cbc4a231-86f4-4d6c-9744-42a6279d4e42,Pengguna Google,Saya lumayan suka,5,0,2020-08-21 22:50:42
7ac89408-cb2e-42bd-ab05-ca5f822c3e74,Pengguna Google,"Ini sebenarnya adalah ide yg sangat luar biasa, tapi tidak dibarengi dengan kesiapan. Mengapa saya mengatakan begitu.. ?? Karna ternyata masih banyak fitur"" dalam aplikasi yang tidak bekerja dengan optimal. Saya menggunakan aplikasi ini karna ada tugas dari sekolah, tapi apa saya mencoba menggunakan fitur jakclm, lalu saya mengisi jenis kelamin tetapi tidak bisa. TOLONG YA UNTUK DEVLOPER SEGERA DI PERBAIKI !!",1,8,2020-08-21 18:46:04
803c408a-540c-4579-adbf-304ed011bd70,Pengguna Google,Tolong donk yg bikin aplikasi ini minta penjelasannya .sya liat dari komentar dibawah ini semua hasil kenapa jdi positive masa nilai nya rata dibawah 50% .tolong diperbaiki apk nya .,1,0,2020-08-21 11:59:57
8a469768-6bcf-4c0f-8d98-10feab7acd82,Pengguna Google,"Masa abis ikut tes data barcodenya ga ada tersimpan,kalah sama EHAC",1,0,2020-08-21 09:48:53
879b9815-814a-4498-8fb6-1ef8e989f541,Pengguna Google,Serba meragukan..,1,0,2020-08-20 19:55:03
1c737620-a639-4a57-a78a-c6d991910f3a,Pengguna Google,Ribet ah Kouta gw abis ni gra gra lu,1,0,2020-08-20 15:14:27
82740f44-0afc-4ce3-9a55-f005cde43972,Pengguna Google,Sangat baik membasmi semua jenis serangga,2,0,2020-08-19 19:59:27
22c4a741-8df6-4300-8005-e6b1b13d1877,Pengguna Google,"Sepertinya aplikasi jaki harus dikonfirmsi di stasiun besar yg keluar kota, Pengalaman saya hari ini di stasiun gambir disuruh refund karena ngga membawa surat sehat/rapid test walaupun udh isi jakiclm hasilnya pun sdh kita download",2,0,2020-08-19 19:04:17
803fadc9-b507-4fad-8fb6-2274d13eb5c6,Pengguna Google,"Tidak karuan,",1,0,2020-08-19 18:50:09
4885b681-3994-4e5d-9c0a-f29973b155fe,Pengguna Google,Sangat berguna sekali .,5,0,2020-08-19 15:26:07
3048c343-d2d2-47a1-bf19-576fd40f9d59,Pengguna Google,"jenis kelamin, kewarganegaraan, jenis identitas tidak bisa di isi",1,0,2020-08-19 15:19:33
200c1f45-19ea-44b8-b35e-d716798fc243,Pengguna Google,"Untuk hasil tes nya mohon bisa di simpan,,klo hasil tes tidak sempat di screenshoot,sy tidak bisa ikutin tes ulang lagi hari itu jg,tunggu 14 hari kedapan,sempat kesulitan kirim laporan kesekolah,pas screnshot hasil gagal,mohon respon nya,terima kasih.",5,1,2020-08-18 21:55:23
879d3dd6-5dbe-45c4-87f8-41986bac41f7,Pengguna Google,"Kenapa setiap mau ngisi jenis kelamin gak bisaa? Padahal udh berkali"" lepas downlod apk ini, internet ada versi hp 5.1 masih tetep gak bisa",1,1,2020-08-18 13:22:48
5d9f8d46-19a0-4de6-99ce-384c839c5756,Pengguna Google,Verry good is the best,5,0,2020-08-18 06:39:02
a467aa8c-354d-4155-9a94-681a0b3f2b77,Pengguna Google,"Terima kasih GUBERNUR DKI jakarta yang telah bikin apk ini,sangat membantu apk ini di saat pandemi ini di jakarta:)",5,0,2020-08-18 05:40:57
99bfe404-1e96-4f23-b585-a30cd0ad6743,Pengguna Google,Hasil Tes nya buruk...sdh isi dengan benar malah di kasi skor jelek...😑 kecewa,1,0,2020-08-17 20:37:00
99cc77b0-54af-41cc-9df0-eac492f002fe,Pengguna Google,Hu Jelek,5,0,2020-08-17 07:37:05
cd113606-96e5-4b2a-8edc-b81dae5c2a2d,Pengguna Google,"Guna nya apa utk pelajar? Apa anda yakin yg diisi sudah jujur? Kl ortu kuota terbatas hanya utk belajar, dgn download aplikasi ini hanya akan mengurangi kuota ortu, tolong dipikirkan sblm menyuruh ortu utk download aplikasi ini yg tdk berguna utk pelajar, utk belajar online aja sdh susah, jgn tambah susah lagi dong",1,0,2020-08-16 21:49:48
78b4ba33-06a7-45e9-bfec-b59bb4794f0c,Pengguna Google,kaka aku bingung sma aplikasi ini gk sesuai padahal aku sdh coba berulang kali untk mengisi aplikasi ini dengan benar. sya pencet aplikasi ini sesuai .tpi tidak ada hasilnya .cuma buang buang pulsa .tolong donk ka di perbaiki aplikasi ini .ini untk memperlancar data sekolah ??😔😔,2,0,2020-08-16 21:26:18
b0ae1bce-9831-4bbb-b275-7c870540797d,Pengguna Google,"untuk isi data anak, harus punya email sendiri lagi.",1,0,2020-08-16 13:36:39
da24ad60-6ec3-43d5-bcb9-9a83f17559ce,Pengguna Google,"Kenapa ketika mau ngetik jenis kelamin, alamat tidak bisa diklik",2,0,2020-08-15 20:17:24
ba996481-0723-4b78-ad30-c217037aae9c,Pengguna Google,Knp di downloadnya gak bisa yaa??,1,0,2020-08-15 12:51:43
c847d365-2aca-4eac-b964-4dac18380665,Pengguna Google,Suka,5,0,2020-08-15 12:36:36
3415d65f-907f-4bf9-8cb0-4e6fcdc42de0,Pengguna Google,Saya lihat dulu klo bagus saya kasih bintang lima,2,0,2020-08-15 08:59:40
41efbef5-3322-4b20-bd1d-9665a7411a12,Pengguna Google,Sangat mengecewakan. Aplikasi sangat lambat padahal jaringan sedang normal dan aplikasi pun baru di download belum sama sekali ada cache. Tidak user friendly. Tolong untuk diperbaiki karena adik saya membutuhkan hasil tes dari aplikasi ini yang ditugaskan oleh sekolahnya.,1,9,2020-08-14 20:51:17
06546310-ec33-4d52-8d35-e82b59d62fba,Pengguna Google,"Tes kopit ke rumah sakit ya orang orang, bukan di aplikasi",1,0,2020-08-14 20:21:29
97f9ad1c-200f-4f42-b423-90bcf236c823,Pengguna Google,Bagus,5,0,2020-08-14 20:11:06
c5682ced-3230-4eb1-85c6-0f3ed6e05666,Pengguna Google,Oke utk sementara sy ksi * 4 dulu,4,0,2020-08-14 15:27:14
6352972a-b30c-43d6-ac75-6fccde0b57f6,Pengguna Google,Maaf saya ko tidak bisa menekan saat tes di jakclm ya tolong diperbaiki terima kasih,1,0,2020-08-14 14:00:04
1dc4ea71-010f-4a04-9f36-a0341851a5fa,Pengguna Google,"Saya ber Ktp jakarta, coba2 ngisi jakclm, segala penyakit saya masukin,suhu tubuh 37,riwayat bepergian ke banyak kota. Hasilnya Resiko Sedang. Knp yg ber ktp non dki,resikonya kebanyakan tidak aman pdhl ngisi dengan benar??",1,0,2020-08-14 12:54:40
5eb6aa15-f354-44bf-9003-310388ee9e1a,Pengguna Google,"Satu dlu yah... biar tambah semangat untuk lebih baik lgi, bisa memudahkn masyarakat DKI... 😓",1,0,2020-08-14 00:45:55
cd512ffd-de2b-4eb4-bd77-bb7fd7d08b62,Pengguna Google,"Bagus, membantu kinerja saya sebsgai kader untuk mendptkan info2 seputar kegiatan di DKI Jakarta",5,0,2020-08-13 16:06:53
d98edc85-d0c1-4858-98b5-07279c32bc2b,Pengguna Google,Baik,1,0,2020-08-13 15:06:25
af182178-1f8f-445c-b6a0-8d1d952e42dc,Pengguna Google,Terlalu banyak bug,1,0,2020-08-13 13:46:03
4d7c7685-2793-49fd-8aeb-e68d519bd543,Pengguna Google,"Saya dari pagi loading trus sampe jam abis duhur , mohon perhatian nya",1,0,2020-08-13 13:09:45
793899cd-323e-414d-82df-d1e9359561d4,Pengguna Google,Min ko saya mau isi jenis kelamin sama alamat di jackCLM gk bsa ya,4,0,2020-08-13 11:42:21
1b1e0f39-31cb-42b8-a480-e286db96d005,Pengguna Google,Bagus,4,0,2020-08-13 08:07:54
64051f9e-c593-43a3-a5ff-54b50347e13f,Pengguna Google,Ngebug terus,3,0,2020-08-13 05:38:20
e5f8c7f5-896c-4952-b6df-71d41e22c00b,Pengguna Google,"Waktu pengisian tentang covid knp gak bisa milih jenis kelamin, kota dsb mohon diperbaiki buat sekolah anakku",1,0,2020-08-12 22:34:53
8e97887c-0d62-43c2-9aa6-fc75e5172fb4,Pengguna Google,Tet,1,0,2020-08-12 22:31:51
9aa5add4-4cc3-4afb-a393-6daf0823e230,Pengguna Google,Anak sekolah di jkt disuruh ngisi rafidtest online di apk ini. Saya bingung!,1,0,2020-08-12 22:10:49
54e209ba-76f2-411a-b627-c656b39d2c0e,Pengguna Google,Apk mengira2... Ada2 aja. Rafidtest koq online by sistem?,1,0,2020-08-12 22:04:11
dffa7375-8088-4fb4-b431-b296e933c8c5,Pengguna Google,"Mdh2an Allah SWT. sll Mberikan; Petunjuk, Kkuatan, serta Kemudahan kpd qt semua war ga NKRI, khususnya warga DKI JKT, dlm upaya mewujudkan hari esok JKT yg lbh baik, lbh mensejahterakan scr lahir maupun bathin. Aamiin YRA.",4,5,2020-08-12 21:45:38
3d25b975-772f-4baf-8c51-f30911bcf761,Pengguna Google,aplikasi belum sempuna.seperti isi biodata di klik papan buat ngetik di hp ga muncul jadi kesel sendri,1,1,2020-08-12 20:02:40
0b1e95c0-751e-4f9c-9550-3ee2ed796359,Pengguna Google,"Tujuannya bagus tapi saat mau isi identitas diri di kotak pilihan kelamin, gak muncul Begitu juga dgn kota, kabupaten dll...gak ada pilihan/gak bisa di isi",1,0,2020-08-12 15:30:10
c66cdb32-c8ce-4e41-9f0a-d6ba3b5f7e68,Pengguna Google,"Aplikasinya mudah untuk digunakan, design ya juga sederhana untuk dipahami. Terima kasih JAKI 🙏🏻",5,3,2020-08-12 13:40:42
d7d86a5d-a898-42bf-8272-3a217db3ba47,Pengguna Google,"Di hp saya tidak bisa klik jenis kelamin,kota/kabupaten. Mohon sempurnakan apk nya,saya kesulitan krn anak saya disekolahnya harus ngisi data JakClm lewat apk ini jadi tidak bisa..",1,0,2020-08-12 08:11:14
7b04b268-90ec-4bea-9386-1b7ab67ba0a3,Pengguna Google,kok jakCLM saya saat mau daftar mau masukin tanggal lahir gabisa dipencet alias bug ?udah ku hapus trus install lagi masih sama,4,0,2020-08-12 07:47:33
daaf0cf3-5aa5-41cb-927d-b86651d47cff,Pengguna Google,"Aplikasi bagus sekali, sangat2 membantu disaat ekonomi sulit spt ini, -Anonim-",1,0,2020-08-12 07:19:16
ca9b5ed7-4ceb-44b2-9372-1c8c4d1dfd42,Pengguna Google,☺️☺️,5,0,2020-08-11 21:36:20
42e17158-1621-4ef0-a2c0-11cc625343e0,Pengguna Google,"Ga bisa isi/milih jenis kelamin, dan menu berikutnya.",2,0,2020-08-11 21:33:34
5defe213-c3cc-42ee-bd3a-a3d7e7032f2c,Pengguna Google,Jakarta makin maju Aamiin,5,0,2020-08-11 21:32:37
71a0d4a4-51bf-4fdc-9990-b5de7d3c88d9,Pengguna Google,Ini kok gabsa dpencet si yg buat jenis kelaminnya,2,0,2020-08-11 21:10:57
b572519f-95d3-4911-ab0f-bef643d5b4eb,Pengguna Google,Aplikasi tai anjing,1,0,2020-08-11 20:07:33
7dfea2e1-8792-4263-a363-bad66019e167,Pengguna Google,kalo ga karna disuruh sekolah ogah saya donglot woi bikin penuh memori ajee,2,0,2020-08-11 18:12:06
9d1b3040-e6bd-44d0-8cd4-16bed23a1d05,Pengguna Google,Mantul..,5,0,2020-08-11 18:05:46
949415ee-2c59-4b89-8ae5-fb354c3c253d,Pengguna Google,"Paling relevan dipilih,sehingga mungkin beberapa komentar telah difilter",5,0,2020-08-11 14:02:23
54073f82-31e2-4108-ae34-426f07778799,Pengguna Google,Aplikasi Ngawur,1,0,2020-08-11 12:42:30
00300def-aaae-4c61-ac35-7c649d21265a,Pengguna Google,Ok,5,0,2020-08-11 08:49:04
5006650e-09b2-43f0-8397-cca927a8837f,Pengguna Google,KOK SAYA GK BISA ISI BAGIAN JENIS KELAMIN.DAN BANYAK ORANG YG SAMA MASALAHNYA,3,0,2020-08-11 08:44:11
46949140-2a6f-48b9-87ad-68478960b0c9,Pengguna Google,"Saya sudah mengisi data, tetapi untuk pengisian jenis kelamin mengalami kendala, tidak bisa mengisi atau mengetik sampai berulang-ulang .bahkan saya mendaftar keakunt jaki....mohon bantuannya. Terimakasih",1,0,2020-08-11 08:10:57
407e9d62-dac4-4d63-8afa-7bd438b6c759,Pengguna Google,Downloadnya lama banget😬😭,3,0,2020-08-11 07:50:21
2963b08c-b9aa-4364-b3d6-e50f7cefb22a,Pengguna Google,Bagus,5,0,2020-08-11 07:49:39
5882a752-1b95-4d3c-af21-e2b991f994c2,Pengguna Google,Bagus,5,0,2020-08-11 07:49:15
db6506d5-c5ff-4b21-9530-16b5af4644d2,Pengguna Google,Keren Sekali!😎,5,0,2020-08-10 20:26:38
27dc1ba1-9573-4dd4-b5a0-a22aef6d12ee,Pengguna Google,Semua ulasan tentang hasil test rata2 sama hasilnya.dan adminnya gk ada yg memberikan penjelasan yg memuaskan atas pertanyaan mengenai hasil tes yg sama? Ya klu begini wajar banyak yg berpikir aplikasi ini sebuah konspirasi DKI saat ini.,1,0,2020-08-10 19:46:07
1b04b954-ee93-46e9-9bd9-7d45dce1f904,Pengguna Google,Anjing ni aplikasi,1,0,2020-08-10 19:10:26
5eb05803-3841-4c77-82a8-83c1097f4214,Pengguna Google,"Kesel, pdhl blm pernah pergi ke luar Jakarta mlh hasil tesnya rendah sih. Pdhl g pernah kontak sm ODP, PDP knp tetap sm sih. Padahal udh isi tes dengan jujur, bingung isi yg alamat lainnya. Ini sebenarnya akurat apa tidak y?",1,1,2020-08-10 17:25:30
4845d00a-ffc4-4ba5-a9de-a755a17c18f5,Pengguna Google,Gk bisa pencet rt,2,0,2020-08-10 17:18:22
d4364f87-8494-46bf-be43-f76bb83206d3,Pengguna Google,Ahmad baihaqi,4,0,2020-08-10 13:59:07
cb213256-e79a-470c-8352-4e7840cc82dd,Pengguna Google,dah la,1,0,2020-08-10 13:45:41
ed11906b-fe9f-4f98-9f8b-7d2462fdd9a4,Pengguna Google,Oon,1,0,2020-08-10 13:36:16
ca692b3d-33c7-403c-b606-6a4efaddd7f7,Pengguna Google,Eror truss...,1,0,2020-08-10 13:22:49
83555eeb-456b-404b-b3b4-ad5d695183f0,Pengguna Google,Jellleeek...milih kecamatan gak nongol2...pdhal disuruh sm sekolah..harus sgr lapor..knp aplikasi pemerintah rata2 bgn,1,1,2020-08-10 12:48:16
045d36bf-1791-4763-a5c0-876df6bb078f,Pengguna Google,Aplikasi rusak!,2,0,2020-08-10 08:34:14
fe794b3c-144d-4002-a605-2b52e7fc801f,Pengguna Google,sangat baik,5,0,2020-08-10 08:31:31
9e4efa39-5acb-4d1d-85c9-4ac301a0263a,Pengguna Google,Versi Android saya sdh diatas 5.0 tp tetep gak mau klik jenis kelamin kelurahan kecamatan Dan signal internet nya jg bagus kok Bgm ini,1,0,2020-08-10 06:28:02
7e061375-b813-4fe6-b4d0-73fb96b58a33,Pengguna Google,"JAKCLM NYA GK BISA NGISI JENIS KELAMIN,DLL,TAPI KLO ISINYA NULIS BISA,KLO ISINYA MILIH GK BISA!!!!!!!!!!!!!!",1,1,2020-08-09 21:11:40
0963696c-c63c-4714-a078-b628c8b93076,Pengguna Google,Bagus,5,0,2020-08-09 20:21:21
ef20c336-ceca-49ef-8846-335504659c99,Pengguna Google,Betulin persentase nya,5,0,2020-08-09 18:23:02
df45065c-1baa-4a94-8f68-42547ef24ece,Pengguna Google,Aplikasi ngelag banget anjing babi,1,0,2020-08-09 17:22:48
0795d428-7a42-48b1-af54-22edd762025c,Pengguna Google,Sukses selalu,5,0,2020-08-09 13:56:40
c47a9ff6-fd00-4fff-aea3-4fcd4b5e6198,Pengguna Google,Kelurahan Kebon Pala kec.Makasar Jaktim pilihan RT dan RW nya tidak tersedia sehingga proses input data gak bisa dilanjut..Kelurahan lain di kecamatana Makasar ada RTRWnya...tak bisa melaporkan kesalahan di Aplikasi...hanya rate disini,1,0,2020-08-09 13:54:33
37f66eb2-ed20-4ceb-b46f-fd59bf2b60c4,Pengguna Google,Tolol,1,0,2020-08-09 13:42:17
cd83975c-5a39-438f-a285-57b65a800229,Pengguna Google,"Setiap kali isi data diri untuk tes CLM Selalu kembali ke beranda aplikasi, dimohon solusinya",2,0,2020-08-09 12:36:46
597ef01c-7299-4ade-b996-87eba862d6ed,Pengguna Google,Utk kolom pengisian RT kog ga bsa diisi ya...🙄,5,0,2020-08-09 11:24:54
a30787a0-68f1-47f8-9eb0-50cff7e3f035,Pengguna Google,Oke,5,0,2020-08-09 11:01:23
fea09705-774a-4b34-9009-5640fc79f6bb,Pengguna Google,Hebat,5,0,2020-08-09 05:12:30
c3a0414e-d667-4bdf-a483-361877ce127f,Pengguna Google,Sangat bagus,5,0,2020-08-09 00:24:21
87cd61b5-d1d0-43a2-8605-ddf6bad44cf0,Pengguna Google,Kasih rating satu karna lagi seneng aja sama sesuatu,1,1,2020-08-08 22:23:49
caf6bf96-f75c-494f-8448-5a74b8584a1d,Pengguna Google,"kalo bikin aplikasi yang dukung rasio lama juga dong. saya mau ngisi, telah berhenti mulu grgr rasio ga sesuai. sesuaikan sama seluruh hape dong, jangan hp rasio baru doang yg support. gimana si. dana jakarta buat bikin aplikasi gede kan. masa iya ngebug",1,0,2020-08-08 20:09:53
84c9da97-d4ee-4d2a-a4ef-56eec973e2cc,Pengguna Google,Jaki clm nya buat kelamin g bisa di klik selalu keluar saat ingin meng klik,1,0,2020-08-08 19:22:35
5b1d87e6-e6dd-4a7a-971a-51b2143033af,Pengguna Google,cemen,1,0,2020-08-08 17:14:45
01474155-579e-464b-9fc7-a63761a9629b,Pengguna Google,Aplikasi gk jelas caranya gk dikasih tau taik,1,0,2020-08-08 16:40:46
abc9fbff-a010-4d4e-a299-9fb99389174e,Pengguna Google,Mau milih jenis kelamin saja tidak bisa.mau milih kotamadya alamat tidak bisa.aplikasi apaan ini.aplikasi abal abal,1,0,2020-08-08 16:38:27
a8dfd412-cf05-4dec-81fd-33bf4e9f9b57,Pengguna Google,Gak akurat dan gak membantu. Maaf,1,0,2020-08-08 16:02:12
354db7f6-2b85-4b21-bf23-72a96c74e1e6,Pengguna Google,Cukup,3,0,2020-08-08 15:41:16
b9872391-1625-4f39-aedd-0269a1390606,Pengguna Google,Cara make kaya asu,1,0,2020-08-08 15:11:56
b348db9b-96f4-49ab-88f0-44ec390ee4ee,Pengguna Google,Bbrp no.RT. tdk ada tlng diperbaiki!,2,0,2020-08-08 14:49:35
25133785-8610-4b18-813b-b993378b660d,Pengguna Google,Bagus tapi bener😂😂,5,0,2020-08-08 13:35:50
957f7d35-de49-4741-87b7-0588101cb74d,Pengguna Google,Untuk kelurahan kebon pala kecamatan Makasar ga ada RT RW nya jadi gabisa ikutin tesnya,3,0,2020-08-08 10:07:22
9f0c3528-7b83-4853-ba4e-e65bcfc4cbc3,Pengguna Google,"apk ini sangat membantu saya,terima kasih",5,0,2020-08-08 08:46:11
a17bdfb8-6480-419a-a48d-d3804e57ab34,Pengguna Google,Baru mau coba,4,0,2020-08-08 07:46:05
2019b3f1-4c03-4b9d-ba23-cf6e5b42065a,Pengguna Google,"Ada kendala saat pengisian CLM pada tahap identitas diri. Mengapa pada kolom yang dapat ter expand (dalam hal ini jenis kelamin, country, dll) namun di hp saya tidak bisa ? Sudah mencoba berulang kali, namun tetap tidak ada perubahan. Mohon solusi terbaiknya untuk developer",4,0,2020-08-08 07:36:35
0143c536-8d46-4991-b84b-ead46207996d,Pengguna Google,Bjir banget gw dah ngisi nyampe tanggal lahir terus gw mencet jenis kelamin yang ada segitiga kebawahnya itu masa tiba tiba ke menu utama gw binging bantu kek,1,0,2020-08-08 06:51:44
eda2bed3-1a1b-41c5-bbac-3cebc978ad24,Pengguna Google,"Ini aplikasi yg tidak efektif sekali Suhu Normal Tidak bepergian sama sekali Eh resiko level rendah Maksudnya apa coba?? Kalau gak valid mendingan jgn sok""an bikin aplikasi deh, tong kosong aja",2,0,2020-08-08 06:42:33
008b1cb2-a870-4075-8369-2c5a6c3de049,Pengguna Google,"Aplikasi kagak jelas. Ini cuma bisnis buat korona doang, pinter bgt dah pemerintah jaman skrng wkwkwk",1,0,2020-08-08 03:48:58
61176298-e6f0-43a4-b7b0-5218b44b0edb,Pengguna Google,Ok,1,0,2020-08-07 21:53:51
46670ef9-57a5-4a3f-bdb1-11b68aef485c,Pengguna Google,Blm ada pengalaman ! Masih mempelajari aplikasi ini.,2,0,2020-08-07 19:58:42
3939f5b3-a2b0-4fc6-bc75-616210b89ebf,Pengguna Google,"Sangat buruk, saya tdk bisa mengisi data seperti kolam jenis kelamin atau kolam alamat tdk bisa saya klik.",1,0,2020-08-07 19:28:10
24bd19da-ea82-4719-8d2b-81186a7593ab,Pengguna Google,"Saya Sudah Mencoba & Hasilnya 15.5% Karena saya jarang kontak dengan Orang"" atau ke tempat Umum yg d maksd d dalam pertanyaan Test. Jadi Untuk yg mendapat kan 38, Atau lebih itu kan jawaban kita sejujurnya ..Ya kita pernah Kontak atau Bepergian atau tidak, Jadi klw d atas 38, ya karena kita lebih sering,atau pernah pergi ke tempat umum yg beresiko menularkan ,atau tertular.",5,0,2020-08-07 18:50:18
42792732-1cb3-4bfb-8d47-ba6a2d3f29ba,Pengguna Google,Bagus,4,0,2020-08-07 18:32:17
941bdb6b-e24c-450b-ab6a-2da2f5177ffa,Pengguna Google,Aku sukaaaa apk ini😘tapi pas aku buka JAKI dan aku tekan Lain nya trus aku pncet JAKCO nyako ga ada JAKCLM nya ya??,4,0,2020-08-07 17:03:24
cc7e5e3b-9402-4c69-80d0-ea1c2b493eee,Pengguna Google,Aplikas g jls bikin jengkel,1,0,2020-08-07 15:27:18
19a08984-3435-46fc-a89b-deccaca1ebf4,Pengguna Google,Hah,1,0,2020-08-07 11:57:41
b1cc5200-df50-4854-9586-2e6c52c1bb62,Pengguna Google,kenapa aku susah sekali isi jenis kelamin di kolom formulir..apa di isi pake gambar nya aja,2,0,2020-08-07 10:41:07
af2cc909-eff2-4d97-a93a-80b6d954af02,Pengguna Google,Ko saya gk bisa login untuk tes covid nya gimana caranya tolong dong di perbaikin lagi,1,0,2020-08-07 09:59:14
ab9f7d7a-59ae-42dd-9cd6-087baa731f3f,Pengguna Google,"Ga guna aplikasinya, udah jawab jujur hasil nya 28. Meragukan banget aplikasinya. Gimana sih ini aplikasi",1,0,2020-08-07 09:46:22
79f68113-aec6-4163-bc08-833c67671ff8,Pengguna Google,"Terimakasih pemprov dki, sudah lama app ini kami tunggu",5,0,2020-08-07 09:38:50
abf70c77-e90b-476c-9183-18a8bbc66cdf,Pengguna Google,"Sumpah jakclm nya eror nih, masa saya dari seminggu lalu gak bisa isi data diri.. Jenis kelamin gak muncul pilihannya... Alamat spt kec, kel, juga gak muncul pilihan nya.. Kesel banget!!",1,0,2020-08-07 07:19:14
0e429238-15bc-4694-b377-3882e4053ac9,Pengguna Google,"Gimana si pak, saya baru isi data diri, pas masuk jenis kelamin susah sekali untuk masuk. Blm isi yg lain skali nya saya mau masuk lg tunggu 1 minggu ke dpan. Tolong di prbaiki, pengisian kolom nya, jgn di suru isi tp di tekan susah skali.",2,0,2020-08-06 19:10:52
a67806f8-e947-4011-a9f0-bec158e57e47,Pengguna Google,Good,5,0,2020-08-06 13:30:13
695d4929-508f-4967-8943-97cdab60ca52,Pengguna Google,"Aplikasinya masih perlu pengembangan Ada tugas dari sekolah, gabisa buat ngejalanin tugas itu. Kesel udah berkali2 tetep gabisa",1,0,2020-08-06 09:51:43
61a60e94-041d-4e67-9ad3-0698ee02effe,Pengguna Google,"Apk gk jelas,pas saya tekan pilih kota malah keluar sendiri apk ny gimana saya mau tes coba nih saya kasih bintang paling sempurna",1,1,2020-08-06 09:15:54
902e43ef-2075-4b8c-8ee2-dbcf6b73a8b4,Pengguna Google,Tidak bisa masuk di jak CLM,1,0,2020-08-06 09:07:52
3fb9e3a7-9768-421c-9aae-cc5e7a042552,Pengguna Google,Aplikasi Ini Sangat Bagus👍🏻,5,0,2020-08-06 08:58:40
778f1683-137f-4bd6-a3af-d87121a3898f,Pengguna Google,Aplikasi ini tidak relevan & tidak akurat. Mohon dikembangkan.. Terima kasih.,1,0,2020-08-06 06:19:38
e7d819c0-9d7b-4729-b6f5-dd4595a66651,Pengguna Google,"Padahal saya baru ikut test rapid hasilnya negatif, giliran di jaki katanya beresiko. Ini app surveynya ngasal nebak2 doang. Gk akurat.",1,0,2020-08-06 05:57:37
86ef51e2-0211-4fc6-bc33-7005e7e0df99,Pengguna Google,"buat belajar online aja dah boros kuaota ini lgi nyuruh download app .. buat pemerintah kalian harus nya melihat sisi negatif ny juga buat warga yg ekonominya kurang mampu jg cma bisa nya nyuruh ini itu gw tau maksud kalian bagus untuk memutus mata rantai covid tapi di perhatikan juga dampak nya...kalian enak di rumah pun di gaji dapat income dri pusat gmn dg yg buruh serabutan yg kena imbas pandemi ini buat makan hari,bayar kontrakan aja udah susah ini lgi di tambah kuota trs.. MIKIR WOI",1,1,2020-08-06 00:17:14
b3c66eb8-4ed7-42e4-b873-f9598fd0679d,Pengguna Google,"Aplikasi bagus tapi, saat pengisian tes, RT 6 nya ga ada hmmm, padahal RT/RW saya 06/06. Jadi buat sementara saya isi dengan RT 05. Mohon Diperbarui Sistemnya.😁😁😁😁😁😁😁😁😁",4,1,2020-08-05 23:07:00
916d6d44-6273-4b54-a883-53cae667ae08,Pengguna Google,Aplikasi Apa'an ini. Ga Bisa Di Gunakan.. Busu....!,1,0,2020-08-05 22:52:49
8bd88793-43b0-42a8-ad78-c993481961c7,Pengguna Google,Ok,5,0,2020-08-05 19:42:41
6db42324-1514-46e1-b6ad-a2b93179262a,Pengguna Google,Susah banget untuk menggunakan aplikasi ini,5,0,2020-08-05 17:22:44
d58b7701-3313-455c-b220-229c49b22d64,Pengguna Google,Assalamualaikum nama saya janna saya kecewa karena tidak bisa di pencet yang jenis kelamin dan yg lain juga ga bisa di pencet kenapa ya ? Saya sudah ngulang berkali kali tetep saja tidak bisa,1,0,2020-08-05 16:39:09
dd7f9bba-1aeb-4416-8d38-2800d3cc8928,Pengguna Google,Info yang Bagus untuk kita selalu waspada,5,0,2020-08-05 16:00:32
e769e302-043f-4717-b8ef-4207343451fa,Pengguna Google,Aditya m pirdiansah sekolah SDN 09 pagi rawabadak selatan,1,0,2020-08-05 15:47:54
7c636521-4b50-41c0-b229-a87a7b9f4d76,Pengguna Google,Meeng empeng dayah,1,0,2020-08-05 14:47:09
26b9fbde-c93e-427e-8c7f-f2b960749883,Pengguna Google,Semoga dki jakarta bebas dari copid 19 dan semakin maju kedepan ya,5,0,2020-08-05 13:28:13
a369b086-0ba9-4947-92d0-bc54d07bf07b,Pengguna Google,"Keren, bisa cek kondisi terkini",5,0,2020-08-05 13:05:24
8b9b97de-1482-4770-83b6-bb756942f8db,Pengguna Google,Bagus,5,0,2020-08-05 11:52:19
63641480-560a-4015-97cb-4bb381aa41a9,Pengguna Google,Bagus,5,0,2020-08-05 10:41:30
e1c614ce-9826-4ce2-8cf9-ee017fe4f1da,Pengguna Google,Developernya bercanda wokaowwk,3,0,2020-08-05 06:15:38
105b126a-d71b-4d0f-8910-df4ff49dd2bf,Pengguna Google,"Halo selamat malam, ini untuk pilihan RT 05 RW 03 kok gaada ya untuk kelurahan Pademangan barat kecamatan Pademangan kota Jakarta Utara?? Untuk pilihan RW 3 ini untuk RT 5 itu gaada, dari angka 1,23,4,6 ini 5 nya kok gaada mohon bantuannya!!!!",1,0,2020-08-04 21:19:08
52d8850b-5a27-4261-a421-ec27f2073fdc,Pengguna Google,Dari tadi coba ga bisa pas ngisi data,1,0,2020-08-04 18:32:22
b22e73db-cdbc-4368-9d3e-a38e84d72bf6,Pengguna Google,good,2,0,2020-08-04 02:30:14
f1205120-961a-49aa-8677-c761e3eefee8,Pengguna Google,Baguss,5,0,2020-08-02 20:32:25
7684e46b-7644-463a-a0ae-2599a3426630,Pengguna Google,Dalam pengisian data untuk klik identitas diri agak sulit diisi .,3,0,2020-08-02 20:24:03
f539fda4-a4bd-455b-9a58-7ba48897b693,Pengguna Google,"Ini namanya penghinaan terhadapa suatu daerah . Masa daerah saya , provinsi sulawesi barat tidak tertera di sistem clm ini . Maksud kalian apa ? Dearah kami tetinggal gitu? Jadi kami ga berhak bepergian ke jakarta?",1,0,2020-08-02 20:00:16
f6469f0a-08ce-44c4-8bc4-71ba244a16a7,Pengguna Google,"Sangat tidak membantu!!! Udah berkali"" ikut test sama saja hasilnya gk pernah lolos. Aplikasi taek. Saya ingin ke Jakarta karena ada keperluan. Hanya karena saya tinggal di luar Jakarta tidak di loloskan. Woy anis tolong di cek ini bener ga",1,7,2020-07-31 23:14:50
76c71024-235d-425a-839c-39115a623eed,Pengguna Google,"Utk menu clm tolong di maximum kan, setiap isi data tiba tiba langsung kembali ke menu awal",2,0,2020-07-31 23:13:10
e6292cae-5f39-4944-b820-1ecfa0a27ff1,Pengguna Google,Belum total maksimal,3,0,2020-07-31 20:52:36
03df764e-99c9-4101-8bfe-42c2133c5878,Pengguna Google,Nyaman dan aman,5,0,2020-07-30 05:12:43
2b531c01-53bb-4ee8-82b5-71d462027c7b,Pengguna Google,"Halo kak, untuk propinsi kepulauan riau kok engga ada dipilihan alamat tempat tinggal?",5,0,2020-07-29 17:03:37
5683882b-b2cc-4504-a1d3-659967e7ae57,Pengguna Google,Mau isi clm aja gabisa2 drtd . Gimna sih?????????,1,0,2020-07-29 15:03:57
81bd9c8f-b03e-4a15-9e19-cdea34b8fd69,Pengguna Google,"JakCLM ERROR cuma muter2 aja loadingnya. gk di apk gk diwebsite, padahal aplikasi kelas ibukota negara, mana udah pke kuota buat donlod.. hedeh.. tolong di fix dlu ya. makasih",1,0,2020-07-29 15:00:50
001059ab-1aa1-439e-88da-a8a722c8007f,Pengguna Google,"selamat siang, min. saya mau tanya, bagaimana cara download hasil tes clm di aplikasi jaki. saya sudah mengikuti test lalu langsung keluar belum sempat download. mohon dijawab. tq",1,0,2020-07-29 12:21:44
9b1fa4df-cfe3-43f7-a6d4-9431aad7c1bd,Pengguna Google,Ok,5,0,2020-07-29 08:36:47
a248907a-dd0c-463d-9c59-5a8ded61c56d,Pengguna Google,Aku tampan dan aku diam,5,0,2020-07-29 04:10:02
41675c60-554b-48b7-94bb-3161ef00eca5,Pengguna Google,Admin kenapa jakCLM di aplikasi saya ga ada ya padahal belum pernah saya gunakan.. mohon bantuannya,3,0,2020-07-28 19:20:11
aa406c47-8ef1-430f-99e5-84badc0103e4,Pengguna Google,"saya sdh isi jujur saya ga ada gejala sakit,suhu badan normal,ga ada kontak dgn odp/pdp slama 14hari tdk kemana2 cm ke minimarket yg jaraknya cm 1km dari rmh hasilnya ttp tdk aman bepergian. Kyanya ini aplikasi ga guna deh,apa nyuruh ga ush ke jkt secara halus dgn aplikasi ini",1,0,2020-07-28 11:22:52
cf8a1804-5ae9-4bca-9ced-a17eb83c8a6b,Pengguna Google,Simple,5,0,2020-07-28 10:17:14
72f763ff-2eec-4518-a68d-7da7ab41cd96,Pengguna Google,Cacad,1,0,2020-07-28 09:04:35
7ade8254-7f95-4ad5-93ec-01c707a6ccbe,Pengguna Google,This super apps really deserve to get million users!,5,0,2020-07-27 22:06:29
0dbacabc-2b8b-43e8-abc6-9f8cf85e7f04,Pengguna Google,Alhamdulilah bisa tau keadaan jakarta terkini,5,0,2020-07-27 21:31:16
4e24d70b-1570-48cb-8710-3dae6fdc4a13,Pengguna Google,Buruk tidak berguna.,1,0,2020-07-27 19:07:29
48f640ae-7b4e-4336-8f8f-2eb015fb05fa,Pengguna Google,"gk jelas, gk mutu",1,0,2020-07-27 17:58:11
77650fb6-497e-4846-8f9f-08b5bd0fd2ea,Pengguna Google,"Aplikasi nya gimana sih, masak Kepulauan Riau ngak ada, jadi kalau mau ke Jakarta gimana ini, Kepulauan Riau aja ngak ada di provinsi nya. Mohon dong perbarui",1,0,2020-07-27 16:38:18
8f78040b-15d9-4c79-b0c6-213adb64285f,Pengguna Google,Mantaap... Aplikasi keren nih buat informasi Jakarta,5,0,2020-07-27 14:05:10
93b8ce3c-2eec-4adf-8f53-f5cfbb90f3ff,Pengguna Google,Aplikasi yang sangat mewakili kebutuhan masyarakat Jakarta. Penggunaan yang sangat user friendly dan sangat bermanfaat. Terima Kasih Pemprov DKI Jakarta :))),5,0,2020-07-27 13:46:28
e11eee26-871e-454c-9dc8-faeee30dbd5e,Pengguna Google,COVID vs BISNIS.🤭🤫🤭,3,0,2020-07-27 13:38:02
e3614ed8-9e2b-4df7-9a35-d6c594d95971,Pengguna Google,"Parameter penilaian nya apa, semua hasil test 38, sekian persen. Padahal tdk pernah kontam sama pasien dll",1,0,2020-07-27 12:58:36
dca51fd5-8a72-49d8-b7b8-d0be57d2aef5,Pengguna Google,Aplikasi ini sangat mempermudah warga Jakarta.....keren bangettttt deh JAKI,5,1,2020-07-27 12:52:24
54c25f7c-d384-4420-bf6a-4646385a0ec7,Pengguna Google,Semoga aplikasi JAKI semakin update sesuai dengan berbagai kebutuhan warga jakarta,5,0,2020-07-27 12:05:42
828a735f-0ea3-4650-9fd5-6a036279ed74,Pengguna Google,Bagus,5,0,2020-07-27 11:32:34
d6ad5a77-0987-4a37-8282-7f75ba9b4e45,Pengguna Google,Apa sih ini jaki.masa alamat saya udh betul tapi gak bisa selanjutnya di jakclm.AJG ini ap.,1,0,2020-07-27 10:25:17
1d53d034-55b8-4219-abeb-f029c53b713b,Pengguna Google,Sayabunduh tp tdk ada menu JakCLM,3,0,2020-07-27 10:07:46
2c1cccea-ae87-46cc-acc6-94aa003e1a1a,Pengguna Google,"Wuihh aplikasi makin mantap aja nih Sangat di butuhkan Sekali, sebagai jembatan informasi Antara masyarakat dan Pemprov DKI",5,0,2020-07-27 09:11:43
9a6b3ad8-02dc-4ab1-94d7-47944b3240c8,Pengguna Google,"Mantaaaap, 1 aplikasi untuk berbagai keperluan. Berguna dan rekomen banget buat kalian warga dan orang-orang yg sering berkegiatan di Jakarta. 👍👍👍👍👍",5,0,2020-07-27 08:57:37
314f7772-8cbd-4866-be29-2f3f6137db30,Pengguna Google,"Nice nih aplikasi, membantu banget untuk warga DKI Jakarta yang mau membuat laporan dan fitur diaplikasinya juga kekinian banget.",5,0,2020-07-27 08:49:16
18b1cbbb-3aa8-48b4-8659-021bc1db472f,Pengguna Google,"Ko ngk bs di klik sih jenis kelamin dll. Tolong dong for developer. Di benerin dong. Ui appsnya udah bgs. 👍. (jaringan gue stabil) saya sdh coba berkali"" tp ngk bs. Tolong di perbaiki secepatnya.",1,4,2020-07-27 08:48:16
760c00a2-8693-41ca-82c8-0f4117c6cbbd,Pengguna Google,"Kepada admin Tolong aplikasi nya di perjelas kan dan kira kira dong kalo buat Aplikasi Jangan ngaco,kalo bisa buat pemerintah jangan tambah di persulit kan buat kami anak rantau,Bagi kami ini terlalu sulit baget,",1,0,2020-07-27 02:48:25
27457666-70c5-46dd-ba98-dcd974bef924,Pengguna Google,"Bagus banyak berita seputar covid. Hanya mau tanya, di tes Clm 26 Juli 2020 saya hasilnya Resiko ringan, padahal hasil rapid di RS hasilnya non reaktif ?",5,0,2020-07-27 00:44:15
7ee4e288-ec42-4e3e-9f5c-8c0ebd79e51a,Pengguna Google,"Masak cuma 38, skornya, bner ga beres ni aplikasi ,",1,0,2020-07-26 23:19:17
dd83ea47-c7a1-44de-ad0b-782bec685685,Pengguna Google,Very useful and friendly apps,5,0,2020-07-26 22:04:01
937138e9-eb9b-47e7-8a4a-5231067651b7,Pengguna Google,Skor Nilainya Sangat Tidak memuaskan Padahal udah isi data sesuai .,2,1,2020-07-26 21:46:10
2cf5685e-a2cf-4451-864a-b48ffe5bc34d,Pengguna Google,"Ke Jakarta pergi ke Cikini, gak Afdhol kalo kite warga Jakarte belom dunlud Aplikasi JAKI",5,0,2020-07-26 19:04:31
690b6ebe-65e4-499b-9815-3c4c856a0647,Pengguna Google,Apk bobrok,1,0,2020-07-26 18:19:56
a5dcaa87-a535-47cb-8cc3-8e1c229f9d34,Pengguna Google,"Aplikasi ngga bener mau ngisi data diri aja susah ngga bisa di klik buka kolom* buat ngisi identitas diri,, sedangkan di lewat/selanjutnya ngga bisakan,, TERUS SOLUSINYA APA?? GIMANA CARA NGISINYA?? DI KLIK AJA NGGA FUNGSI KOK!!!",1,0,2020-07-26 17:49:21
73a700ea-a26d-48e4-a0cd-6e21cceb9078,Pengguna Google,very helpful application. easy to use and all services are here.,5,0,2020-07-26 17:47:22
dd852a5c-299c-4ded-bc7f-8ab50a933969,Pengguna Google,Easy to use. Thanks!,5,0,2020-07-26 17:42:22
3a05a41d-ed00-4e2a-8a27-904a32412e24,Pengguna Google,"Sebagai masyarakat Jakarta aplikasi ini usefull bgt. Kita bisa melaporkan sesuatu yg gx sesuai peraturan langsung ke pemprov, and even more jaki now has jakclm yg user friendly. Two thumbs up for you guys..",5,6,2020-07-26 17:23:34
f1c00b52-cb01-4357-9035-cc67941f9590,Pengguna Google,"This is very good apps, easy to use and very helpfull for citizen.",5,0,2020-07-26 17:09:29
faeb1af8-2438-4fa1-9a7e-ecaacf028c82,Pengguna Google,Very great 👍👍,5,0,2020-07-26 17:04:12
ce640df5-77a7-4c77-9cde-47d8a0d3d0f3,Pengguna Google,"Aplikasinya sangat berguna, mempermudah warga untuk melaporkan banyak hal tentang permasalahan di DKI Jakarta. Good 👍👍👍",5,0,2020-07-26 17:00:22
ed21657f-05d7-43e2-83c3-8701b0dc5712,Pengguna Google,"Keren banget nih aplikasi, banyak feature dalam satu aplikasi, membangun Jakarta dalam genggaman.. 👍👍👍",5,1,2020-07-26 16:55:38
7169cecd-221f-4880-9b43-6c0f4d38e851,Pengguna Google,"Aplikasi pemerintah yang paling niat. UI nya bagus, light. Semoga fiturnya bisa tambah lagi jadi semua keperluan warga cukup akses satu apps aja. Great works pemprov dki.",5,7,2020-07-26 16:50:51
076a0864-bb77-478c-922d-3af03690aed3,Pengguna Google,Useful,5,0,2020-07-26 16:49:30
21a477d8-c558-456c-935d-4f2861139b11,Pengguna Google,Cara melihat kembali data clm gimana?lupa di screnshoot barcodenya,1,0,2020-07-26 14:39:09
d7c3a92d-92f0-464c-acb3-f30e34b862d2,Pengguna Google,😒,1,0,2020-07-26 13:04:57
f38a7946-d5b9-4761-9df5-b76d55680bbf,Pengguna Google,Ini gmn ya tolong donk saya mao pencet kelurahan malah gk ad tempatnya ya tolomg donk,1,0,2020-07-26 12:22:31
935d58b3-6f9c-462c-965f-05af6758fb57,Pengguna Google,"Min aplikasi jaki di hp saya tdk ada menu jakiclm, knp ya? Klo gada menu clm gmn mau buat clm nya? Terimakasih",3,0,2020-07-26 11:34:48
5b182a2b-8ab1-40bb-973e-7106e0eb45dd,Pengguna Google,"Aplikasi ga jelas, yg ribet jadi makin ribet. Fitur JakCLM yg buat bepergian udah gaada lagi semenjak di update.",2,0,2020-07-26 11:20:04
d97433e1-e9e9-45ed-a2bc-f8fa912282b7,Pengguna Google,"Yg ada panahnya gak bisa di klik, jenis kelamin, kab dsb... padahal Android sdh diatas 5.. Internet bagus.. sediakan jg pengisian via website aja min..",1,0,2020-07-26 11:07:38
ee6214c0-6765-4604-9745-484b425620dc,Pengguna Google,Baik,4,0,2020-07-26 10:51:30
c42fddae-8ca2-4e92-89ec-453dc714535e,Pengguna Google,Ko ga ada jakclm nya ?,3,0,2020-07-26 10:11:45
a59fa42b-ad9a-4841-b9dd-83cf63a6679f,Pengguna Google,"Bagus aplikasi nya, sy ngadu 2tem tentang tmpt umum, langsung di respon,",5,0,2020-07-26 09:11:23
38dfba87-4d46-4537-97d2-7a0cb49e85fb,Pengguna Google,Bagus,5,0,2020-07-26 08:41:27
fe16fe60-034b-482e-9100-0606b0605c7e,Pengguna Google,Test clm nya kok menu nya ga ada ya ?,2,0,2020-07-26 04:19:34
663f22c9-7175-4db4-bd45-229bfa2a1a7c,Pengguna Google,Udah install ini aplikasi kok fitur JakCLM nya gak ada??,1,0,2020-07-26 00:17:13
68784f19-2bed-40b8-982d-91adb334f592,Pengguna Google,"Apaan pas isi clm bagian tanggal lagi nge hang balik lagi ke awal, gt aja terus, android saya udah v 6 kok internet jg cepet , memang berat x app nya crash",1,0,2020-07-25 22:00:16
da1aa40a-b709-4c83-be68-5e00ed600635,Pengguna Google,Fitur Menu CLM mana??,1,0,2020-07-25 21:44:26
a24ed832-7a29-486e-9b6b-760466b6f2bd,Pengguna Google,Aplikasi sampah ini.. Semua dinyatakam tidak lolos untuk berpergian.. Aplikasi sampah digunaik sebagai ganti SIKM buat apa..makin aneh ini pemprov DKI aturan nya..,1,0,2020-07-25 21:07:21
2f743e17-b1e3-416a-8d68-e7a882a765e9,Pengguna Google,apaplikasi yang tidak bagus,1,0,2020-07-25 20:31:11
6f795d74-0db2-49cb-8f30-323055f6d8e4,Pengguna Google,Apa cuma gua saja yg 38.8 %?,1,0,2020-07-25 19:32:46
64bc4a63-d9d5-4116-8bc4-d66ca5f59d16,Pengguna Google,cukup praktis,5,0,2020-07-25 19:24:59
7f895669-cd21-4dee-b593-5d747d156b11,Pengguna Google,Top marco Top,5,0,2020-07-25 17:13:37
de8075ef-b9ca-46cd-83c3-85aec2b6e745,Pengguna Google,Dimana jakCLM kok menghilang ?,2,0,2020-07-25 16:46:18
bc8ef4fb-a0da-4ce6-900e-51d9fbb0cbdf,Pengguna Google,Kok di hp saya fiturnya ngga ada jak clm?,5,0,2020-07-25 15:02:43
9fc1e124-253d-44a3-9170-3e97fc83c1e4,Pengguna Google,"Masa saya gak bisa isi data diri, ada juga teman saya gak bisa isi tanggal lahir, padahal jaringan kenceng ni aplikasi banyak bugg. Tolong perbaiki",1,0,2020-07-25 15:01:28
a4057333-fff2-486b-8396-8ec2ce94682c,Pengguna Google,Min ko JAKCLM KO GA MUNCUL DI APP?,5,0,2020-07-25 13:13:44
47c49046-87b8-4488-8076-fa6b9542c2ff,Pengguna Google,"Kenapa di saya ngga muncul menu jakclm ya? Padahal versi android saya sudah 5.1 tetapi msh tidak muncul, apakah saya harus update lagi apa bagaimana?",1,0,2020-07-25 12:07:18
b4c2d895-f7b4-4222-90cc-7c69780256a6,Pengguna Google,"Yth hormat admin, aplikaainya tolong di perbarui lagi, setiap isi data tdk bsa di buka, tnk y",1,0,2020-07-25 11:22:09
b06fa806-7575-44b3-83be-9ecdfa6a0132,Pengguna Google,Aplikasi yg membantu,5,0,2020-07-25 09:52:03
dfe2b4e7-939c-4137-a913-4b2d6394433c,Pengguna Google,"Ko setelah daftar,dan isi sesuai data kenapa selalu suruh daftar kembali tanggal 25 07 2020 dan pas saat daftar lagi ko ga bisa ya,mohon bantuan nya",3,0,2020-07-25 09:44:10
fd5105f2-c1e8-445e-b893-04d6735a6534,Pengguna Google,Mantaaap,5,0,2020-07-25 09:19:51
055848c1-244c-4efa-bcd9-8802206c3768,Pengguna Google,"Progamer aplikasi nya mana nih coba nongol, lulusan apa si. Surver ko kaya gini. Wkwkwk. Hasil survey sama semua.",1,0,2020-07-25 09:18:29
7392a036-fb4d-417a-9e2f-766713a6a641,Pengguna Google,Hilang sertifikat,1,0,2020-07-25 08:49:34
3e187f19-a9be-4452-8068-8831de144403,Pengguna Google,ko di aplikasi jaki saya tidak ada layanan JAKCLM nya?,1,0,2020-07-25 08:41:06
264c29da-2ddf-4282-bf50-1b5ba47ef573,Pengguna Google,saya udh download mau isi jakclm kok gk ada yah padahal hp saya android terbaru,4,0,2020-07-25 07:09:10
cbae9a8e-aea4-4aea-bb07-1e671dbc579a,Pengguna Google,Ga bisa di isi mulai jenis kelamin sampai alamatnya,1,1,2020-07-25 05:25:54
d6a1fc85-d4b1-4ed1-8d01-b396270f5ec6,Pengguna Google,"Bintang 2 dlu... Kesnih cuman buat penuhiin persayaratan naik krta tapii membaca komentar sblum""nya jadi ragu.",2,0,2020-07-24 23:19:24
25618721-011f-45b6-b11b-574292fcaef7,Pengguna Google,"Fitur jakclm nya enggak ada, gimana ya, saya butuhnih",1,0,2020-07-24 20:03:30
258953f1-649e-498d-a4f1-473937c8e626,Pengguna Google,Apa cm di HP aku saja gk ada pilihan jakCLM?,1,0,2020-07-24 18:59:47
809b4b70-9029-43c7-abf8-5fd94188ae6a,Pengguna Google,Sangat membantu dalam upaya perbaikan penataan kota,4,0,2020-07-24 18:54:54
3b72493d-1184-473d-abb8-6f045adcd4f1,Pengguna Google,"Min kok gak ada jakCLM nya, gemana mau urus keluar masuk Jakarta",1,0,2020-07-24 18:25:58
09ac6751-fcd0-473f-8ef4-4626b98257ed,Pengguna Google,Bagus,4,0,2020-07-24 17:56:44
11809809-775a-4b70-b1fc-a9e3e78aa293,Pengguna Google,sya cek aplikasi jaki ko gda jakclm ya,2,0,2020-07-24 17:56:10
9fe0e0dc-3464-4303-b515-c90eb7b67306,Pengguna Google,"Bngst, ga bisa ngisi jenis kelamin sama alamatnya. Biar apa coba, giliran di klik berikutnya ga bisa harus di isi jenis kelamin. Bodat",1,0,2020-07-24 17:38:44
1f729c7d-66c0-4b8c-86c7-1fd4a400cf87,Pengguna Google,top,5,0,2020-07-24 16:30:04
6042b068-6f13-4740-a581-cbf5695006d2,Pengguna Google,"Kok saya gabisa isi jenia Kelamin ya,, setiap mau isi jenis kelamin dan seterusnya yg dibawahnya terhenti terus,, dan keluar sendiri dari aplikasi? Itu kenapa yaaa??",1,0,2020-07-24 14:15:52
5a3308cb-7c91-4fbf-a38a-366bc77a9dfb,Pengguna Google,Fitur JakCLM nya yang mana sih,2,0,2020-07-24 13:46:43
d37aaa77-a9b6-4d08-81ea-b9af688f16f4,Pengguna Google,Overall bagus.,5,0,2020-07-24 13:36:30
7f36e8ab-82f5-4d43-ae81-9abbfbcdcd4e,Pengguna Google,"TOLONG BANTU JAWAB DONG, saya udah selesai melakukan test CLM setelah saya unduh saya lupa save , trus saya coba cari di file manager tidak ketemu, trus saya coba test CLM ulang tidak bisa dan harus nunggu 7 hari lagi ,gimana cara dapetin hasil test saya kembali? mohon bantuan nya🙏🙏🙏",4,0,2020-07-24 13:35:42
4a7f7603-facc-4e0f-9d97-91dbd940695f,Pengguna Google,"Tolonglah.... ada survey yang harus diisi CLM, sedangkan CLM pas survey bagian alamat sama jenis kelamin udah dipencet kagak keluar pilihannya gimana mau ngisi survey",2,0,2020-07-24 13:34:12
871d21a3-e586-475d-98e5-6813eabb80bb,Pengguna Google,Dipaksa rating bintang 5,5,0,2020-07-24 13:09:11
fc7844ba-0cc1-4c20-89b3-bbb319f510c7,Pengguna Google,"Pembohong publik dan pembunuhan karakter, aplikasi tidak berguna",1,0,2020-07-24 13:04:13
08a4bcdb-d24c-453b-ac25-3967bfa6d40d,Pengguna Google,JAKCLM NYA MANA GK ADA DI PILIHAN MENU..,1,0,2020-07-24 12:18:34
07523e86-91a4-49d3-9f13-09c17be1f5ef,Pengguna Google,Baru mau coba buat balik ke jakarta,3,0,2020-07-24 12:10:49
a09ad509-b2e0-4130-a154-8c740ade0f5a,Pengguna Google,Jak clmnya gak ada d versi 1.1.33 kenapa ya?padahal d fersi sebelumnya ada....kan kalau ada tes covid mandiri lebih bagus boss....menunya jg kurang 2 jak clm sama jejak yang gak ada...semoga lebih baik lagi y,2,0,2020-07-24 12:08:49
83240ba7-2a06-4561-890e-45b7d588e495,Pengguna Google,Saya cari aplikasi JakCLM..ko..tidak ada ya di JAKI,3,0,2020-07-24 12:03:48
b91b65ba-aaaf-406b-8916-9fb7791ffe64,Pengguna Google,"Tes clm kok aplikasi nya ngebug , ga bisa klik jenis kelamin , gak bisa klik alamat dsb. Update lah aps nya",1,0,2020-07-24 12:03:25
6e28e7d5-f136-411e-9601-d875efdea278,Pengguna Google,Kerenlah aplikasinya....,5,0,2020-07-24 11:40:29
0bd837e6-0291-4c13-9623-b17548ab7024,Pengguna Google,Tq untuk balasan fast responnya team jaki,5,0,2020-07-24 10:45:00
6480cb43-24f5-4c1a-a346-689788bb1e81,Pengguna Google,Hasil test CLM saya dikirim ke email tidak? Saya lupa download pdf nyaaaaaaa . tolong bagaimana ini? Saya besok harus ke JKT . huhuhuhu,2,0,2020-07-24 10:36:26
c3888ff1-3525-46f7-a062-6695c4e059a5,Pengguna Google,Jakarta manu,5,0,2020-07-24 10:27:33
6f32a24b-da00-4486-8393-4268eeaf2754,Pengguna Google,"Alhamdulillah tdk ada gejala dan tdk berhubungan vdgn pdp, odp dan tdk pernah pergi keluar kota / kenanapun. Dua hari lalu suhu 36,4 dirumah saja, sering cuci tangan sll pakai masker, pakai masker, pakai masker jika keluar rumah. Jaga jarak jaga kesehatan.",4,0,2020-07-24 09:48:36
9b1bd811-d595-4a96-a004-6df69eee8738,Pengguna Google,Sdh download Jaki tp di mana jackCLM ya,4,0,2020-07-24 09:11:20
7ba21248-b027-4944-b074-3576b60427cf,Pengguna Google,Bagai mana cara melihat hasil test yg belum tersimpan ??????,1,0,2020-07-24 09:08:55
8f52e28c-217d-4d69-b923-68486d5db8a1,Pengguna Google,"min kok di aku ga ada jak clmnya di aplisaki jakinya, gmn mau ijin keluar masuk nih",1,0,2020-07-24 06:54:21
8203cf6c-0f01-408d-a28a-aef79ef16061,Pengguna Google,"Untuk fitur JakCLM nya : Mudah, cepat, gak pake ribet, dan yang penting dalam pembuatan nya gak perlu ketemu orang secara langsung, seperti yg d lakukan dalam kepengurusan generasi sebelum nya yang kita sebut dengan SIKM",5,2,2020-07-24 06:21:39
2af4efe0-a6a9-4eb3-8619-3c9042c59a5c,Pengguna Google,"Cara upgrade aplikasi jaki ini gimana ya, kok aplikasi saya gak ada jakCLMnya, mohon bantuannya",3,0,2020-07-24 05:20:22
cb7db9c2-f824-421e-bde4-37a42f8788b0,Pengguna Google,Cukup mengerti,5,0,2020-07-24 02:00:30
26969886-f643-4f7e-a3b7-b9cac560afa0,Pengguna Google,Jakarta bersijh,5,0,2020-07-24 01:59:36
2275cc76-105c-470c-92e5-25233b7ec387,Pengguna Google,"PAYAH BANGET NIH!! Masuk JAK CLM. isi identitas, lagi ngisi kok keluar sendiri! Begitu terus pas ngisi identitas! Tolong dong diperbaiki lagi aplikasinya!",1,0,2020-07-23 23:34:31
69ff49cc-06a7-4899-8588-b92bae1f248d,Pengguna Google,"Misi om saya mau ngisi gender saya tapi ko tidak bisaa gimana ini saya tau saya emang gk kecewe""an tapi saya ini cewe kenapa gk bisa atuh kan saya merasa di ledek atuh :(",3,0,2020-07-23 21:48:46
82629571-9509-4328-97a5-1f7c7dabebd0,Pengguna Google,Sangat bagus,5,0,2020-07-23 21:45:07
2928bfc1-b3ee-43f9-b641-ce5e2281a8d5,Pengguna Google,"Tidak ada CLM didalam aplikasi Jaki, Tolong infonya dong",1,0,2020-07-23 21:43:49
fd2a4bca-b8e8-4aed-bc3f-c70aed9bf9a0,Pengguna Google,Sangat bagus,5,0,2020-07-23 20:52:10
821ce363-1b62-44c0-857c-605558ab340a,Pengguna Google,Lama download nya,3,0,2020-07-23 20:14:44
e0792ab1-a2b3-47a1-9446-62dbacde87db,Pengguna Google,Cara liat JakCLM Gimana sih?,1,0,2020-07-23 19:25:39
b85955c3-7fb7-401c-989f-b0b01f9bcb72,Pengguna Google,Kok sulit lanjut pada isian jenis kelamin dst,3,0,2020-07-23 19:20:20
6333c5dd-2c47-49f6-bc21-5314d5f09c49,Pengguna Google,Satu dulu,1,0,2020-07-23 19:17:21
8e8d10aa-7c0f-440e-8c1c-73120ef5a3df,Pengguna Google,Jaki sangat membantu dalam.mncari info trkini,5,0,2020-07-23 18:54:13
d9909705-77ec-412a-a291-7bdc23072dcd,Pengguna Google,"Lumayan , tapi saya bingung, saya sudah mengikuti tes clm nya dan sudah keluar hasilnya, tapi saat saya ingin membuka hasilnya saya bingung cari kemana",3,1,2020-07-23 18:34:25
03d490d0-942b-42d7-81e6-b79dc103ab33,Pengguna Google,Bikin panik hasil nya woi,1,0,2020-07-23 18:27:45
a7d9412e-da00-4800-ad7c-0da3fc93e5b1,Pengguna Google,Sangat bagus,5,0,2020-07-23 18:10:44
e975a355-967c-4580-94b9-2a0c27ae81a2,Pengguna Google,Cara pakainya gmn ya?,2,0,2020-07-23 17:48:18
37ed8e23-dce6-4f27-95ac-37eb379a3aff,Pengguna Google,mana aplikasi CLM nyaa???,1,0,2020-07-23 17:32:49
6c74c966-0e1e-4996-9bc2-b184a26ab150,Pengguna Google,"Kaliann jangann download inii,aku nyesel tau ga?! Gbsa dipencet,ngabisin kuota ajaa",1,0,2020-07-23 16:12:16
7256b3a2-4803-4e18-b3ca-03f2d1c575cf,Pengguna Google,Di mana saya harus mencari fitur JakCLM?,2,0,2020-07-23 15:45:53
9e651620-32e8-4d90-b004-06be549752e8,Pengguna Google,"Kpda pigak JAKI, begitu di update kok untuk CLM nya ga ada lagi ya..sementara saya mah mau menggunakan untuk berangkat...tolong penjelasan penggunaannya",5,0,2020-07-23 15:17:41
44116cc5-c003-48ab-b5cf-7a10ad130192,Pengguna Google,Ok,5,0,2020-07-23 15:11:36
830ff702-d963-43f7-bb85-bcc8dff94f3d,Pengguna Google,Males banget gegara nih aplikasi disuruh guru download penyimpanan gw jadi penuh,1,0,2020-07-23 14:10:45
db73725c-01f5-44b8-8e0b-46a299f60326,Pengguna Google,Ko gd jakclm nya gimn caranya,2,0,2020-07-23 13:54:27
8d11e67a-2e54-4a09-a45a-23d316d159cb,Pengguna Google,Jak clm nya ga muncul .gmn nih......,5,0,2020-07-23 13:52:23
e97a17b5-7ebd-4235-b555-15ccd11af05d,Pengguna Google,Baik,4,0,2020-07-23 13:43:12
52c9d32e-77f5-4c5e-bb7a-c270ff708626,Pengguna Google,"Jak CLM nya tidak bisa diaskses, update nya terlalu lama ,segera diperbaiki ya,terima kasih",4,0,2020-07-23 13:40:57
23eeea54-b92e-4ddb-90a6-307c2926408c,Pengguna Google,Lho koq jaki sekarang gk ada lagi jak clm sih,1,0,2020-07-23 13:29:47
de6db288-17a8-45e3-90d4-13d010ec0604,Pengguna Google,cara pake nya gimana sih,1,0,2020-07-23 13:29:18
0638ee09-f973-4c82-a57b-eafded3f05de,Pengguna Google,Ini menu jackclm nya kok ga ada gimana yaa,5,1,2020-07-23 12:06:22
06ecb7a2-5a5a-413a-b85b-6ca9ac3d4372,Pengguna Google,Jakclm di aplikasi kenapa ga ada?,1,0,2020-07-23 12:04:13
1f9e9b39-d5c2-4c53-8e13-401080f9cf68,Pengguna Google,Kenapa menghilang yaa icon jakCLM nya?,2,0,2020-07-23 11:39:57
256dc46c-1b13-4b80-bb78-068c39306ff9,Pengguna Google,Aplikasi tolol...,1,0,2020-07-23 11:37:35
8c2059d3-7f75-4700-b498-88aebb313916,Pengguna Google,💪,5,0,2020-07-23 11:20:37
ba8e59d7-fbff-40e4-a3ac-b71327683ecd,Pengguna Google,Kenapa sekarang tidak ada jakclm di app jaki?,1,0,2020-07-23 10:47:35
a5687edf-712a-4427-9010-3f755fc50d2e,Pengguna Google,"Makasih, udah ketemu CLM nya",4,0,2020-07-23 10:26:21
a5fd602c-47f0-47fe-9be5-242aa00de2f6,Pengguna Google,"Saya sudah tes sampai akhirnya di proses terakhir muncul server eror kembali ke halaman awal, saya coba ulangi test tidak bisa, sedangkan hasil saya tidak keluar ini bagaimana ya",1,0,2020-07-23 10:23:49
6a42e8f5-161b-4f3c-949b-f15d092080f1,Pengguna Google,Dicoba dulu,3,0,2020-07-23 10:16:17
faf1c0ee-fd80-4bc8-8763-c8c1b12204a9,Pengguna Google,Pas isi jak clm kenapa muncul 502 bad gateway??? Saya ulang sudah 5 kali gagal terus.,2,0,2020-07-23 10:12:30
8ec174d7-cd63-402f-8058-ce57ed8158bd,Pengguna Google,"JakCLM ngumpet di JakCo, sempat bingung kok beda dgn app teman 😌",4,0,2020-07-23 10:03:48
d71343d6-9b35-4bd3-a1ac-8d860b07517f,Pengguna Google,Koq menu JAKCLM hilang dari menu ? Kenapa ini ?,5,1,2020-07-23 09:41:30
94b4dbfa-b9d4-400e-bc8a-b8ed2db3bf98,Pengguna Google,Sangat membantu warga DKI Jakarta,5,0,2020-07-23 09:38:48
ca9fef78-d8ae-4e94-a20b-db35d9e73150,Pengguna Google,"Hallo Admin, Kasih Keterangan Dong, Yg BerPotensi Corona Itu Di Level Berapa.?? Contoh Kalo gw Skor 37% Itu gmn Penjelasanya.?? BIAR masyarakat Gampang Menjelaskan Hasil Dari Test Tsb. Kamsamida. 🙏🙏🙏",3,0,2020-07-23 09:16:28
2e0cb6fb-a59f-4085-9ca1-ec1cb401e037,Pengguna Google,Biar bintang bicara,1,1,2020-07-23 09:06:13
943f9373-f123-4577-9481-0f5fc2a265b9,Pengguna Google,Dimana si cara daftar y ko di aplikasi saya gak ada menu JAKCLM?udh ciba hapus dowloud lagi tapi ttp tidak ada,1,0,2020-07-23 08:57:04
0dae28f7-a694-4362-83d7-3deba3c1b95a,Pengguna Google,Aplikasi masih memiliki bug di jakclm yaitu bug nginx/1.16 atau server not found,3,0,2020-07-23 07:55:07
e2ac0e24-849f-44cc-a688-689b0a5bcec0,Pengguna Google,Apk bontoooooo,1,0,2020-07-23 07:53:25
53e2c287-5c1a-4078-bf9c-a30efe3b3c4d,Pengguna Google,menu jakCLM nya mana????,1,0,2020-07-23 07:23:05
e3a91601-aea0-4095-9661-a674675c3bee,Pengguna Google,Kenapa jakclm g muncul di sebagian perangkat Android....??mohon pencerahannya,5,0,2020-07-23 06:06:30
6e222dfb-055a-458b-a309-5222abed93c2,Pengguna Google,Ga ada menu CLM nya... Gimana mau Tesnya...,1,0,2020-07-23 02:38:25
570e9dda-6902-4060-aa43-5c3b35d945c9,Pengguna Google,Aduh... tujuan dounlod app buat daftar jakclm.. eh.. udh dounlod jakclm nya gak ada.. gimana ini. Bikin bingung,1,0,2020-07-23 02:00:37
c26c9cc7-1c10-46b2-8f08-2f22dd3e9dfa,Pengguna Google,baru donlod appnya kok ga ada pilihan jakclm,2,0,2020-07-23 01:23:58
b4122a00-c3e4-4bc4-9323-a7674d9f144f,Pengguna Google,"tidak ada jakCLM di aplikasinya, gajelas sumpah. sediain lah versi webnya, biar ga harus download.",1,0,2020-07-23 01:18:29
30c8d7c9-921d-4e27-b748-3f305ac70c5f,Pengguna Google,Good,5,0,2020-07-23 01:10:34
008b3064-43d3-4c7c-8e62-e4457409e744,Pengguna Google,"Kmarin isi data padahal suhu badan 36.5 ,,ngk pernah kontak langsung sama odp,apalagi pasien yg bener"" positif covid. Tp di situ tertulis tidak aman,,sebenernya batas suhu badan yang di perbolehkan itu berapa sih?? Sedang di setiap SK yg di buat pemerintah itu tertera 37.3 u/ suhu badan. Dan ini lagi pas harus daftar kembali malah sistem nya bermasalah,,nh saya urgent untuk bisa pergi karena orng tua sakit tp kaya nya di persulit banget. Cuma karena CLM ini jadi susah mau pergi jg",1,3,2020-07-23 00:35:42
64908238-4589-4823-808a-670026fa2c98,Pengguna Google,"JakCLM 502 bad gateway nginx/1.16.1 , gimana mau isi kalau aplikasinya error gini",1,0,2020-07-22 23:23:20
20118411-2441-4fc0-973e-c73f13f4fb32,Pengguna Google,Kok aplikasi jak CLM nya ga ada yaa Gimana ini?,3,0,2020-07-22 23:11:35
bb513ff0-5451-4c73-95c3-011e0f8ac5f3,Pengguna Google,program pemerintahh macam kontolll,1,0,2020-07-22 22:54:06
20a6ecbd-108c-407c-9918-7e80831ea85c,Pengguna Google,APLIKASI GAJELAS GAGAL GAGAL TERUS,1,0,2020-07-22 22:51:18
42d652a3-7265-431b-b384-f73302c28cac,Pengguna Google,Aplikasinya g bisa mulu nihh,1,0,2020-07-22 22:18:52
53898499-258f-4be4-975a-e09dedbdfff5,Pengguna Google,Aplikasi terbaik yg pernah saya instal. Mau isi jakCLM tp nyari fiturnya koq ngga ada..maunya apa coba ini aplikasi..benar2 aplikasi yg sangat berfaedah utk menguji emosi,1,1,2020-07-22 21:53:44
069755eb-6a3e-4a95-ad34-dd8f238bd7ef,Pengguna Google,Knp ga ada fitur jakclmnya setelah sy mengunduhnya..jadi bingung ini,4,0,2020-07-22 21:49:43
7d4832d7-a343-4b5b-bb67-217299fb8f05,Pengguna Google,"Bikin kesel,tolong perbaiki sistem nya kalo ada bintang 1/2 saya kasih 1/2 dah",1,0,2020-07-22 21:39:25
b61339ca-82a3-4f54-827d-76ca2fb7594b,Pengguna Google,Good,5,0,2020-07-22 21:10:52
f5ddacad-99da-46a4-8f16-5f4061dd4e83,Pengguna Google,"Susah masuk/daftar alasan klw ngga email udah pernah digunakan ,Ama jaringan yg disalahin",1,0,2020-07-22 21:08:46
81ccda03-f800-4c96-81db-a07e187024b2,Pengguna Google,Ga bs d pakai,1,0,2020-07-22 20:59:28
2373211f-7d6e-47b7-b204-3dbfb147bd24,Pengguna Google,"Server payah, tidak ada form isi CLM, lewat web juga error",1,0,2020-07-22 20:57:20
223f5959-1289-4f56-af51-10bcfa47dd2d,Pengguna Google,Aplikasi suka eror sendiri padahal disuruh ngirim data,1,0,2020-07-22 20:54:47
d0cc9511-6ad8-488f-a1b1-2d048c4165a1,Pengguna Google,Pas di download bisa eh pas mau daftar ga bisa2 server sibuk mulu nyoba dr siang di kantor smp malem dirumah gagal mulu,1,0,2020-07-22 20:52:24
e390e0c8-2276-4c6e-80c5-36f92558ccde,Pengguna Google,Lemot!,1,0,2020-07-22 20:38:59
dd5e4627-aed1-424f-9b94-af1311d07c8d,Pengguna Google,Dari tadi siang belum ke download juga,1,0,2020-07-22 20:33:04
722ce292-553b-40cf-a247-a43d86abd8f7,Pengguna Google,Kalo bukan kepentingan sekolah gak bakal gua download aplikasi gak jelas begini,1,0,2020-07-22 20:12:07
96b09b92-d63c-4491-8895-24a3e9cf28f4,Pengguna Google,App jelek sampah,1,0,2020-07-22 19:54:13
0f6bd9bf-bca9-4197-8a6e-ad96a7929096,Pengguna Google,Masalah jaringan kurang bagus padahal internetnya kenceng,1,0,2020-07-22 19:53:15
f15b810f-8ff0-4286-b7aa-1ca52943d8d0,Pengguna Google,"Aplikasi rusak,,udah ngisi berkali di akhir malah sever eror hadeh",1,0,2020-07-22 19:42:02
338d1b08-4c38-40ad-b7e0-a149ea94a9f4,Pengguna Google,Mantulll,5,0,2020-07-22 19:37:27
3f96a646-d79d-47c3-b8a8-8b99f1649f0c,Pengguna Google,"Sampah,, daftar aja gak bisa",1,0,2020-07-22 19:13:49
dbe069ea-4c90-42ab-8210-2476c6f6be16,Pengguna Google,"Aplikasi apa sih ini? Daftar akun nggak bisa,menu nya cuman muter"" doang! Tolong lahh di perbaiki bug nya! Semua bergantung pada aplikasi ini saya banyak pekerjaan di luar kota yang mengharuskan memiliki akun JAKI namun aplikasi seperti ini sangat mengecewakan!",1,5,2020-07-22 19:10:24
008106b8-d2f3-4a62-87b0-4700bed0af45,Pengguna Google,Ini mantap banget,5,0,2020-07-22 18:50:57
63465f02-890b-4f81-8f6b-d7c304e58adf,Pengguna Google,Informasinya sangat membantu,4,0,2020-07-22 18:37:06
115d6be8-5694-44ad-9f16-c796496e4b7e,Pengguna Google,Lelet,1,1,2020-07-22 17:25:02
6c779bb6-303b-47db-a0e0-dbf2fce2155c,Pengguna Google,"Sy br mengupload aplikasi ini krn diminta oleh pihak sekolah anak, pd saat tahu tentang salah satu programnya yakni jakclm sy coba, namun sangat mengecewakan krn pd saat sy klik utk ""jenis kelamin"", ""alamat"", ""rt"", ""rw"" semua tdk bisa di klik, bagaimana kesiapan aplikasi ini ya 😩??? Mohon perbaikan",2,2,2020-07-22 17:09:14
5cf7e07a-eb68-4663-96f4-9dd92c64f9ff,Pengguna Google,"Ribednya ngisi survey.. ditulis gak bisa.. pilihan gak nongol.. Lewatin gak mau, tetep harus isi.. muter ajah terus begitu",1,0,2020-07-22 16:26:49
ceca2685-28f8-4cd5-9e36-a819ffeb2244,Pengguna Google,Ini aplikasi gimana ya? Jak CLM nya gak ada di aplikasi.. Mau isi CLM gak bisa,1,0,2020-07-22 16:16:41
f646ffcd-1d0f-40d1-a21d-6139e2efe3b5,Pengguna Google,"Gak bisa digunakan pdhl udh diupdate,, percuma deh",1,0,2020-07-22 15:46:56
f03c8cd3-4239-4a4c-a5fc-ab9b97416e5a,Pengguna Google,Tidak Berguna,1,0,2020-07-22 15:27:30
a3ec02f4-89a7-46a9-9739-52778893ef0d,Pengguna Google,Ok,5,0,2020-07-22 15:24:06
2d963759-d304-4da3-bf24-565870787242,Pengguna Google,Wahh bagus sekalii. Aku terbantu skali. Makasih bnget.,1,0,2020-07-22 15:21:41
39ce9646-b373-46fb-80ce-a1d2c11998b3,Pengguna Google,Easy to use,5,0,2020-07-22 15:15:41
db771781-34d4-4006-8e7f-a9d1562b784b,Pengguna Google,Easy to use,5,0,2020-07-22 15:15:05
1e1fcbdd-604e-4982-9157-3752732493ed,Pengguna Google,Macam mana pula ini mau test CLM kalau isi data aja gak bisa. Di klik mau isi alamat dan jenis kelamin aja gak mau keluar. Harus banting hp dl kali ya baru bisa😅😅😅 Versi android sudah 5.1 tetap gak bisa isi data. Sinyal sudah full 4G. Kurang apa lagi ya,1,22,2020-07-22 14:59:48
f4034215-7124-498f-be4b-ad9bdded7a7f,Pengguna Google,"Banyak banget bug, gbs milih jenis kelamin dll. Mending jgn dirilis dulu kalo masih belom becus",1,0,2020-07-22 14:56:43
9cdb38e7-ca9b-4982-978c-ff88294d2a9f,Pengguna Google,Aplikasi apaan ini,1,0,2020-07-22 14:37:59
1ea25fa4-72fc-470a-a354-39254c023c19,Pengguna Google,"G bisa buat clm. .android udh paling baru. .ram 6 gyga internal 128 gyga. .koneksi 2,3mbps koq g bisa buat clm??",1,0,2020-07-22 14:10:50
1475ac05-8ab9-4669-8148-2bb3b93c0e5a,Pengguna Google,jika sudah buat tes tapi tidak tersimpan gimna cara y agar bisa ke buka kembali tes rapid y,5,0,2020-07-22 13:58:59
5a4812eb-43e4-4874-887e-d6732fc946d4,Pengguna Google,Bagus untuk informasi jakarta,5,0,2020-07-22 13:15:18
d1962691-ec30-481f-855c-3e0bb4d3645e,Pengguna Google,Ok,5,0,2020-07-22 13:06:20
4d01100b-c414-4a50-b4cf-c558282d3d23,Pengguna Google,Cukup baik,4,0,2020-07-22 13:03:10
3557f495-e8d1-4af9-bb8e-a4a3c83a37d5,Pengguna Google,CLM gk ada lagi min ?,1,0,2020-07-22 12:56:40
2fb7178f-15cd-41e2-8c42-48ca5b8311d0,Pengguna Google,"Setelah di update menu CLM nya nggak ada, aplikasi yg membuat masyarakat tambah bingung, hasil test CLM nggak akurat.tolong di perbaiki",1,0,2020-07-22 12:39:57
2b150bb7-48fa-46c5-b335-bd099e1562a3,Pengguna Google,Gak bisa diulang,1,0,2020-07-22 12:31:20
e2268ed3-ad0d-4574-bb3c-695aee88b740,Pengguna Google,Aplikasi parah,1,0,2020-07-22 12:21:25
d0ef6aa3-2fd8-4af1-8c2e-2654bc0a1466,Pengguna Google,Mau gamau harus donwload untuk mengisi -_*,4,0,2020-07-22 12:10:05
61fd0611-9d3b-4f9b-90c9-b2609912ffc7,Pengguna Google,Kenapa jakCLM tidak ada ya,5,0,2020-07-22 11:36:09
224f55b3-0293-4104-95af-3e2d96f94b84,Pengguna Google,Koq ga ada menu CLM YA?,1,0,2020-07-22 11:03:20
31d563b3-cc15-4fc7-805b-6bddf014f07f,Pengguna Google,Menu JAKCLM dimana ya?,3,0,2020-07-22 11:00:47
d7c84b09-7ddd-4fd4-a198-2d7b4c25aed7,Pengguna Google,ok,5,0,2020-07-22 10:59:03
4612ed66-efe8-4f5d-b313-8043a89ffef5,Pengguna Google,Kok hilang menu JakCLM ????? Paraaahhhhh.....,1,0,2020-07-22 10:45:17
58a1e9c0-02b8-4de4-aafb-869f11f249b2,Pengguna Google,Bagus ini punya gubernur gw...,5,0,2020-07-22 10:27:54
3383132b-a3e7-437f-9f81-9b776a40006e,Pengguna Google,"Baik terima kasih atas jawabannya kak. Terus tingkatkan ya. Mungkin bisa disamakan tampilan di tiap device. Semangat, sekali lagi terima kasih",5,1,2020-07-22 09:44:24
e3a96830-818a-47c3-9954-18d2bb0b2f75,Pengguna Google,Baguuus,5,0,2020-07-22 09:30:00
4e5a2c26-3152-47f4-b8ba-964c2729513c,Pengguna Google,Good job,5,0,2020-07-22 07:54:08
b0b4ef05-4c1c-4f23-8a59-09038aeca7c1,Pengguna Google,"Apk apaan sih, udh 3 kli install uninstall tetep aja Jak CLM nya gk ada",1,0,2020-07-22 07:49:29
61846bb5-9839-4a18-96ae-c355075f2575,Pengguna Google,Jakclm nyaa ngak ada gimnaa mau ngisi Tolong di perbaiki,1,0,2020-07-22 07:13:56
363faa02-f5de-4e8b-9485-449135251c78,Pengguna Google,Gk ada JAKCLM . Mana disuruh lagi,1,0,2020-07-22 06:49:16
c3ae5d66-7aa8-4ba6-9f30-7a5d8d22a420,Pengguna Google,mudah dan lancar,5,0,2020-07-22 05:18:18
4857945e-2188-4ac4-b0ce-69fbd6bbf313,Pengguna Google,Admin saya perlu bantuan cara mengakses CLM di aplikasi ini. Saya bolak-balik kok nggak ketemu ya?,1,0,2020-07-22 02:34:38
5eba055e-dd85-4a2f-810f-68bcdda7c9cf,Pengguna Google,"Ko jak clmnya gak ada ya , ko yang lain ada sih ?? Apa harus upgrade dulu ??",2,0,2020-07-22 00:52:55
0a80f2b2-b553-414f-8976-9ea3ed1890c1,Pengguna Google,"Mending yang lain dikasih score 38, lah gua diksih score rendah bgt cuman 28,5 padahal gua ga kmna2 dirumah doang dinyatakan rendah level 1 gila bgt sumpah",2,0,2020-07-21 22:47:37
8e82655d-febf-4015-8a44-336fa953eb5e,Pengguna Google,Kok saya gk ada jackclm,2,0,2020-07-21 22:28:19
95b7e623-fd71-4a82-b6b0-af8a992a6b2e,Pengguna Google,Sumpah ni apk banyak ngebug tolong di perbaiki kalo ga mau di rate 1 tulull,1,0,2020-07-21 22:17:00
847f3d96-663f-4679-abd3-feb26d8409d4,Pengguna Google,Menu JakCLM nya hilang!!,1,0,2020-07-21 22:13:56
718edd9c-5763-4060-b94b-e7b528ec516f,Pengguna Google,Ok....,5,0,2020-07-21 21:46:25
98b48d6a-d5fc-45fc-be73-7ca7409c9d53,Pengguna Google,Bermanfaaat,5,0,2020-07-21 21:42:47
f0824d79-cd10-4711-b861-7122b8346754,Pengguna Google,Bermanfaaat,5,0,2020-07-21 21:23:37
7f18f184-cc95-420b-97e3-d33f8e9d94f0,Pengguna Google,Bagus,5,0,2020-07-21 20:55:47
d687a095-e5b7-4c60-aec6-ab814baed9ed,Pengguna Google,"JAKI adlh aplikasi yg mgkn akn memudahkan ank"" sklh dimas"" pandemi covid 19👍👍",5,1,2020-07-21 20:52:54
91ef2472-b826-4f06-a953-a82b6392f0b5,Pengguna Google,Aplikasi ini sangat membantu dan banyak informasi yg berguna.,3,0,2020-07-21 20:47:57
2408825c-b325-46b8-a5d1-3a0f9e160785,Pengguna Google,Mudah2an berguna bagi banyak orang dan bisa membantu kami dalam proses belajar,5,1,2020-07-21 20:47:20
8dcbf369-2b39-468a-adde-ae252257e519,Pengguna Google,Aplikasi ini sangat membantu tetapi belum 100% akurat..,4,0,2020-07-21 20:28:00
2d699339-f12b-469e-a768-7cd648f2d3b9,Pengguna Google,Bila aplikasi ini mudah dalam penggunaannya dan banyak manfaatnya terutama untuk anak belajar maka silakan di coba aplikasi JaKi ini,5,0,2020-07-21 19:39:01
3a82d227-0460-4c92-bcc6-c9549d419b00,Pengguna Google,"Ini bagaimana ya.. saya cek kesehatan baik2 saja tapi nilainya kok berisiko,,,??",1,0,2020-07-21 19:27:13
ee0a9fee-8a39-46aa-825e-de811314c222,Pengguna Google,"Parah "" Tidak Bisa Di Pergunakan Oleh Perangkat lainnya. Padahal Versi Os 5,1",1,0,2020-07-21 18:17:59
38d86395-347b-4797-8f2b-51e50ba095df,Pengguna Google,"Aplikasi ruwet..keluhan sdh banyak dan tapi call center gak ada..jadi hanya nunggu 1 minggu lagi buat isi, jadi bego deh..sistem bilang A ya berarti A..keluhan tidak ada yg menanggapi😠",1,0,2020-07-21 18:10:47
e6056561-75f7-420f-8aa7-3d8b16fd85b3,Pengguna Google,Ok,5,0,2020-07-21 17:20:43
b02f68f8-4fad-4d4b-bac7-64e52116782f,Pengguna Google,"Nggak ada gejala penyakit, nggak pernah kontak dng pdp, odp, suhu normal 36,2, baru dua hari kemarin rapid test non reaktif, kok hasilnya tidak aman, apa yang menjadi dasar penilaian skor??? Ratingnya langsung jeblog tuh... pada komplain dasar penilaian skor nggak pernah direspond..",1,49,2020-07-21 15:12:05
4225facb-f55c-4fcb-b3d7-9883f4628a2d,Pengguna Google,Bagus sekali . Memudah kan penggunanya,5,1,2020-07-21 15:08:35
ff29fd6d-f2b2-4b84-ae44-cf5eb81d7049,Pengguna Google,Sangat bagus,5,0,2020-07-21 14:47:42
96b2478f-e8e1-4917-b434-16c7edd91eac,Pengguna Google,"Hasil scoring tidak akurat, Rapid test negatif, 2 kali isi data sama, hasilnya bisa beda, 1 aman suruh bikin sikm (ini mending), 1 kategori level rendah tidak suruh PCR namun diusahakan di rumah. Sudah e-mail ke badan yg berwenang gak ditanggepi. Sama kantor JKT suruh balik buat WFO, hampir 5 bulan WFH. Dan jg mw test cpns. Nunggu keajaiban dari Tuhan ajalah.",4,0,2020-07-21 07:12:09
7a185cca-ca6e-4f22-9c9e-c7ab5b3753ee,Pengguna Google,"Aplikasi sangat buruk, banyak keluhan, silahkan cek komentar lain",1,0,2020-07-21 00:16:52
f70efe41-6370-42bf-9745-d8cd71b94054,Pengguna Google,Ga bisa mulai testnya masa???? Aneh,1,0,2020-07-20 19:35:03
7e37faeb-709b-4781-aa8b-84294e141f6b,Pengguna Google,"ketika mengisi CLM, hanya bisa sampai tanggal lahir, mulai jenis kelamin dan selanjutnya tidak bisa. padahal hp saya android 5.1, mohon penjelasan",1,1,2020-07-20 17:19:56
52c86acc-3a48-49b7-89f9-985574f5b0c7,Pengguna Google,Saya mengisi data untuk mendapat SIKM tp dibagian jenis opsi jenis kelamin dan detail alamat tidak keluar pilihan. Bagaimana saya mau mengisi data. Tolong diperbaiki,1,2,2020-07-20 13:35:11
fd11d802-7b9d-49fd-9c8c-23cb8d23c62e,Pengguna Google,Apa apaan masa suhu gw di atas 37 pada hal gw klau stiap naik busway jg di ukur suhu nya itu normal 35..tolong lah kalau kgk tau suhu gw jgn langsung ambil hasil nya tanpa di tes suhu,1,1,2020-07-20 12:06:58
a9f3dac1-f584-4960-a763-ffa2f589f40f,Pengguna Google,"Kita ngisis formulirnya gak sesuai hasil tes broo... Masa sya ngisi suhu 36, 1 hasil cek nya jadi 38 ..aneh",1,0,2020-07-20 11:03:29
e273ce73-2e5d-4bb2-b81e-d94ea9b85e79,Pengguna Google,"Perhitungan yg paling ga logis, jika yg sehat aja hasilnya 38% lalu ini rakyat Indonesia wajib sakit gitu biar hasilnya di atas 50% ?",1,0,2020-07-20 08:56:23
e7eec8ca-902c-4503-8a3d-5412e8d958a0,Pengguna Google,"Aplikasinya meragukan ,, karena semua hasil tes nya sama dengan punya yang lain",1,0,2020-07-20 08:24:55
26fd7526-24cc-4a19-9792-949c4fc695a0,Pengguna Google,Kenapa kok tdk bisa mengisi data diri? Tlg jawab,1,0,2020-07-19 23:26:55
329fd6a3-3b8b-4fad-8cf4-3837161cbd91,Pengguna Google,"Saya baru mau menggunakan aplikasi ini,sy dpt rekomendasi dari teman yg sdh menggunakannya....👍",5,0,2020-07-19 22:02:00
4f8a915a-b7b4-409d-b78a-d80ace6b7157,Pengguna Google,"hasilnya selalu 38,..... %. aplikasi tipu-tipu. parameternya tidak jelas. ujung-ujungnya tetap harus buang duit untuk test. ha-ha-ha..",1,0,2020-07-19 21:14:35
c4ebf838-416e-48c8-b7fd-23de28d4ca84,Pengguna Google,Good App,5,0,2020-07-19 20:20:38
e840766f-d11e-40fe-912b-b6e55596df02,Pengguna Google,Kok hasilnya gak keluar dan cuman sampe loading gak jelas gak tahu sampai kapan akan berakhir loading nya.,1,1,2020-07-19 17:15:52
a376e2e3-7c7d-48f9-9edb-677aebd8c216,Pengguna Google,"Ok coba download dulu, info2 covid yg kekinian, dan terutama untuk buat CLM nya yg saya butuhkan. Skor saya 38 an%.. Apakah semua spt ini?",4,2,2020-07-19 16:48:40
c8b3c03b-6038-4d71-8d91-fe6325d87c13,Pengguna Google,Tolong di perjelas tentang parameter pengukurannya sama diberi penjelasan pada kriteria dan kategori. Tks,5,2,2020-07-19 16:40:58
1d24f32f-0cf9-43da-9c3b-99e96e2dca74,Pengguna Google,Lumayan,3,0,2020-07-19 12:46:49
1264bf68-c0df-4863-809b-619d3ab48386,Pengguna Google,Bagus,5,0,2020-07-19 11:06:52
cf779f3e-f2e5-4caf-907b-5bc3f9911eb4,Pengguna Google,Bagus,5,0,2020-07-19 10:58:18
ede9bf06-5c54-448b-ba10-62c261b952d5,Pengguna Google,Baik,5,0,2020-07-19 09:41:21
977920df-3486-443c-9bf7-c0a47b44ad2b,Pengguna Google,"Appsnya bagus, dan mudah digunakan. Kebetulan lumayan butuh fitur kaya jakpangan. Nice, semoga tambah improve lagi.",5,2,2020-07-19 09:08:54
296acd4e-b022-4f16-ae13-cc986b043127,Pengguna Google,"Kak handphone sy kok pakai aplikasi ini gk bisa diisi jenis kelamin,kota,kewarganegaraan,negara,benua,dan alamatnya padahal android saya sudah versi 5,1 dan koneksinya stabil mohon penjelasaannya, apakah ada cara lain? Misal isi clm melalui website atau yg lain gitu..?",1,98,2020-07-19 09:00:07
111964d9-2d44-4928-8e96-ddfd7f3295d2,Pengguna Google,"Fascinated by JakLapor feature, and really easy to use. Super app for a better Jakarta!",5,0,2020-07-19 08:50:28
e18860f6-6faa-4f8a-b982-c6fbb3d321d3,Pengguna Google,Very good app and JakCLM is useful app for COVID19 self assessment,5,0,2020-07-19 08:28:49
42f24cac-1495-4102-ba43-5501046c6a42,Pengguna Google,Ngaco bener parah....ga kemana2 ga pernah kontak dengan pasien ga pernah sakit ga pernah pergi keluar negeri hasilnya tetep 38% lv1 dan tdk boleh berpergian dirumah aja. Gila mau jadi mayat gw dirumah trus ini udah 3bln rmh di rmh di tambah suruh dirmh lagi. Gila kali ye... Ahhaha kacau dunia persilatan,1,0,2020-07-19 02:25:12
40e88cf2-5625-45a3-a272-99da30a916ae,Pengguna Google,"Saya tidak mengerti apa yang dijadikan sebagai indeks parameter dari aplikasi ini. Saya sudah mengisi data yang sebenar-benarnya dan sejujur-jujurnya. Dan sama sekali tidak menunjukkan bahwa saya terdampak covid ataupun mengalami gejala covid bahkan saya tidak pernah kontak dengan odp,pdp dan bepergian. Tapi mengapa saya dinilai sebagai resiko rendah dengan angka 38% dan dinyatakan untuk tes PCR, bukankah jika resiko rendah itu artinya seharusnya saya bisa mendapatkan SIKM ??? Tlg dijelaskan..",1,35,2020-07-18 21:41:24
a2c09dc4-43a6-43d0-8f90-81f401d918ca,Pengguna Google,Heran orang kok pada ga lolos sih. Saya alhamdulillah 67% bisa pesan tiket donk. 😁🤙,5,0,2020-07-18 21:16:23
2b91be8e-6e04-4506-b686-bf1b065619c0,Pengguna Google,Easy to use,5,0,2020-07-18 19:37:21
90162876-754a-4875-96c7-e5ae9e8c629d,Pengguna Google,Easy to use,5,0,2020-07-18 19:32:54
aaebac1a-bc13-4f71-84e3-808db8e6d380,Pengguna Google,Ada banyak info berita di Jaki,5,0,2020-07-18 19:26:12
6c91382a-e445-40c7-b940-0ac74098b58b,Pengguna Google,👍,5,0,2020-07-18 19:17:43
112b51ea-85fc-4e9d-b4ff-8af5784e7186,Pengguna Google,👍,5,0,2020-07-18 18:34:35
30e86be4-f5a1-4938-a47d-144b7c1d227c,Pengguna Google,Easy to use,5,0,2020-07-18 18:29:59
e7d02781-b2c1-4509-b13c-bb23651a165f,Pengguna Google,Idaparidah,5,0,2020-07-18 18:23:18
61e2fa9d-3bc6-44ac-9f51-9e7500344781,Pengguna Google,Aplikasi ga jelas udh ketauan ga pernah kontak dan hasil tes rapid negativ masak d sini level 1 ..masuk akalnya dmana ???? Tlongg jelaslkan lah ..,1,0,2020-07-18 18:05:27
6b057e74-9e12-4d34-869d-ee3ed187375b,Pengguna Google,Semoga aplikasi ini membawa banyak manfaat,5,0,2020-07-18 18:00:55
31078783-167f-4bcb-955d-b93c7658b1dc,Pengguna Google,Sm bae hasil nya 38% 😂😂😂,1,0,2020-07-18 17:05:27
efd283ed-86ca-439a-8f21-9139d472ce0a,Pengguna Google,Semoga bermanfaat,5,0,2020-07-18 17:04:06
83e6ddb1-b6bd-4d22-ab07-41d245c4b015,Pengguna Google,Nilainya ga pernah bagus..,1,0,2020-07-18 16:52:02
ffdb6b25-db5a-4594-8d9d-0f4b300ee831,Pengguna Google,Easy to use,5,0,2020-07-18 16:29:49
d4a1e8ce-da53-4eb7-97d8-c00ef3a343c2,Pengguna Google,Aplikasi nggak berkopeten blass....,1,0,2020-07-18 15:44:48
1ed3d221-0462-4f3f-b751-83ba746e1570,Pengguna Google,Easy to use,5,0,2020-07-18 15:11:11
50ee327d-34ae-4a0d-a49d-db2e3fd94da6,Pengguna Google,"User friendly, easy to use... Keep on the good work... 👍🏻",4,0,2020-07-18 14:59:33
dcade87b-9fb7-4e4e-ac37-29a4428c2dd2,Pengguna Google,Coba dulu,3,0,2020-07-18 14:44:43
b9d430a9-5440-49cd-b845-ffda34a46b2d,Pengguna Google,Gak jelas infonya...,1,0,2020-07-18 14:42:32
a1bd2a8a-f8f1-420a-8a13-2279e421fdad,Pengguna Google,Easy tobuse,5,0,2020-07-18 14:04:11
b7d4b9df-960e-4df3-a821-849c04259973,Pengguna Google,Tolong di perbaiki lagi tentang aplikasi ini. Orang sehat koq di suruh sakit..,1,0,2020-07-18 13:20:28
54245adb-7ecf-4345-b86d-aef081f78d84,Pengguna Google,Easy to use and interface user friendly,5,0,2020-07-18 13:13:15
f029f3d3-1df8-451e-91cd-197fa15975ea,Pengguna Google,"Aplikasi ini menurut ku di tujukan hanya untuk yg ber KTP jakarta saja, mau gmna pun kita pilih parameter nya tidak pernah kontak, tidak pernah keluar, bukan medis jga dan segala macemnya, selama dia ber KTP non JKT, akan dinyatakan beresiko, atau di paksa secara halus ga ke Jkt.",2,21,2020-07-18 12:44:48
165f1f9e-5df1-4e3d-ae6a-71bf06b7a00d,Pengguna Google,Allhamdulilah aminnn,5,0,2020-07-18 12:20:27
de4f6069-13cf-450b-b79f-3a8158c78a99,Pengguna Google,"Mantap, terimakasih yaaa. Bermanfaat sekali!",5,1,2020-07-18 11:46:41
e8b40819-b11f-4e1e-abe0-f1995e89900d,Pengguna Google,"Gimana sih...suruh isi jenis kelamin, eh kolomnya ga bisa diklik....jd ga bisa tes. Ini aplikasi gimana seh???",1,0,2020-07-18 10:47:05
e9cf055d-58d7-46d8-8f52-63d0863e6012,Pengguna Google,"Tolong yg komen jelek dipikirkan lagi. Hasil test 38% itu merupakan resiko rendah, mksdnya boleh melakukan perjalanan. Lebih tinggi lebih jelek dan harus PCR.",5,6,2020-07-18 10:26:06
b62ef565-6526-4cc4-a788-759dd12a0d2a,Pengguna Google,"Yg bkin Apps kyknya ga prnah skit kpla ya dlm 14 hri trakhir, which is nmanya skt kpla itu normal bgt. Apalgi bwt cwk yg pramens. Dah gt hrsnya bhsa Apps ga mlti tfsir. Ada klnder di sblm gjla skit kpla (psti org bpkir kpn skit kplanya), gw plih tgl 15 (skt kplanya tgl itu doang dn hnya 2 jam), eh resultnya SAKIT KPLA SEJAK TGL 15. Hrus isolasu mandiri.. 😭 SEJAK doong.. yakalii skit kpla 3hr 3 mlm. GA JELAS bgt ini Apps, coba pake bhsa yg bener.",1,0,2020-07-18 10:24:52
d77b6a67-03f9-4125-af63-17be04916cd4,Pengguna Google,Good,5,0,2020-07-18 09:56:13
dea47c88-687a-433e-9db1-173a3631e69e,Pengguna Google,"Bagus,sangat membantu .penyelesaian diwilayah cepat direspon",5,0,2020-07-18 08:32:30
52a62d20-bb62-4404-931a-b98a0a57aca1,Pengguna Google,Pengen lapor susah banget fotonya harus ada tag lokasinya.,1,0,2020-07-18 08:15:22
835eed79-9974-4386-8f03-afa2975f39d6,Pengguna Google,Good!,5,0,2020-07-18 07:17:37
09ec7b13-f765-4545-b20c-26a2855fd15f,Pengguna Google,"Hasil test 38,37 masuk kategori level 1 dgn kriteria ""Resiko rendah"", Berarti memiliki resiko rendah utk beraktivitas di luar rumah. Boleh bepergian tetapi disarankan tetap di rumah. Test sangat sederhana hanya butuh kejujuran.Tks.",5,16,2020-07-18 06:16:12
cf60084b-5154-43c4-b60d-fa7c3d84f854,Pengguna Google,Aplikasi ga jelas..... Di isi tidak aman....mendingan tutup aja akses ke jakarta dri pda di persulit kaya gni,1,0,2020-07-18 02:03:20
58677f47-b39f-4b8d-93db-c974000923bc,Pengguna Google,Feeling goood,5,0,2020-07-17 23:58:57
1c32a5d5-086f-421e-b0e1-d54ae1939937,Pengguna Google,Sangat membantu,5,0,2020-07-17 23:02:47
30cf134a-81ae-4f65-b87b-d2d03c60f87a,Pengguna Google,Membantu dalam permasalahan lingkungan,5,0,2020-07-17 22:23:01
99ebb982-5367-43b0-ac61-cd5a79e94691,Pengguna Google,"thats great app, bagus banget pokoknya i lke it and i love this app",5,0,2020-07-17 22:11:10
44d9dc36-442f-4cbd-9d18-9a41ca6cc0a7,Pengguna Google,Good,5,0,2020-07-17 21:07:48
e0ff735e-57e0-4930-a26d-214a23658231,Pengguna Google,Gak bisa diisi persetujuannya dan bisa terhitung akurat gak nya dari mana?,2,0,2020-07-17 21:03:11
1b0050e1-d655-4be1-a615-e4c6f00437da,Pengguna Google,Useful,4,0,2020-07-17 20:37:21
91b970c9-45d9-4b2a-a89f-ca2cb35b96af,Pengguna Google,Good application,5,0,2020-07-17 20:23:58
7d5fcbb1-4843-473d-a772-29e9db577f71,Pengguna Google,Very helpful 👍,5,0,2020-07-17 20:18:40
0be5857b-24f3-4601-b034-713ca0a139d6,Pengguna Google,Disiplin penggunaan masker dan sosial difinsing,5,1,2020-07-17 20:10:14
ddf29a29-d7db-49e7-b765-bf9d91fdf00c,Pengguna Google,😭😭,1,0,2020-07-17 20:04:35
006ee77b-f93b-4b36-a178-635508cf9aba,Pengguna Google,Friendly,5,0,2020-07-17 20:02:44
92cd5e50-fd51-4622-8342-d38880e6af53,Pengguna Google,Enjoy,5,0,2020-07-17 19:48:32
81f04992-21c2-436b-9735-2e44d4e95a9a,Pengguna Google,Membantu,5,0,2020-07-17 19:42:28
6ae3c0f9-2b08-47c3-80bc-fea40e325209,Pengguna Google,"Nice app, useful",5,0,2020-07-17 19:31:01
f59fbd1c-411e-41cd-8a88-1ff83453da8c,Pengguna Google,"Tidak bisa digunakan lebih dari satu orang/pemilik akun. Bagaimana jika dalam satu keluarga misalnya hanya mempunyai akses internet mengandalkan satu android. Dan ingin bepergian keluar kota karena urusan penting dan memdadak. Contoh: suami bisa,istri bisa, Terus anak-anak dibawah umur. Apakah harus memakai aplikasi ini juga...? Atau bolehkah dalam satu aplikasi bisa dipakai beberapa akun, seperti anak dan istri yg tidak menggunakan android.",1,292,2020-07-17 19:23:03
5542101e-0875-4f2c-9734-1c60f7215b25,Pengguna Google,"Nice, sangat membantu",5,0,2020-07-17 19:20:17
b7d97570-4833-4e3b-aaa6-533fee3a9ae4,Pengguna Google,Useful,5,0,2020-07-17 19:18:57
c808ac52-b385-4f6b-ba5c-9ed2829ea526,Pengguna Google,Nice apps,5,0,2020-07-17 19:12:58
32ea47e2-5033-4d00-a936-68abae87317f,Pengguna Google,Kerennnn aplikasinya gak org jakarta aja yg bisa pke tp diluar jakarta juga bisa,5,0,2020-07-17 18:32:59
830fad45-160e-40f9-b781-344a07bf7212,Pengguna Google,"Gw sendiri make sih jaki ini,.. dan emang ada fitur baru yg nama nya clm, tapi menurut gw jaki gak cuma clm aja sih... Dan gw pernah buktiin buat laporan hasil nya sangat memuaskan, jd meskipun beberapa orang hanya tau jaki untuk clm,.. menurut gw jaki dah ada sejak sebelum korona datang dan jaki bener"" bikin gw gampang untuk lapor masalah dan pengecekan harga pangan di pasar, janga patah semangat yg developer jaki saya yakin kalian persembahkan untuk Jakarta yg lebih baik sukses terus",5,4,2020-07-17 18:32:36
283db56c-d4a8-40ad-8603-00850917f9db,Pengguna Google,Dengan ada nya JAKI ini lumayan sedikit meringankan kerjaan dan nambah wawasan juga..tapi terkadang sedikit ribet juga penggunaan nya.. Inti nya terbantu lah....,3,1,2020-07-17 18:27:05
ce72f217-de39-4b1a-9e49-96351bcaacaf,Pengguna Google,"Jelas meragukan,, hampir semua yg mengisi data dengan benar, tidak ada indikasi ataupun gejala covid tp hasilnya hampir semua sama ya itu 38,dan tidak d perkenankan beraktifitas d luar. Lalu apa gunanya aplikasi ini, kalau kita sudah mengisi data dengan benar tp hasilnya sama aja, suruh tes ke rumah sakit/dokter. Itu acuannya dari mana coba???",2,57,2020-07-17 18:02:24
d230240f-bac5-444b-9df4-d2e934a29113,Pengguna Google,Aplikasinya bagus banyak manfaatnya dan mudah sekali penggunaannya.,5,1,2020-07-17 18:01:28
85a1737d-584c-4934-becb-ef2bbea28b7b,Pengguna Google,Bagus,5,0,2020-07-17 17:49:32
f87bf5b4-e8e8-497a-8227-24f8c9280105,Pengguna Google,Keren,5,0,2020-07-17 17:30:41
cc782c3b-3991-40d1-b0ea-4b410b099d78,Pengguna Google,Bagus,5,0,2020-07-17 17:11:45
31c50342-6c39-4027-9e1e-f9799fc122fa,Pengguna Google,Friendly,5,0,2020-07-17 16:55:40
a8e399b8-dd3b-4145-a144-75d3a65d3d9f,Pengguna Google,Easy to use,5,0,2020-07-17 16:55:25
6ffe0d92-7126-4447-9726-e14951c1dc65,Pengguna Google,Easy to use,5,0,2020-07-17 16:51:07
43fa282a-d70c-4680-a87f-d0a7fa03fd14,Pengguna Google,Mantap.. semoga lebih baik lagi👍,5,0,2020-07-17 16:40:46
594eb3da-6bd1-4c87-b356-92a3a81af8b8,Pengguna Google,Easy used,5,0,2020-07-17 16:32:48
e42a7371-9fef-4737-bd2f-c98b6cb2c140,Pengguna Google,"Tolong dibetulin akurasinnya, pake dikit dong otaknya, kasihan yg bener"" butuh berpergian, kondisi sehat tp hasil tes ngawur dibilang tidak aman, dari ulasan yg saya baca hasil clm rata"" 38 lebih, tidak ada yg aman, bener"" keterlaluan, tolong jangan membodohi rakyat, situ kami yang gaji, jangan merugikan, kita"" juga gaa mau dalam keadaan pandemi, makasih perhatiannya",1,86,2020-07-17 16:31:22
7ec43bcf-23de-4410-a581-b6ff1055841b,Pengguna Google,"Recomended 😘 sebagai warga Jakarta baru tau ada aplikasi sebagus ini. Awesome! Easy to use, paket kumplit terbantu banget.",5,0,2020-07-17 16:13:27
2615ddbd-46c6-4468-aad0-2692430576f1,Pengguna Google,Ini maksudnya hasil tes dengan resiko rendah maksudnya gimana yaa? Kurang paham saya,1,0,2020-07-17 16:06:01
34830939-3a1d-4a10-8b1a-b2ea2696d175,Pengguna Google,Uwow keren...makin yahud jaki aplikasi dengan berbagai informasi bagi warga jekartah yg akuh cintah...,5,1,2020-07-17 15:55:21
7b1371ba-24a0-4c2f-8c9a-c78b8d96bc0a,Pengguna Google,Aplikasi ngaco,1,0,2020-07-17 14:08:56
7fcd4a15-884a-42dd-a391-a3967aea891d,Pengguna Google,Aplikasi JakCLM gak berguna. Diisi jujur pun dianggap tidak aman 38% saja. Bilang aja cuman lihat dari NIK. Ya nggak akurat lah,1,89,2020-07-17 13:00:55
f978c275-aaaa-4866-8561-1b45695274e7,Pengguna Google,"Untuk mengatasi permasalahan di Jakarta, aplikasi ini bisa diandalkan. Meskipun masih ada sedikit kekurangan di beberapa fitur. But overall, this is a very useful app. Keep up the good work!",5,1,2020-07-17 10:47:17
2be01b13-6c7e-4fab-8c4d-95d3d0ec951b,Pengguna Google,Aplikasinya sangat mobile friendly terutama pas ngelakuin asesment lewat fitur jak clm keren banget ini emang aplikasi,5,1,2020-07-17 10:25:40
e75fb4dd-060e-4ecb-b230-bb3eccaf8d7a,Pengguna Google,"Keren sih, untuk sekelas pemprov bisa buat aplikasi yang gak kalah keren dengan aplikasi milik startup yang populer. Aplikasinya user friendly, good UI/UX design , answering citizens need. Good job for developer you are the best.",5,1,2020-07-17 09:57:34
ddc0ad5e-a6b0-42e8-9dec-389ead47525d,Pengguna Google,Mudah di gunakan dan sangat membantu adanya aplikasi ini. Kerenn,5,0,2020-07-17 09:57:28
a0921554-6fef-4df3-a343-f825c918d0b3,Pengguna Google,Terima kasih Pemprov DKI! Saya bisa periksa diri sendiri menggunakan JakCLM. Puji Tuhan saya masuk kategori aman. Gak nyesel deh buat download aplikasi ini. Usefull parah!,5,0,2020-07-17 09:45:04
83bc00f8-43af-4357-9640-a1742ba232ba,Pengguna Google,Aplikasi usefull... Maju terus pemprov DKI!,5,0,2020-07-17 09:43:41
bd56140a-5536-4b19-9c95-22df148ee046,Pengguna Google,"Min, knapa tidak bisa pilih jenis kelamin y? Baru d tahap awal isi identitas diri saja sudah ga bisa. Jaringan internet saya stabil kok. Saya sehat dan tidak pernah berhubungan dgn yg pasien covid. Kenapa statusnya tidak aman y? Salah nya dmn y",2,4,2020-07-17 09:29:45
42930896-5504-4cca-8e79-fb74f6230e17,Pengguna Google,Sehat dan ga pernah kontak dengan pasien covid ko di bilang beresiko,1,0,2020-07-17 08:50:37
e8a18907-5412-4511-9941-d74204bae325,Pengguna Google,"sudah isi dengan sejujurnya dan tidak ada gejala atau pun kontak dengan pdp atau odp masih aja belum bisa. sudah rapidtest juga dan hasil nya non-reaktif, aneh bgt. mending sikm deh.",1,2,2020-07-17 08:43:41
1f29f33f-1881-4ec2-a804-0a822e0db898,Pengguna Google,"Aplikasi apaan, gak usah didownload & ikut tes, ujung ujungnya disuruh tetap dirumah aja.",1,0,2020-07-17 07:46:42
74a93adf-1c88-4b5b-afe2-d8b3a10cb4d2,Pengguna Google,"Kalo belom siap bikin survey dan masih coba2 mending buat internal aja dulu, biar duit pajak ga sia2 bayar lu orang pada bikin aplikasinya.",1,0,2020-07-17 06:51:57
4c73e469-b57a-472d-a0a1-688c34422103,Pengguna Google,Ga bs isi aplikasi,1,0,2020-07-17 04:40:26
7735a206-474d-41a1-92f3-74ab1d001bd2,Pengguna Google,"Tolong kepada pemprov.. dikaji kembali aplikasi ini.. hasil tes saya sangat mengecewakan, hasil tes inijangan dijadikan parameter orang yg terpapar virus atau tidak, di zaman yg sulit ini jangan mempersulit masyarakat, saya yakin ribuan orang disana akan mengeluh, berikan lah kebijakan disertai solusi yg meringankan beban masyarakat, karena walau bagaimanapun masyarakat harus tetap beraktivitas, bekerja menafkahi keluarga nya..",1,31,2020-07-17 04:22:15
d9c80cfc-0342-40c8-a4be-2620a063d1c3,Pengguna Google,"coba bayangin keluarga anda sakit di kampung dan harus pulang dengan segera,terus pake CLM ini dan tidak ada gelaja apa-apa tapi dinyatakan TIDAK AMAN oleh aplikasi,masa harus nunggu seminggu lagi,satu minggu itu ga sebentar. Ga rekomended nih aplikasi,percuma,malah bikin pusing org yg mau buru2.",1,21,2020-07-17 01:55:28
f9b1278c-7daa-457c-bdf4-cb74b6ba16bc,Pengguna Google,"Ini aplikasi tidak berguna, saya tidak ada gejala apa-apa, tidak pernah keluar rumah, suhu normal, tidak pernah berinteraksi dengan odp/pdp tetapi di nyatakan tidak aman. Kalkulasinya bagaimana?",1,10,2020-07-17 01:18:38
ef565624-7cab-4425-bff1-b1a12fc51142,Pengguna Google,"melihat hasil test dan ulasan yang ada diaplikasi ini, sungguh sangat tidak membantu, saya harus cepat meurus surat untuk pergi keluar kota dikarenakan ada pekerjaan, tetapi ini malah membuat kendala sekali setelah kebijakan SIKM berubah harus dengan CLM setelah pengisian data hasilnya tidak diizinkan dan menerangkan tidak aman.. padahal saya sesuai dengan apa yg saya alami dan rasakan, bahkan saya sudah rapid test dinyatakan negatif.. tolong beri petunjuk untuk kami manusia biasa..",1,0,2020-07-17 00:19:44
3586f672-6f9d-4816-9b26-54e12e7d0b64,Pengguna Google,"Sampah wkwkwk, ga jelas nih aplikasi 🤣",1,0,2020-07-17 00:04:14
0d535fe8-cd08-472a-a0bf-8bf504f6885f,Pengguna Google,"Gk jelass...tanggal 14 tes...suhu 3,5...tanggal 16 isi fom tes di aplikasi ini...contak ama siapa gk pernah..masak GAK AMAN hasilnya..🤣🤣🤣..apl sampahh.....",1,0,2020-07-16 23:50:21
282ef35a-8f75-4d45-a525-0871cb197bf0,Pengguna Google,"Apl gajelas tidak ada gejala, hanya karena tinggal di Jakarta dan ktp jawa tengah dinyatakan tidak aman Ga guna ni, sangat bias",1,1,2020-07-16 23:39:55
77678b9c-7aad-43a9-b45c-b7dd86c8d788,Pengguna Google,"Hasil JakCLM maksimal 38,5% alias pasti gk di izinin wkwkwkw,, yang bikin aplikasinya gk punya logic",1,0,2020-07-16 23:29:47
50dc8146-9e01-470f-a620-2ba1816aae76,Pengguna Google,"App Tidak berguna aamata tes jujur tetap saja skor 3.5 apaan ini...setiap hari saya tes suhi badan ,,setiap menit saya cuci tangan pakai handsanitizer. Di kerjaan masa tidak aman zona saya zona hijau bosss rawaterate cek ajaaa bosss",1,4,2020-07-16 22:39:46
7ac392f4-2cd6-4971-8a3e-e2f8284431a3,Pengguna Google,"Aplikasi apaan ini ada"" aja gk pernah kontak fisik sama yg positif gk pernah nanganin yg pdp malah di bilang ""anda tidak aman"" jgn di jadikan mainan yg kaya gini tolong,kasian warga nya,klo pun kita di suruh di rmh siapa yg ngasih kita makan?siapa yg bayar kontrakan,cicilan segala macem? #pejuangrupiah #kickoutcorona",1,9,2020-07-16 22:20:19
565167c9-5668-4afb-bd33-2deaa169bbba,Pengguna Google,Padahal saya kerja di jakarta. Hanya ktp saya jawa timur. Eh kok tidak aman. Piye to iki,1,0,2020-07-16 21:47:11
80893330-5517-442e-8d76-7355d839a57d,Pengguna Google,"Ayo tingkatkan lagi, masih belum ""PAS""",1,0,2020-07-16 21:34:12
3b30c74f-e3b7-4a87-b4b4-febf7ac36e27,Pengguna Google,"Goblokkk sampah gw abis tes swap yang Mahal itu hasilnya negatif terus dirumah aja gak Ada gejala pas ngisi di survei disarankan buat tidak bepergian, ujung ujungnya pencurian data yang legal nih aplikasi",1,0,2020-07-16 21:00:32
aa371035-cdb9-4a60-8362-049572d1db54,Pengguna Google,"Sy dari sulteng udah kejebak di jkrta dari bln 3 mau balik k sulteng akhir bulan, selama 3 bln hanya di dlm apartemen dan g ada kontak dengan pasien covid coba ikut tes ini biar bisa pulang k sulteng tapi hasil tes malah Tidak Wajib kemana mana g bisa kmn d rumah aja, gw udah kehabisan duit g ada krjaan gw mau balik k kampung gw wooyy.. Aplikasi membunuh",2,3,2020-07-16 20:37:04
57841db9-fff5-4bc1-8fba-9f42ae3059dc,Pengguna Google,Ciba duly Batu komen,5,0,2020-07-16 20:12:31
1ddcfb59-7119-46b0-b7da-eabc3324ba07,Pengguna Google,Rata rata deri review app ini perlu peningkatan karena masih tidak relevan.,1,0,2020-07-16 20:07:47
c4749e95-340c-493b-895b-151101c6c371,Pengguna Google,"Aplikasi ga jelas, survey ga akurat",1,1,2020-07-16 19:30:10
565d131b-1541-4c35-99e9-ccf017aac0cd,Pengguna Google,Ini aplikasi gmn sih masa mau ketik jenis kelamin dll ga bisa2🙏🙏,1,0,2020-07-16 19:21:36
eb29d550-fdfe-4bb4-b668-d25a3404cb7a,Pengguna Google,banyak mau,1,0,2020-07-16 19:18:36
7b0cf75c-0ebe-413c-83f2-fabd7fa58e27,Pengguna Google,"JakCLM nggk ngerti siapa yg buat APP ini, tujuan nya apa juga kurang paham,, kalo dalam kurun waktu 14 hari kebelakang tidak prnh kmn2 tdk prnh sakit atau pun kontak langsung dgn pasien COVID atau OTG masak iya diksh nilai 38 🤣🤣, klo kita isi pertnyaan yg dberikan sesuai apa yg kita alami kita dinytakan tidak aman untuk bepergian keluar masuk JKT, apkah harus menjawab iya semua baru dpt nilai 100 kali yaa. org mau jwb bukan malah dpt informasi malah jadi takut.",1,20,2020-07-16 19:15:38
e8ad26c6-b4e5-4070-b98e-725dc4b4184e,Pengguna Google,"Fix ini aplikasinya udah positif Corona... Aplikasi sakit, apa yg seting sistemnya yang gak waras??",1,0,2020-07-16 18:41:33
8f313f51-acd1-4f62-b547-45403d549898,Pengguna Google,Padahal gw udah isi pertanyaan yg sesuai dan gw sehat2 aja. Tpi malah dinyatakan tidak aman. Ini aplikasi kaya mengada Ngada deh. 😂😂😂😂,1,1,2020-07-16 18:40:26
cf5e09ef-916d-4588-94dc-1098fc054994,Pengguna Google,"Hampir semua komentar CLM mendapatkan skor 38 padahal kondisi sehat.. ternyata pas saya coba sendiri hasilnya sama.. padahal kondisi saya bukan odp,pdp,dll tidak pernah bepergian, tidak pernah kontak dengan pasien. Tolong diperbaiki.. buat aplikasi yg bermanfaat.",1,39,2020-07-16 18:30:04
3b46e5ce-9969-476a-87c5-534e3b147a09,Pengguna Google,"Aplikasi gak jls !!! Maksud nya apa nih pemerintah ? Masa saya gak aman untuk pergi ke jakarta padhal udah saya isi pertanyan dengan sejujur jujur nya !!!!, sangat tidak membantu aplikasi ini !!!",1,22,2020-07-16 18:18:14
5a639d35-39cc-4171-be91-7ced416fa6c1,Pengguna Google,"Apa2an ga pernah pergi2, ga prnah kontak sama PDP, suhu 35,7 °C, ga sakit, eh skornya kecil banget, apa iya harus di isi kontak sama penderita Covid & sering bepergian biar hasilnya bagus? Hmmm, salah progam kalik nih min",1,6,2020-07-16 17:48:56
0c256341-a3bf-46a5-86c7-d98c3bed4d3f,Pengguna Google,Aplikasi palsu penipuan semua,1,0,2020-07-16 17:37:02
1632bba2-3e1a-46cd-b902-bca2c1eb4202,Pengguna Google,Sy kan isi smua pertanyaan tp slh tulis tanggal lahir nah dsitu kaga bs lg dperbaiki/dpembaharui gmne donk,2,0,2020-07-16 17:32:16
3716faff-27e3-4dbb-9984-7842c0b26dab,Pengguna Google,"Error nih kolom pengisian untuk kabupaten dll masa ga keluar pilihan nya, pas saya coba hp lain dan pinjam hp ade saya tetap sama error tolong lah di perbaiki apk nya.. gimana sih",1,1,2020-07-16 17:16:32
2286a20d-7809-4151-92f9-b3f33ffb095a,Pengguna Google,"Sangat mengecewakan saya selama covid19 nggak pernah pergi2..tidak pernah ketemu pdp,odp..ikut tes hasilnya TIDAK AMAN..tidak amannya dari mana?",1,0,2020-07-16 17:16:22
3b81ebc8-6007-4aaa-9a2d-2ea07a8200f4,Pengguna Google,"Suhu 36.0, tidak pernah kontak dgn pasien Positif,Suspek,PDP & ODP, tdk pernah bepergian kmnpun slama 4bln terkahir, tdk pernah merasakan sakit dan gejala yg di cantumkan di tes, kok hasil tes 38% dan tdk boleh pergi kmn"". Aplikasi CLM sungguh luar biasa tak berguna. Mending skalian aja terapin PSBB lagi, di larang"" keluar masuk JKT knp harus malu"" membuat aturan demi kebaikan drpd jaim"" membuat aplikasi tes CLM sprti itu. Intinya sama aja melarang keluar masuk JKT.",1,42,2020-07-16 16:38:04
61c0a775-cd13-4573-aefa-1838d5133de2,Pengguna Google,"Hadeh sudah download dan ikutin petunjuk CLM sesuai kondisi dengan jujur tp skor 38% dan dinyatakan tidak bisa bepergian,,,,!-aplikasi gak guna,masih layak main Hago/game online skornya jujur.",1,6,2020-07-16 15:49:58
7aadb974-0a9a-4d5b-889e-9e3abfcb1cdd,Pengguna Google,"Ga mutu, ini aplikasi...",1,0,2020-07-16 15:49:13
2cc36fb0-6b55-444b-b8b1-f64452833d1a,Pengguna Google,Aplikasi bangsat mau cari keuntungan sendri ajah Jangan download aplikasi ini penipuan,1,0,2020-07-16 15:34:00
7e36ecc0-e084-412c-8f35-4a9d9ae9cca1,Pengguna Google,Jelek,1,0,2020-07-16 15:26:57
2f3f089a-1639-46e9-9e65-2f1f99d85ee3,Pengguna Google,Parameter penilaian nya gimana nih? Saya tidak keluar selama 14 hari masak dikatakan tidak boleh berpergian? Prosentase yg saya dapat 38% nan. Padahal saya tidak mempunyai riwayat penyakit untuk saat ini. Tolong parameter penilaian nya lebih jelas dan transparan!,1,24,2020-07-16 15:04:04
edac352b-36fd-46fb-914f-ba780c6f5123,Pengguna Google,"Aplikasi sampah,, seenaknya aj vonis orng tidak aman tanpa dilakukan tes yg real.. asuuu emng hapus aja app ini tai",1,0,2020-07-16 14:49:48
7b1c37be-5971-4c3b-94e5-4c1f9aee1dd9,Pengguna Google,ERROR SELALU,1,0,2020-07-16 14:29:04
748bb7f6-199f-4cf2-a344-3e1b0c97f6c7,Pengguna Google,APLIKASI TOLOL ANJING,1,0,2020-07-16 14:27:58
d493f33a-05bb-42e3-927a-dad611b07b60,Pengguna Google,"Sangat buruk. Saya tidak pernah kontak dengan pasien positif covid, keluar rumah juga jarang banget. Masa hasil tes 38%. Tolong dibenahi aplikasinya, sangat kecewa :(",1,7,2020-07-16 14:25:11
b47b3770-575e-4b2d-ac84-f9ea9cdfd3e9,Pengguna Google,Aplikasi gajelass,1,0,2020-07-16 13:54:58
55912c2c-6686-4614-9b42-93031d8bab12,Pengguna Google,Tes CLM kok skor 38. Gaje bgt. Ga akurat njir,1,0,2020-07-16 13:45:19
d1df6d1b-5665-4c0d-9c42-9ef7883f6992,Pengguna Google,Good,4,0,2020-07-16 13:32:02
761aa566-31e6-4cbc-846e-383c66538fbc,Pengguna Google,Nyesel gw isi test eh lihat isi hasil komen playstore tidak aman semua wkwkkw,1,0,2020-07-16 13:12:46
1f6db5e3-e29f-41bc-8a0e-28852baad292,Pengguna Google,"Aplikasi apaan nih, masa ngisi alamat segala macem ga bisa, perbaikin dulu baru gua kasih bintang 5",1,0,2020-07-16 13:11:09
787b6240-67a5-4633-9002-169b387d40ad,Pengguna Google,Mudah2an bermanfaat bagi yg ingin keluar masuk jakarta,5,0,2020-07-16 13:07:12
aa3c8dd9-a794-4c66-849e-ea5829b64629,Pengguna Google,gua kagak bisa ikut test sudah isi setuju dan nama kok gak ada tulisan ikut tes sih. hasil nya cuma ada tombol balik lg dlm arti gak bisa lanjutin test,1,1,2020-07-16 13:04:28
64c52a91-a874-4386-93ab-dbc30f60ca40,Pengguna Google,Aplikasi gak jelas.. gada gejala tapi tidak aman pergi dasarnya apa,1,0,2020-07-16 12:54:02
0e4c6ca5-cc6f-4cf3-a2a6-2f7ee5e5d2aa,Pengguna Google,Kolom jenis kelamin gak bs di isi !,1,0,2020-07-16 12:50:22
69375f60-9980-4b62-9a16-fe1924e2f76c,Pengguna Google,"Aplikasi ini sebenarnya dibuat untuk tujuan baik, sayangnya setelah saya isi sesuai kondisi yg saya alami yaitu suhu tubuh normal 36 dan tidak pernah kontak dengan pasien ODP atau PDP, tidak ada keluhan kesehatan tapi hasilnya tidak aman dengan skor 38,5 kan aneh. Atau aplikasi ini hanya digunakan untuk mengumpulkan data diri kita?? Akan sangat disayangkan jika aplikasi ini hanya akan menjadi sampah jika tidak benar benar diperbaiki terutama hasil yg telah kita isi sesuai yg kita alami.",1,99,2020-07-16 12:40:39
7e2b7766-8e42-40d8-998c-dd9d63fd86f2,Pengguna Google,parameter tidak sesuai dengan keadaan dilapangan,1,0,2020-07-16 12:40:08
1504e329-4685-43ab-b9d5-8ff5362aef45,Pengguna Google,"Ini aplikasi apa,orang butuh pergi bukan buat main2,anak saya sakit kebocoran jantung usia 5 bulan skrg di solo di rmh mertua udah 4 bulan GK jumpa Agustus mau jadwal ECO pengobatan anak.uang pun pas2an mau test rapid uang sgtu skrg berasa gede.kok ini mempersulit,orang di rmh di bilang GK aman.ya org yg berduit apa segala bisa.,ini yg harus naik kereta Krn mengejar tiket murah di malah aneh2in aja.",1,10,2020-07-16 12:31:40
26bffe4a-0217-4966-a29d-b5b389bdc163,Pengguna Google,"Aplikasi Mencari Untung Jangan Download , Boikot Aplikasi ini!",1,0,2020-07-16 12:25:24
026b0df4-5754-4e52-a7a6-010356db0766,Pengguna Google,"Parah, jawaban yang jujur n g pernah kmn2 malah dsebut TIDAK AMAN. Aplikasi ini parameternya apa ? Ora jelas pisan",1,2,2020-07-16 12:21:02
1843f379-5281-4f19-8dc7-c2aa65a589cb,Pengguna Google,"Ini Aplikasi pegimana ya?terus patokannya apa kok ngasih skor 38%???padahal cek suhu setiap hari,tidaj pernah kontak dg OTG/PDP dll...""SKOR ANDA 38%,TIDAK AMAN""",1,7,2020-07-16 12:20:01
de9a5ab8-829e-47a5-acbb-d7f24effaf27,Pengguna Google,Aplikasi taii,1,0,2020-07-16 12:00:13
a47c1cb3-743d-4f6e-bbdf-565d8c6e0214,Pengguna Google,"Tolong di Update lagi, agar Hasil Test bisa disimpan otomatis didalam aplikasinya agar sewaktu-waktu bisa didownload kembali, sewaktu tadi hendak akan di download jaringan server hp bermasalah, kemudian di closed, pas masuk aplikasi CLM hasil Testnya sudah tidak ada, padahal tadinya ingin saya simpan. Pas mau ikut test kembali malah tidak bs, dan suruh tunggu sampai tanggal 23.",3,9,2020-07-16 11:57:18
53ba3d58-135c-4197-93ac-abc804945369,Pengguna Google,"mohon penjelasanya, saya membaca ulasan"" yang dibawah rata rata dapat nilai skor 38. Saya juga mencoba nilainya sama. Develop JAKI, mohon diperbaiki lagi aplikasinya, saya ikut rapid tes hasil negatif, karantina mandiri 2 minggu, selama 4 bulan saya cuma ada dirumah. Apakah JAKI ini lebih akurat dari tes medis sehingga bisa langsung menerka orang Tidak Aman untuk bepergian ke DKI berdasar survey dari developer JAKI?",2,155,2020-07-16 11:56:52
953d1999-2420-407f-952e-ddb80142fb3b,Pengguna Google,KAGA DANTAAAA,1,0,2020-07-16 11:45:49
8bde8025-0c1f-4880-a127-9e6757c7973d,Pengguna Google,"Tidak sakit dan tidak mendapatkan gejala, menjalani protokol dan lain lain nilai 38,7 dan tidak layak bepergian .. aplikasi super super sampah. Buang buang anggaran saja pemerintah buat aplikasi kaya gini",1,8,2020-07-16 11:44:04
e81b4ad5-f491-426e-b202-1c07d4c9d1a7,Pengguna Google,Tidak kredibel sama sekali,1,1,2020-07-16 11:41:10
6e2dc534-40df-429c-af3d-31054ab3dc7c,Pengguna Google,"Aplikasi yang sangat buruk, penilaian CLM tidak jelas",1,0,2020-07-16 11:32:57
72e64fef-e84f-4454-a156-eeb9a862aa98,Pengguna Google,"Lucu juga ni aplikasi, parameter penilaian dari apa ya? Sy sdh coba isi kolom dgn jujur dan terbaik, tapi nilai cuma 38,.... Dan di nyatakan tidak aman utk bepergian",1,3,2020-07-16 11:28:50
8e7dae00-be2c-4ce9-93c6-75ec5ae82dfb,Pengguna Google,Aplikasi ga jelas. Padahal udah diisi jujur tapi tetep aja hasilnya ga aman buat ke luar kota. Kalau gitu ga usah ada nih aplikasi habisin anggaran APBD aja.,1,2,2020-07-16 11:28:33
67cc7bb7-678c-4aec-ad36-abaf7c315aab,Pengguna Google,Sangat membantu,5,0,2020-07-16 11:18:11
991ac06a-df6c-4392-8be4-ac66e2955322,Pengguna Google,Sangat mengecewakan,1,0,2020-07-16 11:11:21
3d9d4421-1c4f-4096-8b48-d9a3a5af486f,Pengguna Google,"Koq aneh ya cuman dpt 38,7 % saya sehat loh...berdasarkan apa anda bilang saya tidak aman. Apakah harus kita tinggal di atas gunung agar dpt zona hijau",1,2,2020-07-16 10:51:17
b9468387-9d20-441c-a832-fae3cb5c1089,Pengguna Google,Ini mah aplikasi buat cri duit pemrov suruh download gak ada test cuma berdasarkan isi data gak ada gejala gak ada kontak dinyatakan tidak aman,1,0,2020-07-16 10:46:59
0fa18a66-0574-467b-9750-1723257c80af,Pengguna Google,Aplikasi cacat. Mau nya gimana sih?,1,0,2020-07-16 10:45:35
3d5b8ba6-e85b-4db0-a070-2aba4bffb360,Pengguna Google,Kok bisa di bilang gak aman....wah gk bener nih,1,0,2020-07-16 10:43:28
351d3598-6844-4247-a9b7-f121de582000,Pengguna Google,"Saya semua tidak ada gejala dan di lingkungan tidak pernah kontak dengan orang dengan gejala tapi hasil survei 38,3 = tidak aman? Faktornya ini lingkungan domisili juga kah? Lalu ini gimana memgatasinya?",1,8,2020-07-16 10:32:50
4198e2e0-c04f-4e3b-bc82-3396645a60c3,Pengguna Google,Semoga pendemi ini cepat berakhir,4,0,2020-07-16 10:03:12
cdf3eadd-a059-4225-ae98-709c17c76fa6,Pengguna Google,"CLM aneh..parameternya ngaco, atas dasar apa coba masa hasil survei cuma 38,5% yang artinya tidak boleh melakukan perjalanan ke wilayah Jakarta, padahal selama 5 bulan terkhir ini belum pernah melakukan perjalanan ke daerah zona merah, kerjapun dari rumah, interaksi dengan PDP, ODP belum pernah karena banyak aktivitas dirumah saja. Apa hanya berdasarkan No. KTP terus dianggap tidak aman? Terus ngapain harus ribet ribet isi survei kalau hasilnya semua tidak aman..",1,77,2020-07-16 09:57:19
836928fc-4ac9-4d29-8b1e-e713f8dc7227,Pengguna Google,"Untuk yg bilang aplikasi jakCLM itu sampah, gue bilangin ke elu ya.... lu itu bener. Nyesel download dan ngisi form. Uninstall ajah...",1,1,2020-07-16 09:47:00
228725e0-aa91-40c7-9d33-93f04f971609,Pengguna Google,Saya pengin cek data yg saya daftarkan di jakCLM.. Saya lupa screnshoot... Mohon pencerahanya,3,0,2020-07-16 09:37:02
177deec9-c977-4911-a1ea-a2df8a5dc115,Pengguna Google,Aplikasi kurang smart.. ngisi data susah.. mau ketik ajaaa nggak bisa.. perbaiki aplikasinyaa .. biar memudahkan semua warga jakarta apalagi yang gaptek,5,1,2020-07-16 09:34:58
36dc0478-8055-42f5-955f-53244fc4b459,Pengguna Google,Aplikasi ngawur... Hasilnya ngawur... Aneh bin ajaib... Tolonglah kerja yg bener sedikit... Ini uang rakyat lho..,1,1,2020-07-16 09:34:36
817c0106-9947-4340-9dba-2e37900b26d0,Pengguna Google,"Ga jelas dah , ratingnya selalu pas di 38 mau siapa aja",1,0,2020-07-16 09:21:54
d29cff7a-ac32-49b7-873a-d6be86dcb613,Pengguna Google,"Aplikasi apaan nih, Tidak ada penyakit apapun dan tidak pernah kontak pasien positif ODP PDP tapi dinyatakan TIDAK AMAN skor 38,37",4,1,2020-07-16 08:46:50
73b14961-1afb-4540-b719-bc6d1c61c249,Pengguna Google,"KEPADA ADMIN DAN JAJARANNYA, Parameter penilaian tolong dijelaskan, saya sudah mengisi sesuai dengan apa yg saya alami. Rangkumannya sbb, 1.Bahwa saya tidak ada kontak dengan PDP maupun Positif. 2.Saya bukan tenaga kesehatan. 3.Saya berdomisili di Kota Bekasi. 4.Saya juga tidak mengalami gejala2 klinis yg di sebutkan. Kenapa hasil penilaian self assessment ini di angka 38,9% ? Buat apa ditulis ""AKURASI TINGGI""? Kalau kenyataannya spt ini?",1,229,2020-07-16 08:45:06
2122551e-7e86-46ee-a85e-f1851e1bc21e,Pengguna Google,Aplikasi goblok,1,0,2020-07-16 07:35:43
cc13ad18-815f-4c45-b695-0eabe0f02f03,Pengguna Google,Ternyata CLM dibuat untuk semakin mempersulit kita keluar kota. Karena hasil testnya yang mengada-ada,1,0,2020-07-16 07:03:59
9c19f66f-ee73-4b34-b23d-254418c3e20e,Pengguna Google,"JakCLM apa memang disetting semua orang tidak aman ya, apapun jawabannya. Saya nggak ada gejala, gak ada kontak dengan penderita covid kok masih dibilang gak aman. Jangan2 ini cuman lelucon gak lucu saja!",1,7,2020-07-16 06:50:28
e3c16a58-a8fb-4309-be0a-41996ada94b7,Pengguna Google,"Semua sehat, diisi riil sesuai kondisi dan bagus koq clm ngga lolos... Konyol.",1,0,2020-07-16 02:59:49
871bd575-2b16-4c44-acbd-6d1a2d4d7c4e,Pengguna Google,APLIKASI HEBAT.. BAHKAN NGALAHIN DOKTER SPESIALIS.. ENTAH INDIKATOR APA YG DIPAKAIN UNTUK MENENTUKAN HASIL SKOR 38an%.. DAN GILANYA MENGHASILKAN REKOMENDASI TIDAK AMAN..,1,1,2020-07-16 02:19:51
449b2d13-b3f0-488e-82c6-4fe38c92b67c,Pengguna Google,Ah ga bener ni yg CLM masa iya gw dah di rumah ga kemana selama 4 bulan ini di bilang ga aman hasil test 38 sekian ga pernah ngumpul2 ketemu org yg pdp coba tetep tidak aman perbaiki hasil test nyaa biar ga ngaco gini,1,1,2020-07-15 23:56:43
8ca14b29-202f-47eb-a47e-283bbec18210,Pengguna Google,"Ini aneh...orang jujur, tetap salah...Aplikasi gak bermutu,hasilnya di lebih²hin",1,0,2020-07-15 23:34:22
7b6d95c0-1ee9-41c5-b972-c26eddf70ade,Pengguna Google,Aplikasinya kenapa gk jelas hasilnya harusnya tidak ada permasalahan tapi kok hasil 38.5% dan tidak aman padahal uda tes hasil rapid negatif..dan untuk isi form ulang harus 7 hari lagi terus kalo hasilnya tidak aman lagi harus nunggu 7 hari lagi tolong dong diperbaiki sistemnya..gak sehat ini aplikasi merugikan sekali,1,21,2020-07-15 22:31:36
e5d80717-1fdf-4e43-a5e4-11b5fc10b2cd,Pengguna Google,"Analisanya salah, masa skornya 30%",1,1,2020-07-15 22:27:29
4cefc70c-bc56-4374-a813-95ddabbc87f0,Pengguna Google,"Anjrit, itu hasil CLM bisa gitu, 37 %, ngayal apa gimana tuh hasil, goblok bner dagh yg bikin aplikasi 🤣🤣🤣",1,0,2020-07-15 21:58:48
0c70af34-254a-4768-bfb2-f0abe3e2bfe2,Pengguna Google,"Aplikasi ga akurat, ngisi bareng istri dengan sejujur jujurnya, hasilnya beda, istri aman saya tidak aman. Jadi yang ga jujur yang ngisi atau aplikasinya?!",1,3,2020-07-15 21:17:36
34dddfba-7b7f-444f-9956-1dd867f1633a,Pengguna Google,"Skor CLM saya 38%an, sama dengan yg kasih komentar sblumnya. Ini self assessment Atawa cuma template ya?! Skor koq bisa seragam.",1,1,2020-07-15 21:04:46
e9a27df4-ead1-44d8-b057-7fcb9349d579,Pengguna Google,"Aplikasi aneh, 38,5 dinyatakan tidak aman.... Gak jelas GOBLOK",1,0,2020-07-15 20:50:17
9cae1bb4-89e0-412e-8ada-2aece5301a3e,Pengguna Google,Kacau ni aplikasi beneran apa cma modus ngambil data doang....parameter penilaiannya gak jelas..,1,1,2020-07-15 20:37:41
77d21155-9ad0-4609-be72-957db245d040,Pengguna Google,"Aplikasi Gak jelas ini, semua dalam kondisi normal malah disimpulkan TIDAK AMAN, bilang ajj gak boleh masuk JAKARTA, gak usah pakai CLM segala.",1,2,2020-07-15 20:30:28
b67bd0e0-a77e-4f50-835e-f75b1b8af0b3,Pengguna Google,Menunggu didownload lama sekali,1,0,2020-07-15 20:23:33
42173b6f-1b4d-4188-9e25-d2a7cd75d73a,Pengguna Google,"Masa saya gk pernah kontak langsung dengn positif covid dan gk ada gejala sakit skor cuma 38, dinyatakan tdk aman... Tolong diperbaiki aplikasinya lagi, jdi sulit untuk bekerja...",1,5,2020-07-15 20:20:24
8cefe6f5-002b-4155-88d2-5ddb53ac6fc0,Pengguna Google,"Kenapa hasilnya tidak aman, padahal saya sudah mengisi sesuai dan jujur tidak ada riwayat bepergian selama 14, tidak ada gejala covid 19 dan score kenapa 38 tidak aman. Mohon di perbaiki kembali aplikasinya. Ngaco ini",1,22,2020-07-15 20:05:51
aa7b14a1-d3d7-4135-8067-725fbbb27903,Pengguna Google,"Gak guna, sekali tiga uang sama SIKM...silahkan jabarkan sendiri",1,0,2020-07-15 19:57:10
3e637580-56e7-4984-8ace-9ba026661483,Pengguna Google,Aplikasi nya aneh banget,1,0,2020-07-15 19:53:14
382f45dc-a9fa-405d-b83e-47fdc7f33254,Pengguna Google,"Aplikasi ngawur, tujuan kalian memang mengejar target test PCR..",1,0,2020-07-15 19:52:59
4da08aea-713e-4550-a5cb-9620dd8ebcd1,Pengguna Google,Aplikasi gk jelas nih masa hasil ini tidak aman sedangkan baru tadi hasil test dari rumah sakit keluar aman2 aja itu udh lengkap melalui pemeriksaan karna di ambil sample darah segala lah ini cuman isi data doang langsung tdk aman gmna taunya coba teori dari mana ini,1,5,2020-07-15 19:49:54
386a683b-2d54-4147-96a0-6b44cf2c01e1,Pengguna Google,"Dipaksa ""JUJUR"", suhu aman 34.9 der., tidak berpergian, tidak ada kontak langsung ke ODP, tidak ada gejala tapi kenapa statusnya ""Tidak Aman"" ? Mohon segera klarifikasi",1,8,2020-07-15 19:39:16
cc7b3e59-c639-4f57-b391-4a6ea3852306,Pengguna Google,"Aplikasi g jelas, suhu normal, pdhal sehat semua, tdk ada kontak, tdk pernah keluar2, tp d nyatakan tdk aman tanpa ada penjelasannya, jd tujuan aplikasi ini apa? Untuk mempermudah atau malah menahan org keluar masuk jakarta ?????",1,39,2020-07-15 19:33:42
3a30a9dc-21f9-4c2b-843d-d6a4cfa51413,Pengguna Google,Kok sangat lelet ya . Apa ini wajib diisi buat terbang,1,0,2020-07-15 19:14:03
2af54e03-f084-445c-954c-b56fa7d622ee,Pengguna Google,"Parameter tidak akurat, tidak pernah kontak dengan keramaian, suhu tubuh masih di bawah standar aman, tidak kontak dengan ODP/PDP/Keluarga Pasien, tetap saja dikategorikan tidak aman, kriteria penilaiannya apa ?",1,16,2020-07-15 18:51:02
3988a7c6-5d44-467e-94dd-36d750d8099d,Pengguna Google,Mantap,5,0,2020-07-15 18:49:39
467dc3b4-0eb1-4a02-a53b-9f95020ea687,Pengguna Google,Saya coba tes dengan jawaban yg berbeda dengan teman hasil skornya tetap sama 38.37. Aplikasi pembodohan ini mah,1,0,2020-07-15 18:47:54
ed9c75c4-a74f-456a-9b95-1929196c00ef,Pengguna Google,"Aplikasi aneh..... tdk menunjukan gejala, ngisi ud jujur tanpa ada kebohongan tp masih dibilang tdk aman🤔🤔",1,0,2020-07-15 18:40:53
7634fc51-6acd-4801-9d36-341d178fe4d3,Pengguna Google,Valid tidak hasilnya tar ngawur hasilnya,3,0,2020-07-15 18:21:57
362471f0-35a3-4b52-89e1-d14188a614a7,Pengguna Google,aplikasinya aneh isi gak ada gejala dapat nilai 38% penilaian dr mana??? terus dinyatakan TIDAK AMAN untuk bepergian keluar masuk Jakarta,1,1,2020-07-15 18:17:08
5423a72d-3f8e-499c-a269-deeedb758166,Pengguna Google,"Ga bener ni aplikasi,, masa iya skor saya 38,5% tidak aman.. padahal sudah benar ngisinya, dan saya tidak knapa2 slama ini. Hadeehhh makin parah ni dari SIKM",1,2,2020-07-15 18:10:09
4be445d0-8827-46e0-9200-dc5f86b6f92d,Pengguna Google,Ok,4,0,2020-07-15 17:59:59
79c0533e-e073-4e3c-8771-0feaa7c8e22d,Pengguna Google,Up to date dan praktis,5,0,2020-07-15 17:44:45
ec21cc82-2910-462c-b6d1-baef2d319d07,Pengguna Google,Pengalaman senang menjadi kader,5,0,2020-07-15 17:40:41
5b6c17c4-deb5-4000-9fef-99edec5e51e2,Pengguna Google,"Aplikasi sampah.. Cuma mencari keuntungan di tengah pandemi.. Orng di paksa download.. Orng nga di tes secara real, mana bisa tau klu kita kena koped.. Cuma melihat data dari kota dngn zona merah.. Lantas main seenaknya aja memfonis orng itu tdk boleh kelayapan diluar.. .. Sue .. Bikin ke untungan pejabat yg bikin aplikasi ini aja",1,39,2020-07-15 17:37:53
3814ce6e-7973-4422-a679-eae25f129902,Pengguna Google,"Ga jelas, kondisi sehat. Kegiatan keluar rumah juga minim tapi skor ke kecil",1,0,2020-07-15 16:53:52
34733b08-c9e3-4380-aafc-c75f4661fadf,Pengguna Google,"Tidak jelas sama sekali parameter penilaiannya. Saya sehat tidak pernah pergi kemana-mana, tidak kontak dengan suspek, tidak ada gejala dan sehat. Tapi hasil penilaian 38,37%, dibawah keterangannya baik"" aja hmmm",1,14,2020-07-15 16:45:32
802dd45f-dadf-4915-8279-695364107664,Pengguna Google,"Saya tidak pernah keluar kemana2 dan tidak pernah kontak sama ODP, PDP maupun suspect kok scornya ga aman",1,0,2020-07-15 16:40:18
e52dd10c-ba79-40a0-b268-b4f0d2d0d574,Pengguna Google,"CLM g jelas indikatornya, sangat g berguna aplikasi ini, apalagi mau digunakan buat indikator kegiatan masyarakat? Tidak berdasar sama sekali, cuma buat gaya2an CLM saja tanpa parameter yg pasti, yg tidak bepergian kemana2 saja tidak aman, ngaco betul. Aplikasi ini hanya buat cari muka dan bikin berita saja. Sekalian lockdown, dan semua biaya hidup ditanggung pemprov",1,39,2020-07-15 16:37:19
daf584ee-50cd-4ac3-bc70-a54f5bdefd24,Pengguna Google,saya masih nunggu yang hasil surveynya diatas 38%,1,0,2020-07-15 16:31:53
f2584f32-302c-4a71-b050-31845c622c77,Pengguna Google,"ga pny gejala, tidak bepergian, 38% cuy... rumus nya dipertanyakan nih... kwkwkwk",1,2,2020-07-15 15:59:30
388f6ca1-e929-467d-9f09-00e01af80f1f,Pengguna Google,"Aplikasi ga jelas, kayanya emang udah di seting skor nya TIDAK AMAN UNTUK BEPERGIAN semua. Cobain aja klo ga percaya",1,3,2020-07-15 15:55:31
db342d7f-6bee-4874-8e2d-d22789e57cc0,Pengguna Google,Waduh..benar2 semua ulasanya ..setelah saya coba..udh di tidak semau masi aja saya dibilang tidak aman..ampun dijd..aplikasi apa in..,1,1,2020-07-15 15:48:44
cea70401-8592-4af0-be61-b2182fd3b826,Pengguna Google,"Saya coba isi JakCLM tapi kenapa result nya TIDAK AMAN padahal saya tidak ada gejala, tidak pernah kontak dengan org PDP/POSITIF, Serta di daerah tempat saya tinggal pun sudah zona hijau tidak ada penambahan pasien positif ,,, apa formula score nya salah ???",1,24,2020-07-15 15:20:29
ec844456-6347-4797-9c99-839b37cc474e,Pengguna Google,"Survei CLM sebaiknya ditinjau ulang, diisi jujur dengan tanpa resiko corona, tetapi hasilnya Tidak Aman....Aneh, dan mohon dijaga kerahasiaan informasi pribadi user, jangan sampai disalahgunakan....",1,9,2020-07-15 14:55:00
0207e667-3e09-4b70-be0a-04bae43720f9,Pengguna Google,"Dasar nya apa ya zaki clm yang hasil test rapid "" TIDAK AMAN "" ?? Kenapa langsung ada kesimpulan seperti itu? Mohon di jawab pertanyaan nya Sementara saya kasih bintang DUA",2,7,2020-07-15 12:14:24
a69da8f2-7a22-4160-9d22-b4d4c5b03064,Pengguna Google,Mengerti,5,0,2020-07-15 10:30:05
d30d3cf1-f82e-48a6-bc37-3b32d6912f1b,Pengguna Google,Bagus tanggapannya cepat,3,0,2020-07-15 10:03:16
31ddf84f-6937-4a67-b427-15b9a08cc2fe,Pengguna Google,Mantap,5,0,2020-07-15 09:12:41
2cca4be3-f346-43c9-8510-0339e0587be1,Pengguna Google,"Apl sialan,goblok gak sesuai tai.. Tes w 36 jadi 38... Goblok sialan apl",1,1,2020-07-15 08:55:41
7c9c995d-9850-4af8-9c3d-7843e6cbd284,Pengguna Google,Hasilnya ngaco banget...!!!!!,1,1,2020-07-14 20:46:06
30bab797-ce86-4691-8e4f-6bac8f6be5b4,Pengguna Google,"Aneh bin ajaib ini aplikasi,semudah itu menerka orang tidak aman,suhu 38, perbaiki lagi itu aplikasi bung",1,7,2020-07-14 18:33:14
daeaf27b-b740-41b7-b6b3-ceb092400adf,Pengguna Google,"Aplikasi ga jelas, saya dalam kondisi sehat, tidak pernah kontak, Suhu tubuh stabil, kenapa hasilnya tidak aman??",1,8,2020-07-14 14:39:24
ebcdc464-9d28-42e5-a13d-fb305f155350,Pengguna Google,"Ga ada gejala, dah 5 bulan di bali mau balik ke tangerang tapi malah CLM bilang ga aman. Ga sakit ga kontak dengan org sakit... Percuma aja ini aplikasi dibuat",1,13,2020-07-14 11:50:30
1d9670bd-8bdd-4f75-9917-cbe641d666c7,Pengguna Google,"Sistem cacat, pengisian CLM semua sehat malahan di bilang tidak aman. Siapa sih vendor nya, pengem tau deh",1,5,2020-07-14 11:48:28
7d305aec-957a-4a59-a7b2-17001bcda305,Pengguna Google,"HARAP SISTEM DIPERBAIKI LAGI, DASAR PENENTUAN TIDAK AMAN ITU APA. SUHU 36,4 TIDAK ADA KONTAK, TIDAK ADA RIWAYAT BERPERGIAN TAPI STATUS TIDAK AMAN.",1,6,2020-07-14 10:59:57
7b346908-b44b-411e-82ec-6cb88e0b7c2b,Pengguna Google,"Untuk tindakan sangat bagus,,, cepat respon/tanggap. Tp ad yg sy kecewa sy cm beri saran tolong kpda aparat atau petugas yg di terjunkan ke lapangan di wilayah2 jgn lah membrikan identitas pelapor atau menunjukan kpd yg terlapor. Jd beban/benalu buat kt sebagai pelapor tolong di efaluasi lagi 🙏",3,33,2020-07-14 10:28:09
d5059914-3f8a-4361-9e59-9bd5955850c9,Pengguna Google,Apl gajelas ya gini Masa gw udh jawab semua nya dengan benar ga dikasih izin masuk kota jakarta,1,1,2020-07-14 08:16:46
9692c6ac-7f99-4dc7-94b5-1e68af3da499,Pengguna Google,Saya tidak bisa hapus akun.,1,1,2020-07-14 06:51:00
0e66afbf-3e0e-4f90-9878-2443f9e1e8cd,Pengguna Google,"Aplikasi gajelas, hasil clm ngawur, udh ikutin jujur dan sehat malah skor 38'an doang, dinyatakan tidak aman bepergian, klo mmg butuhnya hasil rapid/swab test yauda gausah nyeleneh so2an bisa pake hasil clm tapi malah mempersulit !",1,13,2020-07-13 10:55:56
48515236-b841-48d5-828f-eb8d818b2157,Pengguna Google,Bagus aplikasinya,5,0,2020-07-12 18:15:09
99895cf4-41fb-4e6c-bbfa-135cc67785fb,Pengguna Google,"Kacau ngurus sikm susah bnr sekarang harus ada tes hasil com segala, mana hasilnya gak jelas orang gak ada penyakit malah gak diijinkan untuk pergi, oyy min ini gw pergi bukan untuk traveling tapi buat ngajar di daerah tertinggal kasian anak² jd terlantar",1,24,2020-07-12 17:33:19
09477d71-696c-4683-9510-5d2f7e449c21,Pengguna Google,URGENT. Tolong pengembang saya tidak bisa melihat hasil tes yang sudah saya lakukan dan harus menunggu seminggu lagi. Mohon perbaiki dan tambah fitur untuk mengecek hasil tes CLM terdahulu.,1,16,2020-07-11 10:12:23
7e073863-f850-41d7-9aba-6b5f6e18bce3,Pengguna Google,JakCLM aneh..Saat mengisi Saya sangat Sehat dan tidak ada kontak dgn Pasien/PDP/ODP/OTG..Tapi Skor Hasil Test CLM hanya 38% dan dinyatakan Tidak Aman..Sangat Mengecewakan,1,19,2020-07-10 13:05:19
2bd57a4a-36c1-4f24-8177-f046e23ab677,Pengguna Google,burik bgt si ni aplikasi,1,0,2020-07-10 08:02:30
ab763639-7f27-4718-92bd-5b157f504b2b,Pengguna Google,Good,5,0,2020-07-08 18:42:40
1c59008b-baff-48e2-bbe9-1e96f1b87c70,Pengguna Google,Pak aplikasi CLM kok ga bisa diisi jenis kelaim dan kabupaten. Kecamatan dan kelurahannya ya pak? Jadi ga bisa dapat hasilnya. Tolong pak diperbaiki,3,6,2020-07-08 10:44:13
a400657f-4fde-442a-8c70-7ff2ec9d497b,Pengguna Google,Menambah wawasan,5,0,2020-07-07 20:42:25
5b1a0c87-7e72-4e92-993e-fb8863503f11,Pengguna Google,Udah oke keluhan selalu di tangani dengan baik. Semoga pandemik cepat berakhir,5,2,2020-07-04 21:48:09
e96ebfe7-9735-4d3d-b644-59c7305c9420,Pengguna Google,"Isian pilihan jenis kelamin,pilihan alamat lengkap tidak muncul",1,6,2020-07-03 18:04:45
ff7fdef9-4f5a-4752-b7d2-f8196aeaf250,Pengguna Google,Mantaaap,5,0,2020-07-03 07:11:26
1ce1ece0-8c12-40cd-986d-0e9d08526bd6,Pengguna Google,Kenapa ya jaki survei ga bisa di gunakan apa yang harus saya lakukan,4,1,2020-07-01 17:52:28
ab96d91f-d2ff-4724-aee6-04d1d18e03ce,Pengguna Google,penyaluran sembako dampak covid 19 di kelurahan Bangka bagus,3,0,2020-06-30 14:01:18
a439afd6-1b98-4302-969f-66805588ceb4,Pengguna Google,Bagus,5,0,2020-06-30 11:33:36
8b3a3b4b-ca19-4226-a7ce-fb7dbce46902,Pengguna Google,"Saya sebenarnya kecewa jaki survei nya bener "" sangat kesulitan untuk masuk nya... Hanya Itu mengapa... Padahal akun email smua sudah benar... Tolong bantu saya,..",4,4,2020-06-30 00:54:16
a0b8076d-d6cb-4138-b1f2-8458ab240af3,Pengguna Google,Untuk pelayanan kel pondok kopi memuaskan,2,0,2020-06-29 20:23:39
09550716-6c15-451d-add1-59b7dbdf7db4,Pengguna Google,"Lingkungan kami telah diatur untuk warga dan tamu yang keluar masuk lingkungan wajib pake masker ,cuci tangan pake sabun dg air mengalir,jaga jarak apa bila ber barengan jala,begitupun untuk kegiatan ibadah dan olah raga.",5,22,2020-06-28 20:48:50
2b7d1039-eafc-4588-8ef8-c97a64a27458,Pengguna Google,Oke,4,0,2020-06-28 11:44:47
41342511-1e2a-4b0a-bcae-38823c4a08a9,Pengguna Google,Bermanfaat,5,0,2020-06-28 09:40:25
14c45429-4ba8-4750-a447-786f140dc3ad,Pengguna Google,Sangat Bermanfaat,5,0,2020-06-28 07:29:46
8ce47697-db48-4b4d-8ac3-5b079a94e978,Pengguna Google,Luar biasa.....,5,0,2020-06-28 06:03:52
0d95d4f5-f695-4942-bb75-a58d9ea385d9,Pengguna Google,sangat membantu dlm tindak permasalahan,1,3,2020-06-27 20:58:07
cc6bebc8-31e2-475c-b23b-f9a1c7d8d359,Pengguna Google,Lebih cepat tanggap dalam pelayanan masyarakat,5,0,2020-06-27 11:32:12
18eaf2c9-446b-4b0f-8b26-f6f557df1978,Pengguna Google,Cukup memuaskan,5,0,2020-06-27 08:02:28
2c93aee7-a48e-45cb-a3ed-dbb6a58ee583,Pengguna Google,Saya gak bisa menerima Jak survei?,3,2,2020-06-27 02:00:38
7cd86245-d8ec-4986-a022-c32ef06ed47a,Pengguna Google,Baik.sangat membantu dalamnkoordinasi lingkungan.,4,1,2020-06-27 00:39:41
0d65e2d6-9531-48ec-8512-28f73589bc20,Pengguna Google,Tlng info knp jaksurvei tiap kali diklik reortnya survey tdk tersedia. Mohon lbh ditingkatkan lagi.,2,1,2020-06-26 22:47:28
8dbd3108-25db-4ded-aecd-9730a5705838,Pengguna Google,Top,5,0,2020-06-26 17:07:05
992c5a6f-5369-4d24-a5a5-0918a0aedd36,Pengguna Google,Susah bgt download'y ampun deh,1,0,2020-06-26 14:39:01
d6938b3c-e5cf-4608-bc5f-f46ec5a520b2,Pengguna Google,Good,5,0,2020-06-26 11:25:01
800bb9f2-aed5-4297-b27c-a18eca94b71b,Pengguna Google,Bagus,5,0,2020-06-25 15:24:50
14a7af89-e050-446a-bb8e-73d6ed32bf8c,Pengguna Google,Ok Ok Ok,1,0,2020-06-25 13:17:18
84bcd645-58e9-44f3-bd2b-7614b3440581,Pengguna Google,Sangat senang aplikasi banyak membantu masarakat,5,1,2020-06-25 00:09:29
fb3bd091-4354-4c97-84c3-dbc63118befa,Pengguna Google,Smart,5,0,2020-06-24 21:13:25
3fb1aaa7-0878-4a1b-b078-08b457db16dd,Pengguna Google,Di coba,5,0,2020-06-24 20:32:03
6889a87a-7c27-49b3-a6e5-68bb96f41b6b,Pengguna Google,Untuk berita yang dikelola jaki Jakarta kini buat masyarakat indonesia khususnya jakarta..,4,0,2020-06-24 20:23:02
aa661f47-6d88-428e-8084-11cf1f23de99,Pengguna Google,Turapan kali srengseng sdh disurvei tapi blm dikerjakan smp skr kapan bisa dimulai selagi air kecil dan tdk musim penghujan,5,2,2020-06-24 18:54:07
cb30056d-72be-45ee-ad29-a92878d17b5b,Pengguna Google,"Min, cara ngisi jaksurvei gimana yaa?",3,1,2020-06-24 18:40:53
5941a822-849d-4ced-ba17-480b258169d6,Pengguna Google,👍,5,0,2020-06-24 17:59:42
db373ce0-7279-42ca-af4e-c0c266342e65,Pengguna Google,Puas meinspirasi transportsi saling terintekrasi dgn baik.penanganan covid 19agar lebih baik lg,5,1,2020-06-24 17:01:09
a36c2c95-1576-4651-be77-cffcda9a5711,Pengguna Google,Laporan menjadi mudah informasi jadi terbuka,5,1,2020-06-24 16:05:34
7facef73-9dd2-47d0-99c2-a2d2fed823ae,Pengguna Google,Bagus,5,0,2020-06-24 14:35:36
c250f2ea-1af4-4b84-9446-3816e2401d3c,Pengguna Google,Baik adanya untuk interaksi komunikasi dan informasi serta evaluasi.,5,1,2020-06-24 13:43:00
28c82423-486b-4a76-9392-5c826ec42069,Pengguna Google,Informatif,5,0,2020-06-24 00:29:15
8800169d-56c3-4aff-a2ec-94e99796979c,Pengguna Google,👍,5,0,2020-06-23 23:57:23
ca9bd346-12ae-4f90-87d5-4aa561b47bc0,Pengguna Google,Ga jelas. udh diinstal ulang ttp aja eror ga jelas sumpah. Mana diburu2in ketua suruh cpt2 ngirim tp eror mulu. Oi,1,4,2020-06-23 14:14:45
be2c7c2f-59bc-41c6-b7e6-b0f2ca32d3c7,Pengguna Google,Aplikasi yang sangat bermanfaat bagi warga Jakarta.... Semoga lancar penggunaannya...,5,3,2020-06-23 13:14:27
1095a336-e732-4476-a312-d7de1e58ba22,Pengguna Google,Server down terus segera perbaiki,1,2,2020-06-23 09:56:50
e6a41b9f-ba37-4110-aeab-7e0cde7f0b25,Pengguna Google,ok,5,0,2020-06-22 20:25:16
400b549c-fe1f-4bf0-b319-b23e6e9087e9,Pengguna Google,Good,5,0,2020-06-22 16:59:27
fc0148f8-e924-45ad-8b28-aa859616d829,Pengguna Google,Mantap,5,0,2020-06-22 15:42:30
81f9b6e8-a611-471a-8701-c55fefdc7e3f,Pengguna Google,Mantul,5,0,2020-06-22 15:18:21
2036e8bd-c816-4f31-8222-1b6d50554f6b,Pengguna Google,Mantap lngsung bisa Tnp buang aplikasi lainnya,5,1,2020-06-22 15:12:56
7a80a021-22b5-4fd0-9bc3-971e7044f1a8,Pengguna Google,Sangat bagus.,5,0,2020-06-22 14:57:57
02ec9a7f-0569-470c-9901-e87396a367d8,Pengguna Google,Sebaiknya masyakat harus Mematuhi /Mengikuti Protokol kesehatan .,5,2,2020-06-16 19:26:38
07a42b20-42d8-4aa6-a372-cf5566bb75a6,Pengguna Google,Bagus semoga ditingkatkan jakarta adalah kota besar jadi semua urusannya harus dibuat simple dan maju,5,2,2020-06-16 18:32:11
f1f77523-dfd0-438f-bd40-a3c012e542a3,Pengguna Google,"Aplikasi yang sangat membantu bagi masyarakat, jika dulu ingin lapor/aduan ke kelurahan, kecamatan bahkan walikota di sepelekan bahkan dipersulit, sekarang hanya via aplikasi sudah di respons, Terus Semangat Untuk Jakarta Lebih Baik,..",5,39,2020-06-15 03:25:53
4ab03dba-c44f-4995-917a-9385e2ed85d4,Pengguna Google,Wow,5,0,2020-06-13 12:51:57
5b0ecefa-3618-432a-9be6-d1747209e46c,Pengguna Google,Tolong jangan dipakai foto tag lokasi saya mau lapor bukti bukti susah,5,2,2020-06-13 12:50:22
f740b94f-5073-4bb5-bd5d-41e7e9744e91,Pengguna Google,Keren,5,0,2020-06-12 12:59:50
16ec6f45-8c16-4be1-ab53-0ed6a1f4fb02,Pengguna Google,Ok,5,0,2020-06-12 11:05:01
7593cc35-4434-4fb3-aa3d-936bfd83d18c,Pengguna Google,Tolong dong seandainya aplikasinya kepencet keluar belum sempet di screen shot atau pun unduh ke save otomatis,4,2,2020-06-11 22:05:25
17b7ba7d-43b8-424f-a455-29af694fdc6b,Pengguna Google,Baiklah,5,4,2020-06-10 13:37:28
5127597b-09ad-43dd-a3d4-e213a63db9ec,Pengguna Google,Sangat membantu,5,0,2020-06-10 00:49:05
cb0b20d4-074d-4661-a3f1-7af3ebfee6b3,Pengguna Google,"Saya kasih bintang 4 dulu,kalo laporan langsung ditanggapi dan direspon ane naikkan bintangnya",5,1,2020-06-09 19:26:37
4be0ea4a-dbf0-47b8-8a41-4e22e92dbe61,Pengguna Google,Ok,5,0,2020-06-09 18:54:09
a30613a4-9a08-423f-b575-75262bbf4a56,Pengguna Google,"Laporan tangapa saya sangat direspon,ya tetap butuh proses harap sabar saja pasti diproses. Tolong hapus fitur tag lokasi klau mau upload foto sebelumnya.padahal saya banyak mau upload foto bukti/foto yng lebih keliatan buktinya. Makasih ya",5,18,2020-06-08 10:03:44
3ea51cba-3fd5-45dd-ac1c-81615480f897,Pengguna Google,hebat,1,0,2020-06-06 23:57:07
c7748557-7e99-4e8d-9a65-d7481fcf0b79,Pengguna Google,Good,5,0,2020-06-06 18:03:59
9562b059-e614-40ed-8e54-067984bfce54,Pengguna Google,Mantap,5,0,2020-06-04 12:05:41
1dffe0c3-a23d-47c1-9090-5a8f46760a3a,Pengguna Google,Ok,5,0,2020-06-03 14:06:06
4e15d7a2-60c7-4a57-bb71-7b9bcba17f5f,Pengguna Google,Bagus,5,0,2020-06-03 11:21:28
7f44fcc6-93c1-4e50-b72c-28cd3670bcbd,Pengguna Google,bagus,5,0,2020-06-02 15:41:23
b3283ae5-d268-4add-a314-fc19d6c07c6c,Pengguna Google,Good job,5,0,2020-05-27 13:37:25
5273b291-0dee-4f51-92d0-dda06f4de57e,Pengguna Google,Sejauh ini cukup baik dengan segala informasi yang didapatkan,4,0,2020-05-21 20:52:49
e53105ad-8b81-4c09-bb14-1038c0f3bd2a,Pengguna Google,Share masalah,5,0,2020-05-21 19:37:52
9fc0b702-a7e8-486e-a111-bbd808ed1c5e,Pengguna Google,Kenapa saya di marahin sama pasukan orange yah padahal saya niat baik bikin laporan nya Terima kasih 😢😢😢,1,2,2020-05-20 09:13:18
3a14dc78-3648-4904-abd5-b0db554a9f05,Pengguna Google,"Payah, antisipasinya cuma formalitas laporan aja, tindak lanjut gak berkesinambungan, deleted.",1,4,2020-05-05 20:04:06
332402ed-4edf-4313-ba0f-fc75d5fe5372,Januar kojan,Aplikasi ini membantu memberikan informasi yg terjadi dijakarta. Dan kita juga bisa memberikan informasi ataupun melaporkan suatu kejadian yang kita lihat atau temukan.,5,13,2020-05-05 16:54:08
c34a7b36-00ae-4513-ad19-7b622db8b1ec,Yudi Yana,Susah sekali,1,1,2020-05-03 22:46:15
043d69c5-04d1-4eac-ab2b-0241f9c06ea5,Suratmi Mi,Bagus,4,0,2020-05-01 10:05:36
8266df03-221f-459c-9478-66db375cbda3,Sauqy Akbar,"Mantappp bener2 cepat dalam penindakan tingkatkan terus pak biar lingkungan aman,tertib,damai & harmonis",5,2,2020-04-30 10:37:43
c65fd0d3-eb50-467e-8ab8-aaf8b056f086,Pengguna Google,Helo JAKI tolong dong siapa yg bisa aplikasi JAKI saya ini suda habis cara nya meng aktif kan lagi trim,2,0,2020-04-27 14:56:22
34e222e5-743f-4efc-97f7-276865f9a1fe,Pengguna Google,Aplikasi ini tidak baik karena cepu,1,1,2020-04-26 21:29:50
e1b5dbbe-95b8-48b9-8b88-21fce2874d56,Pengguna Google,"Sebaiknya kalau ada permasalahan di laporkan ke RT atau RW dulu deh jgn langsung ke aplikasi ini, yg sudah2 bakal di cross check dan berbalik malu pada warga dan tetangga",3,5,2020-04-24 11:12:06
ea5069e7-2ecb-4bd8-96f4-9e3f4409fc29,Pengguna Google,"Asuu ni apps, sehari update aplikasi smpe 3 kali. Amatiran bnget developernya.",1,4,2020-04-22 18:13:34
355448bd-b1fa-4a36-b1f6-0f7efd7d6b9c,Pengguna Google,Ok,5,0,2020-04-22 17:07:54
4f07584c-9bde-40df-ae0a-2420a9c32660,Pengguna Google,"Tolong diperbaiki, masih terjadi eror saat log in dengan email",5,2,2020-04-22 00:40:45
f3308851-4549-4e1f-93e2-6c958f757eb0,Pengguna Google,Jaki baik unt uk masyarakat,5,0,2020-04-20 19:21:24
38896864-c496-4482-866a-94fc3e55237a,Pengguna Google,"Bikin laporan di aplikasi ini malah diberitahukan identitas pelapor sama sat pol PP kepada warga lainnya. Ya mau bikin laporan lagi juga jadi takut, seharusnya di rasahasiakan ini malah bikin ora g pada ngumpul. Saya buat laporan karna ada yang kumpul2 disaat PSBB ini.",1,0,2020-04-20 14:12:16
982fbb90-a99d-4d19-bcfe-57e979b28aaf,Pengguna Google,Aplikasi penyebar hoax menuduh tanpa ada bukti jelas,1,1,2020-04-20 00:51:27
d66ad424-f5bd-4730-86fc-9cfea4f0fb73,Pengguna Google,"Info dan layanan nya cepat,,,",5,1,2020-04-19 21:05:15
226c0cd6-d0d3-4214-8414-61c9a03e0710,Pengguna Google,Ini apaan apa...?,5,0,2020-04-18 14:06:41
59d6afbc-7d2f-49b4-9bab-70caae296ad1,Pengguna Google,petugas responsif,5,0,2020-04-17 01:25:51
47a3c464-b09e-4dae-9d28-4afd87aa3b46,Pengguna Google,"RIBET, TIDAK FAST RESPON",1,0,2020-04-16 12:04:13
5b74d75c-35b8-4de2-85fa-c10894e50700,Pengguna Google,"Bagus,membantu warga jakarta.terima kasih.",5,1,2020-04-14 13:12:41
6ba76dd8-603b-4ac4-bea2-775e41c39aab,Pengguna Google,Good,5,0,2020-04-12 22:53:05
484d4e7c-d563-4692-a733-0904bb05542c,Pengguna Google,"Jl pinggir depan united tractor , sambungan turun sehingga tidak rata menyebabkan pengendara motor jatuh apabila posisi mau naik ataupun miring, sudah bamyak korban jatuh ..mohon dinas terkait untuk ditidaklsjuti terima kasih ..",3,3,2020-04-11 20:02:18
21531f12-e9bc-4f57-8dee-ede1a6f3e125,Pengguna Google,Matep nih responya cepet. 👍,5,0,2020-04-10 23:38:24
bb92b7f8-c5d4-4d07-8a96-095c379533d2,Pengguna Google,Sangat membantu warga DKI Jakarta.,5,0,2020-04-08 09:01:27
1dd9b266-e0d2-49f7-8bfc-b00d385f9d05,Pengguna Google,Okkkkkk,5,0,2020-04-07 17:24:08
691c4019-8b73-4b57-8a1d-e7aaedc5bdce,Pengguna Google,Mantab,5,0,2020-04-06 09:57:06
28aa4958-1760-4362-97d3-d60b14d3faf5,Pengguna Google,Semoga Pemerintah DKI tambah keren kerja nya. Cepat dan Tanggap yg hasil Optimal blm bekerja.,5,3,2020-04-05 22:00:40
0f79963a-9ac9-42bc-9eff-fffe0d91d690,Pengguna Google,Sangat mudah dipahami,5,0,2020-04-04 08:19:34
10a42ac7-00d7-4ede-acf0-2d688ccee867,Pengguna Google,Login selalu bermaslah hapus aja ney apliksi lemot ega bermutu,1,1,2020-04-03 13:13:05
6347dc85-227e-4b66-bbee-ba471cc40e32,Pengguna Google,Aplikasi bagus tapi masih bnyk bug. Sering² pembaruan agar aplikasi ini sempurna & bermanfaat 100% untuk masyarakat,5,1,2020-04-02 18:28:50
79254b76-644b-402d-9568-42c19b3c2fd7,Pengguna Google,Good,5,0,2020-04-02 06:00:25
5f3dd107-e3cb-4a89-bd4c-4e6f0821aabd,Pengguna Google,Good Aplks 🙏,5,0,2020-03-30 23:49:54
272c2dd5-0440-43c1-a874-d722470e32da,Pengguna Google,Aplikasi nggak jelas masih jauh dari aplikasi Qlue Smartcity.,1,2,2020-03-30 21:11:14
36d4d681-b93d-4512-89ce-48733aa85a21,Pengguna Google,Mao lapor susah.. lapor soal air bersih tp sampe skrg status slesai cm laporan palsu..dah 3 x lapor status slesai cm formalitas aja.. Jaman gubernur sekarang apa2 susah..gk kaya dulu..survei aja link down..seolah takut rendah penilaian jelek dari masyrakatnya..,2,10,2020-03-28 13:19:37
080e53fd-8d08-4ff6-a80f-bcaf85e64636,Pengguna Google,Kerja sdh sangat baik.dari pihak kelurahan . Semua surat dan bisa cepat di prosesnya.,5,0,2020-03-27 19:57:46
00418764-6696-4460-9a56-aff5a4be4f1e,Pengguna Google,Pak bisa gak usah di sebutin pelapor nya gak sih?,2,2,2020-03-25 13:08:10
f43d894e-3e3f-4ab8-9c5c-beccb0b74388,Pengguna Google,Baik oke,5,0,2020-03-25 08:17:35
61c70a25-0c40-466a-96fe-b23280121e8f,Pengguna Google,Mntul,5,0,2020-03-25 02:33:39
75e29ef1-f541-4e47-9744-2828ca63d4bd,Pengguna Google,Tanggap,5,0,2020-03-24 23:10:36
765e2b7f-9889-40f0-8bb2-1cbf0bcd9153,Pengguna Google,Semoga wabah korona cepat berlalu dari Indonesia,4,0,2020-03-24 19:11:32
320dfc7c-02d0-4ec6-bd26-8c991f05005e,Pengguna Google,mantap,5,0,2020-03-22 19:16:59
95143d9b-a9d0-48e5-8427-eec67eb3905a,Pengguna Google,Best respibdit,5,0,2020-03-21 09:47:18
b8cafea2-8698-45c8-bf9b-e72b875303fc,Pengguna Google,Bagus dan bisa menjaga kota yg lebih baik,5,1,2020-03-21 05:53:53
0db5d599-f23b-4b49-aa72-d42a64dbf79f,Pengguna Google,Keren,5,0,2020-03-21 05:25:40
df3c04c6-0466-41d7-a055-099f134838de,Pengguna Google,Belum efektif di tindak lanjuti,3,1,2020-03-19 20:39:07
f449b06a-5bba-4599-9dba-3d1454f3b25e,Pengguna Google,Luar biasa,5,0,2020-03-19 04:06:04
7cb032f8-1734-4bb1-80ae-b5ea2cfd4dcb,Pengguna Google,bintang 5 nya untuk versi lawas ..karena update aplikasi yg sekarang sering eror sistem untuk JAKSURVEI .. apakah sedang perbaikan sistem atau ...aaahhhh suuuddaahhb llaahhh,1,7,2020-03-18 09:20:36
4addf7df-0647-4c9b-9110-a80a2d174a84,Pengguna Google,Lebih bagus lagi,5,0,2020-03-17 20:18:01
ac046f2a-55bb-4a1a-bb75-85e983101cf2,Pengguna Google,Aplikasi msh banyak hrs di perbaiki,2,1,2020-03-17 20:08:27
cd36d7d5-8d43-4166-b7e3-6952f21ade8d,Pengguna Google,Jak survey error,3,1,2020-03-16 17:36:28
402abd7c-dc8f-4ae4-9523-c26d82fdb72f,Pengguna Google,Bagus,5,0,2020-03-16 14:10:13
62867356-e51a-4a95-934a-9a09467da29e,Pengguna Google,Good,5,0,2020-03-16 11:48:16
573cd641-e236-4ee7-98ab-6304c4f1b2a2,Pengguna Google,Ok,5,0,2020-03-16 08:26:23
1a457695-ed3a-4e71-acfb-05afd6071492,Pengguna Google,Ga bisa log in woi.,1,0,2020-03-16 08:23:49
2a3fb58e-24c1-4fc6-b15f-dd53d4efbd3f,Pengguna Google,"Menjadi kader posyandu balita melati2/03 kel gedong kec pasar rebo jakarta timur sejak th 2013, menjadi ketua pisyandu balita melati2 mulai th 2015 hingga kini. Menjadi ketua hatinya pkk dan ketua FKLU mulai th 2019 juga tim paliatif ca. Rumah kami dipakai utk posyandu melati2/03 kel gedong.",3,0,2020-03-15 14:49:02
79293014-0a3e-4534-87aa-f80bfa3e93a9,Pengguna Google,di uber2 suruh isi survey...log in aja susyah...benerin dulu server nya deh,1,1,2020-03-15 13:48:41
abf109af-1231-4ea3-b0df-d2125cacff1a,Pengguna Google,Goog,5,0,2020-03-15 11:46:00
42dbfc4a-0ad6-4d0d-a807-9eb93d808187,Pengguna Google,Aplikasinya susah di gunakan.,4,0,2020-03-15 09:35:54
b5a9072a-ec95-4351-959d-6366486870f6,Pengguna Google,Okoc,5,0,2020-03-15 02:14:31
11c51da4-71a8-40f0-8699-3ea6af85b0b4,Pengguna Google,Sangat cepat responsif,5,0,2020-03-14 20:45:30
6124cbfe-ae4b-46eb-9af0-81bd11a43c09,Pengguna Google,Mantap,5,0,2020-03-14 14:49:21
8803022c-7e76-4f13-94d2-7dd0df8cf427,Pengguna Google,Apl lemot,3,0,2020-03-14 12:05:25
376eeda7-71bd-4fb4-944e-52461b91d360,Pengguna Google,Dengan jaki kerja lebih mudah,4,0,2020-03-14 11:20:22
52a156a5-b495-434d-873c-46283a8499d6,Pengguna Google,Top,5,0,2020-03-14 10:19:20
b911f732-e552-4b82-8abf-dffb48e022cb,Pengguna Google,"Bagus ,karena untuk mengetahui kepuasan warga pada Pemrop Jakarta",3,0,2020-03-14 09:03:48
66e3e1af-c5f7-4f07-8b4b-d679453748d3,Pengguna Google,Sangat bagus,4,0,2020-03-14 06:11:07
636ac703-a6fa-4f61-9f5d-8a607b2da4db,Pengguna Google,Memberikan saran dan kritik untuk memajukan jakarta,5,0,2020-03-13 22:31:44
da72c95b-cc59-40cb-9b03-dc6ccec83e9b,Pengguna Google,"Engga compatible di smua platform hp/ emang servernya srng down gtu? Mohon bantuannya, udh daftar eh dikira gaada koneksi.. masa aplikasi pemerintah begini? Situ bercanda? Fix it",1,2,2020-03-13 20:49:47
5ec4278b-80cf-45fa-ae57-75b5d84ede6b,Pengguna Google,"Aplikasi yang menyulitkan. Diminta isi survey kepuasan masyarakat tp untuk log in saja sulit sekali. Server sibuk. Sekalinya berhasil log in, katanya ""survey belum tersedia"". Bagaimana dapat memberikan kepuasan masyarakat, kalau survey yg dibuat saja masih menyulitkan. Mohon kesiapan dr software dikuatkan dulu jika akan dilaunch ke masyarakat.",1,39,2020-03-13 20:38:21
b1c4767a-43d2-4135-bbfd-7bc0d5475261,Pengguna Google,layanan masyarakat yg tercepat,1,0,2020-03-13 19:27:55
6d5a15a8-2352-4a59-b1e8-8b29ca9875c8,Pengguna Google,Ga bisa dibuka......lama......,2,0,2020-03-13 18:52:04
5f942416-ac0f-44a3-83bf-4f312e07b3d3,Pengguna Google,Bagus,5,0,2020-03-13 16:57:18
bd0ced70-b20b-4bd9-8a77-4b3f28ab57ff,Pengguna Google,Good,5,0,2020-03-13 15:41:28
9c8f1823-74ea-4de9-9fb2-e387735409df,Pengguna Google,"Kok skrg ga bisa dibuka ya aplikasi ini? Padahal udh di unistal dan instal lagi, tapi sama aja. Jaringan normal tapi masih sama. Jadi susah mau bikin laporan...!!! Kasih 1 bintang aja 👎",1,7,2020-03-13 15:39:17
800e29bd-e502-409a-8337-f9167d041675,Pengguna Google,Sangat bagus dan cepat,2,0,2020-03-13 14:56:14
2bea75e9-f3f3-4cbc-943a-7867e0ceb219,Pengguna Google,Mau login sibukbterus servernya,2,0,2020-03-13 07:33:21
5b39c699-d876-4791-9512-d7e070a1619e,Pengguna Google,Lanjutkan untuk yang lebih baik,5,0,2020-03-13 07:08:45
fc15fc6f-dcea-4098-af10-7eac5aef5390,Pengguna Google,update malah susah masuk,1,2,2020-03-13 07:00:45
795983db-5ea9-4a88-9371-da92be22c2a7,Pengguna Google,Tak bisa akses,5,0,2020-03-13 06:23:06
5ffcf1b0-9217-4b46-8d01-7831304f31d5,Pengguna Google,Good,5,0,2020-03-12 20:15:00
5bf87932-3676-4c36-ad45-fff2b5a2fcce,Pengguna Google,Baik,5,0,2020-03-12 16:44:20
db3852db-0d54-41ea-99aa-6fd0b0160b62,Pengguna Google,Bermanfaat untuk perbaikan,5,0,2020-03-12 16:01:18
b34d9b54-3c88-49d5-91fc-54df4fe86405,Pengguna Google,Jaki mdhn2 jdi info yg lbh akurat/terpercaya...,2,0,2020-03-12 13:15:44
e7b031f4-1e76-4a58-9e6a-e7a46315caed,Pengguna Google,Semauh harus tranparan didalam segala hal demi kenajuan pengprov dki jakarta,4,1,2020-03-12 08:46:23
cbaeb982-f61f-4209-853f-e86548407d0a,Pengguna Google,Ok jaki,5,0,2020-03-12 08:25:13
891cede2-f5fd-498e-a9f1-349a96a2c1df,Pengguna Google,"Saat ini kelurahan memiliki survey yg harus sy lakukan melalui app ini, tp kok gak survey tsb di hp sy gak pernah ada, tolong di cek masalah kenapa surveynya di hp sy tdk tampil. Di hp honor 10 lite. Segera di tindak lanjut ya.",1,28,2020-03-12 08:21:27
23f059bc-2ca0-4dde-806d-8d768db56430,Pengguna Google,Work for me,5,0,2020-03-12 07:39:24
046a40ad-507b-406c-8f9a-329fbc63511d,Pengguna Google,kenapa setiap saya mau login selalu tidak bisa mohon di proses server nya agar kami bisa merasakan kenyamanan nya dalam mengunakan aplikasi tersebut,1,2,2020-03-12 07:35:48
546360e0-70f5-4be5-a3ed-611d51a6e218,Pengguna Google,Sangat berarti adanya jaki untuk Rt-Rt. Ssngat membatu.,5,0,2020-03-11 20:25:33
f1c42334-8131-4bfb-877b-374cf932fc8d,Pengguna Google,Kurang mengerti tidak bis update dan tidka bisa survey,1,1,2020-03-11 20:11:39
3e9be01d-19fc-41f7-9f4b-e216df890aea,Pengguna Google,Lancar...,5,0,2020-03-11 19:57:30
d336aa0e-3aae-49d4-a8f9-41ad077293fd,Pengguna Google,Kinerja kelurahan semakin di tingkatkan demi kebaikan kita bersama.,5,1,2020-03-11 13:51:28
f3e71003-9aec-49a4-8f5e-7a55381887e7,Pengguna Google,Aplikasi inj sungguh baik isi info2nya,5,0,2020-03-11 12:36:30
a49b1dec-576a-43f8-8f87-87354e75e6da,Pengguna Google,Mantap,4,0,2020-03-11 12:34:36
0464c19b-f0e6-45c2-973f-543cef190bf0,Pengguna Google,Mantappp,5,0,2020-03-11 11:29:54
58f5af5e-7c4b-4026-9de3-0402926b316d,Pengguna Google,Sangat baik,5,0,2020-03-11 11:23:23
2223ca8a-3aac-4c36-b705-9eeb39f0d932,Pengguna Google,Ok,4,0,2020-03-11 08:42:14
4b4e6b14-c8b5-4eca-9c8f-31ed50f22e22,Pengguna Google,Mantul.....,5,0,2020-03-10 22:41:31
d4be5f24-3e15-4f6f-b956-5b4a79f2f633,Pengguna Google,"Jaki saat ini jln semakin bersih, tamannya rapi & teratur, fasilitas transfortasi ada jaklingko, bus way, sarana bermain & olah raga cukup banyak, pelayanan administrasi dukcapil satu pintu makin mudah & cepat.",5,21,2020-03-10 22:15:42
0218ae8f-d473-4465-a3af-be2a9d007bb3,Pengguna Google,Barokallah,5,0,2020-03-10 20:44:32
b02fca96-4557-4320-b8c0-2f68b7213340,Pengguna Google,Setiap psn(pemberantasan sarang nyamuk) bekerja sama dgn kecamatan dan kelurahan... Menambah wawasan buat kader y... Dan bs berbagi ilmu tentang kesehatan dgn warga setempat... Psn jln trs.. Insya Allah penyakit berkurang.. Aamiin.. Jakarta bersih.. Warga y sehat.. Cerdas dan makmur...,5,0,2020-03-10 19:16:21
13bac6db-1d99-4f74-b9f0-60b13089508e,Pengguna Google,Maaf blm bisa isi survey krn ada aplikasi yg hrs dihapus,5,0,2020-03-10 17:54:19
3f5a750e-53da-4d8c-b398-98fefad10558,Pengguna Google,Para aparat kelurahan ciganjur sangat tanggap apabila ada keluhan dari masyarakat,5,0,2020-03-10 16:56:43
042cb58c-66e8-408d-b3fd-56da4276fa2c,Pengguna Google,Semakin baik pelayanan n infonya cepat di dpt,5,0,2020-03-10 11:46:30
5da5e879-0d99-4793-b7d8-97df7023d709,Pengguna Google,Baik,5,0,2020-03-09 12:28:29
2e18a206-762b-4d37-8ba4-1fa6d5b2e9b8,Pengguna Google,Good,5,0,2020-03-09 09:55:11
8c182d42-fd57-43f2-9721-3e9f144852fb,Pengguna Google,Sulit mau masuk ke jaki survey,5,0,2020-03-08 21:35:03
379e8402-4863-4145-8149-f0443aa73b50,Pengguna Google,Aplikasi Yng sangat Membantu Dan Bermanfaat Untuk Rakyat.. Khusus nya Warga Dki Jakarta..,5,2,2020-03-07 22:17:01
f81fe45b-4568-4138-a0e4-46c8e30fd0fe,Pengguna Google,Sangat membantu,5,1,2020-03-05 14:57:05
73d9af22-39cb-461d-8319-1269bc8712ce,Pengguna Google,Smart,5,0,2020-03-04 13:57:28
8aaa6f30-eb78-4b5e-a234-c9b5ed2a5fe3,Pengguna Google,"Aplikasi yg bagus, terimakasih JAKI",5,1,2020-03-03 08:32:33
9a1352d5-4870-45dc-975b-ba62d743ad05,Pengguna Google,"Aplikasi yang tidak efektif ,sy sebagai warna Jakarta sanggat menyesal download aplikasi yg tdk efektif contoh kecil pengaduan kita lama di approv .trus buat petugas yg lalai nya yang ASN tidak ada efek apa"" dan tdk ada sangsi .mohon deh gubernur nya tau langsung dilapangan sekarang layanan publik seperti puskesmas seperti apa jgn manis di depan pimpinan dan media aja. Tp nyata nya kaya sinetron ,bnyak petugas ASN yang masih zolim tidak amanah.makasih",1,15,2020-03-02 16:03:16
5bf38ef5-cc7c-4e62-9ab4-e71196c625f9,Pengguna Google,bagus utk kontrol kinerja ..,5,1,2020-03-01 18:54:53
f2d6faa1-004a-4d76-92e4-b2c0497d68a2,Pengguna Google,Semoga bermanfaat,5,2,2020-03-01 06:56:14
a689efa7-dfd4-4de8-bc03-8a746dbe96ad,Pengguna Google,Cb dulu klo di respon tmbah lg,2,1,2020-02-29 14:05:37
1cec527b-dfe8-4191-81fb-e93e25c04671,Pengguna Google,Bagus sangat membantu,5,0,2020-02-29 11:02:26
3491e78a-ba4a-408b-8304-e745e6a80b3a,Pengguna Google,"Mohon info,apakah applikasi ini jg menjadi wadah atas laporan jalan kecil yg mengalami kerusakan?",4,6,2020-02-28 14:27:40
78f31049-6abc-4f61-a192-dbb7bdbdca3d,Pengguna Google,"Maju terus untuk para petugas yg terlibat disini, the best and the best",5,0,2020-02-26 23:09:47
3118e21a-d0e8-47cc-8332-44874f607207,Pengguna Google,"Mempermudah informasi tentang jsemua keadaan kegiatan di jakarta, trimakasih pimprof DKI JAKARTA",5,1,2020-02-26 20:56:42
e19cd69e-cbe7-4fb5-b622-9226fa746362,Pengguna Google,Malam pa lapor lampu di Bandengan Utara kalimat dekat galon ah padam trimakasi,3,1,2020-02-26 19:35:50
fe07254f-77dc-4249-b07b-16a984e79a05,Pengguna Google,Kren....,4,1,2020-02-25 23:18:02
43039ee7-803a-4fad-849a-ca91125f7d57,Pengguna Google,"Sangat 👍🏻, kalau bisa +cctv online 😳😂, TQ",5,1,2020-02-25 19:41:22
332a5b89-6246-42a5-a60d-c779fc43dc3b,Pengguna Google,Goodbener pak anies .. membantu banget aplikasi ini.,5,0,2020-02-25 16:58:48
8f9e893e-ef72-4a27-aeea-d069fcfe7ddd,Pengguna Google,Keren respon ny sangat cepat Sesukses selalu,5,1,2020-02-25 16:57:05
eeab0313-e5ea-4bed-961c-2fee560eec50,Pengguna Google,Very good,5,0,2020-02-25 11:23:28
d939a287-8991-481a-854f-76a8689af584,Pengguna Google,Sangat membantu dan bermanfaat,5,1,2020-02-23 07:35:57
eead6096-7e30-4dae-a2f7-f013e01bd222,Pengguna Google,"Kolom notifikasi dinas SDA mulu, ini aplikasi nya dinas SDA x yaa, jadi buat laporan kerja dinas SDA",1,7,2020-02-21 16:24:12
6dc783fd-1eb9-4fbb-be86-ff17616d0501,Pengguna Google,Apa nama pengadu tidak di munculkan untuk keamanan si pengadu?,5,4,2020-02-20 17:24:31
d013e00f-2746-4a21-b08a-441e4776619e,Pengguna Google,Sangat bermanfaat membantu terutama kondisi Jakarta teruodate.,5,0,2020-02-20 13:43:05
7dcc5e7a-e815-4757-933a-f51c65daa95f,Pengguna Google,Aga sulit mempergunakan jaki untuk partai banjir dan jaksurvai tidak mau valid,5,1,2020-02-20 08:30:37
329e28f1-460e-456e-a6b7-b53959438e83,Pengguna Google,ok,5,0,2020-02-17 06:09:00
be6a0a40-25a9-405c-a858-27ed1e1f6266,Pengguna Google,👍,5,0,2020-02-15 14:25:56
23b365af-4d67-4e10-b397-7735d2e24e27,Pengguna Google,Mantap,5,0,2020-02-15 06:44:45
605e94a0-55e7-4713-8366-d516ff5add1b,Pengguna Google,Top dah,4,0,2020-02-13 21:12:00
02123374-9277-45ed-84c1-2278ed252a62,Pengguna Google,Bagus,5,0,2020-02-13 10:03:42
3887d82b-53ca-49e6-b896-5c029fdf0aed,Pengguna Google,Semoga app ini membantu,4,0,2020-02-09 16:11:10
bab9fc0f-68ed-4e76-9375-24fb4da28717,Pengguna Google,Bagus infonyA update,5,0,2020-02-09 13:24:53
5907ee7b-a1ec-410d-a9a3-a0b53006405e,Pengguna Google,Adesetiawan,5,0,2020-02-07 12:04:16
2370ea69-80ac-4fc4-9e65-a22e2789e046,Pengguna Google,Semoga saja setiap pelaporan cepat di respon oleh Dinas terkait isi laporan.,4,0,2020-02-06 00:08:31
454389d8-1f3a-4f88-8220-3d1470ca7955,Pengguna Google,bagus,5,0,2020-02-05 06:05:16
7b7e48a0-b986-4511-98d2-9d7b8d7bb140,Pengguna Google,Baik,5,0,2020-02-04 21:26:58
3454da44-9f3d-480c-9aec-81dbdbfa03e2,Pengguna Google,Cukup bagus menambah wawasan untuk DKI jajarta,5,1,2020-02-03 22:03:20
7585e8b4-c8df-4ee3-83bf-20b6287f077c,Pengguna Google,Good,5,0,2020-02-03 10:35:48
e6549a00-7150-46ba-b9f5-fcedc9837cdb,Pengguna Google,Berguna sangat ni aplikasi.. Jakarta makin membaik karena dibantu app ini,5,2,2020-02-03 01:54:09
3bd874dc-5e77-4d04-a5a1-28410c070c1f,Pengguna Google,Jakarta kalo hujan banjir,1,0,2020-02-02 15:18:40
a6699d45-9038-4ee8-bf8f-d897f34b18ab,Pengguna Google,Good,5,0,2020-02-02 09:23:22
e4f61c6c-9aa0-48b2-a366-f56397baff15,Pengguna Google,Oke oce,5,0,2020-02-02 08:29:44
1fb262c8-6544-4eb2-931f-f99e6182528d,Pengguna Google,Sinerja antara camat da fkdm menyatu,5,0,2020-02-01 12:28:19
49f503e5-874e-47a9-9055-dea8ce6bb671,Pengguna Google,Baru hanya sebagai news blm bisa jadi solusi permasalahan dlm layanan publik.,3,0,2020-02-01 10:31:11
c749e3f7-f731-4854-add5-98e92ba9f762,Pengguna Google,Sangat membantu tapi indentitas pelapor via apk rahasinya terjamin apa tidak sih,5,1,2020-01-31 16:05:10
2b1a9478-ef06-4dfc-aec3-8836a8f4a05a,Pengguna Google,Mantap,5,0,2020-01-30 21:55:32
35559ca7-239d-4e10-9dd5-197878858933,Pengguna Google,Bagus,5,0,2020-01-30 08:57:09
669bdaa8-bf60-473c-9d51-f3d1ba880232,Pengguna Google,"dengan smartphone, ""goodbener"" pak Anies beserta jajaran pemprov DKI memberi ruang aspirasi kepada warga DKI , juga dilibatkan ikut berinteraksi-berpartisipasi menjadikan kota Jakarta semakin menjadi smart city : maju kota nya , bahagia warga nya..",5,24,2020-01-29 23:04:35
4cf6e50d-ca6f-4c0b-aa79-6848df75cca4,Pengguna Google,Bagus,5,0,2020-01-29 15:50:59
212e2337-072a-469f-b93a-0059ae2c9ca1,Pengguna Google,Sdh baik sekali,5,0,2020-01-29 15:24:52
a1c132fc-e598-40a8-a18b-ea022cc16472,Pengguna Google,Sangat membantu untuk melaporkan hal hal yang melanggar peraturan,5,3,2020-01-28 22:37:39
b17a026c-47df-4b35-89d8-6f281920fffb,Pengguna Google,"Nice App, Terus Tingkatkan dan Tambah Terus Fiturnya, Semoga Tindak Lanjutnya Sangat Cepat di Proses Oleh Seluruh Rekan-rekan yg Bertugas",5,6,2020-01-28 22:23:19
9fa06464-db75-4cab-a0d0-c8b24b93ea0d,Pengguna Google,Kepada pemprov dki tolong apakah aplikasi ini bisa tidak di perbarui lagi sistemnya untuk memantau bani ormas agar tidak lepas kendali cckkuuaakkzzz,5,0,2020-01-28 11:50:03
fc2c05cf-3149-4243-8cbe-7bd8058ceb38,Pengguna Google,bagus,5,0,2020-01-28 07:07:35
f04a4f03-f00d-4209-a947-8a971ed51197,Pengguna Google,Bikin surat kmatian brapa hari sih???? Sdh 3bln saya buat ga jadi2 ??,1,3,2020-01-27 16:07:38
e16aa4c5-c389-4a80-a89e-f4c76bffbc05,Pengguna Google,Laporan langsung di respon,5,0,2020-01-26 20:24:03
a7068a81-bc93-4246-95f3-5ae83c664996,Pengguna Google,"gue kasih bintang full semoga tembus dan di baca sma gubernur indonesia,pak tolong dong di tindak lanjuti untuk para bawahan bapak terutama petinggi pasukan orange,saya warga jakarta asli pak,mau ngelamar kerja di pasukan orange,di pinta duit dlu untuk memuluskan supaya masuk anggota orange kaga tanggung2 yg di pinta 10 juta pak,sya ini mau cari duit bukan buang duit tolong pak masalah ini jngan di anggap seepele trimakasih",5,3,2020-01-26 20:21:09
953234e6-301b-4838-9852-f2490385d45b,Pengguna Google,"Di dpn rumah saya di rawamangun muka selatan ada warga yg membangun rumah untuk peruntukan rmh kost dgn tinggi 4 lantai..tanpa mengantongi IMB dan posisi di dlm gang. .dan bangunan tsb sangat maju ke dpn jln,melewati bahu jln dan got.. sptnya pemiliknya tdk perduli sy sdh membuat laporan ke kntr kelurahan dan sdh di tindak lanjuti oleh citata dan bangunan tsb di SEGEL. tp segel tsb di turunkan pemilik rmh dan di bangun kembali..mohon penjelasannya yg jelas sdh meyalani aturan bangunan di dlm gg",5,9,2020-01-26 16:49:58
f4d8d7f5-df1a-4a3c-b093-40f05ce41681,Pengguna Google,jaki sy ga bisa knpa ya mau survei ga bisa,5,0,2020-01-26 10:14:40
bc99c41d-1e4a-4fee-baa9-45e54fc6a1b2,Pengguna Google,Bagus bermanfaat,5,0,2020-01-25 11:22:03
f8fdf4d4-92a7-4ae4-aab9-ce66d6041b87,Pengguna Google,"Lebih bagus pakai toa,, buat masyarakat yg masih awam",1,4,2020-01-24 19:59:47
922268e0-613e-4f4a-ad53-ca911f97d0a7,Pengguna Google,"membuat Karya bersama warga kelurahan rawamangun, kaligrafi kulit telur",5,0,2020-01-24 16:33:05
19bbefd9-0182-4fc1-bd53-816e1e3a03d6,Pengguna Google,The best pokok nya,5,0,2020-01-24 11:17:26
606bd6f8-d0d6-4c71-ac57-ecb682065c72,Pengguna Google,Bagus,5,0,2020-01-24 10:45:51
8f880f2c-e317-4076-86c4-2d991e25ce2c,Pengguna Google,Yes ok,5,0,2020-01-24 08:53:05
088efeb1-5cd4-4d42-99cc-38ff71825223,Pengguna Google,Bagus,5,0,2020-01-24 01:24:05
6ee4ff3b-9ff5-4727-bb45-916b94af311a,Pengguna Google,"Secara keseluruhan,sudah mulai lebih baik Terutama dikelurahan ceger,cipayang jak-tim",3,0,2020-01-23 21:49:30
63c2492d-9a57-42b7-bffb-a740ff6f20ef,Pengguna Google,Sangat puas sekali,5,0,2020-01-23 18:09:30
2ec965df-3ffe-4441-8096-3a62c9e58bf3,Pengguna Google,Bagus,5,0,2020-01-23 17:02:04
42234145-dd08-422e-b0a3-f387a55316f3,Pengguna Google,Ok,4,0,2020-01-23 14:30:36
17242cff-c7e3-4217-a600-f83692fb1825,Pengguna Google,Ok,5,0,2020-01-23 13:49:29
2aa99391-cacc-48ba-93ca-0991bee1e643,Pengguna Google,sangat mempermudah kerja RT RW dan dengan cepat mengetahui keadaan Jakarta saat ini,5,5,2020-01-23 08:47:11
dfc2bf40-63c7-4f97-b557-76c2de3be553,Pengguna Google,Mantap,5,0,2020-01-22 21:33:08
435f00da-085a-4855-a1cf-24f9f91eaa1b,Pengguna Google,Bisa pantau dan laporkan apa yg sedang terjadi di Jakarta..,5,6,2020-01-22 11:40:36
c30d31d1-61a9-400c-820d-316ff6940706,Pengguna Google,Good,5,0,2020-01-22 09:35:49
3cb650ca-fbd3-4ce3-afa3-910ae6b57173,Pengguna Google,Aplikasi JAKI mantaab.,3,0,2020-01-21 19:16:09
aba8785a-a369-4af6-86d2-b35d5fa85bcb,Pengguna Google,Bagus,5,0,2020-01-21 17:38:49
66943c82-4b84-4093-a30a-3af075603610,Pengguna Google,Good,5,0,2020-01-21 10:39:06
ada41ea4-2bd5-4b9e-aeae-e005b4f43a9f,Pengguna Google,aplikasi sudah cukup bagus,5,0,2020-01-20 13:22:20
98a5f6a8-2cd6-4d7c-906f-474ddca1129e,Pengguna Google,Xexxxxxxzzxzxzd Des,4,0,2020-01-20 09:18:15
d0c888b4-055d-4728-95d6-e6ec292ac239,Pengguna Google,Quick respond👍,5,0,2020-01-20 02:37:23
2be8d5b3-dcc9-44e0-84cd-3e0ab1fbddbc,Pengguna Google,lebih cepat dalam pemberian informasi,5,2,2020-01-19 21:34:00
962c2bfd-9980-44c7-8bd9-4bf5038524d6,Pengguna Google,Siippp...,5,0,2020-01-19 20:56:08
ea72e139-1b83-4149-883d-2cf2267b31d2,Pengguna Google,Mantap....pantau langsung,5,0,2020-01-19 17:54:13
123e8dad-6161-4851-bc98-b46937269c87,Pengguna Google,Bgus,5,0,2020-01-19 13:22:06
f20eaff4-7cae-4034-b42a-a1639176f6ca,Pengguna Google,"Dengan adanya Jaki,, saya bisa tahu keadaan dan situasi Jakarta",4,5,2020-01-19 13:06:41
1c7aefcc-7e4b-4439-a620-b54fa4e65e7a,Pengguna Google,Alhamdulillah semua masyarakat merespon baik dgn adanya jaki _jakarta kini mudah 2 Allah melindungi jakarta melalui pemrop Dki akan lbih baik lagi,1,0,2020-01-19 08:56:59
da9fd0cb-535c-4e56-97e9-aa607e0cd235,Pengguna Google,Informasi sangat brmanfaat.,2,0,2020-01-19 07:49:42
896d436a-d375-406a-b1af-f1866373b8b5,Pengguna Google,baik terimakasih,2,0,2020-01-19 03:01:54
fd38f760-2572-4081-8d9d-9b3612ac194a,Pengguna Google,Mantul DKI Jakarta,5,0,2020-01-19 02:50:06
8a9541a4-2c8e-495b-883e-11c3694e91c9,Pengguna Google,Ok,4,0,2020-01-18 21:04:48
47b3cc7d-18b2-4e6f-94f9-4f43c475af91,Pengguna Google,sangat membantu lingkungan .,5,0,2020-01-17 22:26:59
3aae639b-9e7d-421f-8b21-8698dcd48e26,Pengguna Google,keren,5,0,2020-01-17 21:43:22
00cf18f7-3e9f-404c-8adb-8622b0b1931c,Pengguna Google,Khairiyah CAWANG,5,0,2020-01-17 14:52:29
3e63c24f-d774-4e2a-8239-03291868edbc,Pengguna Google,Aplikasi yang sangat bermanfaat buat warga jakarta,5,2,2020-01-17 13:57:24
f262866a-ec2f-4e18-a986-56ccff45bbcd,Pengguna Google,Bagus bisa mengetahui wilayah DKI dan sekitarnya.,5,0,2020-01-17 13:06:41
6f1d362d-2998-425a-9229-09abee9dfed9,Pengguna Google,Lumayan,3,0,2020-01-17 11:36:33
aba8d87f-ed1c-4778-a01e-cf56aafde7f1,Pengguna Google,Oke proyek proyek proyek,5,0,2020-01-17 11:26:24
c87ad966-cdfb-4816-99b3-f643c8af7072,Pengguna Google,Keren bisa mengetahui dan mengambil pembelajaran dari para warga Indonesia,5,0,2020-01-17 10:04:51
7c1625df-1cc4-44d2-b30e-36cfcb619995,Pengguna Google,Pertama agak lemot untuk jaksurveynya,5,1,2020-01-17 09:28:01
416cb920-fbbf-4f03-8167-fdbee9c00099,Pengguna Google,👍,5,0,2020-01-17 00:15:22
9bcd1637-6ac9-46fe-b7cf-806357e43900,Pengguna Google,Sangat membantu,5,0,2020-01-16 20:47:15
57b6538a-5640-47f9-904e-4183f495d5b9,Pengguna Google,Baik,5,0,2020-01-16 18:06:31
1246ce53-a5f1-4d04-9569-773c28694edd,Pengguna Google,Teruslah berinovasi untuk Jakarta yang lebih baik lagi,5,0,2020-01-16 17:05:48
4f742c52-3321-4429-b7f2-c1da885d8d2b,Pengguna Google,Kasih 3 bintang dulu krn baru masuk ke ke akun.Jaki,3,0,2020-01-16 16:58:24
26c2a6f6-e916-4868-b0b1-0a2a2a7bce63,Pengguna Google,"Aplikasi bagus sesuai kebutuhan warga jakarta, thank you",5,3,2020-01-16 14:10:00
ce27baf1-2f89-4d0c-ac44-710a09ae55b2,Pengguna Google,Proposional,5,0,2020-01-16 12:58:43
2370c7a1-100d-49d0-8359-fb84fa51427d,Pengguna Google,Bagus aplikasinya,5,0,2020-01-16 11:04:54
910e9875-421f-40d0-b4b2-e813412fb9c5,Pengguna Google,🤩,5,0,2020-01-15 22:59:27
e0f480ef-6695-4406-bc50-54c22b761c32,Pengguna Google,Aplikasi yg sangat membantu warga,5,1,2020-01-15 22:00:00
0237405b-1c4d-46fa-b6d1-657901a14585,Pengguna Google,Bagis,5,0,2020-01-15 20:42:09
083582a2-b365-430d-bd92-290252a18a26,Pengguna Google,Segalanya akan lebih cepat dan adanya komunikasi antara bawah dan atas,5,0,2020-01-15 20:13:05
408eeeca-2ae2-45da-b519-c7fced6ea770,Pengguna Google,Pernah kami mengirim gambar yang Memposting foto lingkungan dalam kondisi pasca banjir tetapi situasi kondusif aman..??,4,2,2020-01-15 18:30:11
0a594d84-a3d7-4f0d-be92-f14a08e3e620,Pengguna Google,Jaki kita/005/05. Gx bisa.,4,0,2020-01-15 17:18:06
43f8abbb-c572-41b5-a46e-a2a3e26eb49d,Pengguna Google,Ternyata mendapat info yang lebih baik,5,1,2020-01-15 15:30:21
5f9d6a1d-8202-4800-9e72-88787703ca2e,Pengguna Google,Ok,5,0,2020-01-15 15:15:47
ef059396-6a19-40b6-8fb0-bb840a0774fc,Pengguna Google,"Praktis, utk menyampaikan aspirasi",5,3,2020-01-15 14:47:17
41a6cfa2-94f1-4cfc-9498-7da299a5156b,Pengguna Google,Aidah,1,0,2020-01-15 11:24:22
699a4e1e-b29d-4ca2-98a6-f78859bff3a9,Pengguna Google,"Baru tahap penjajagan dua bintang dulu, ditambah bila cepat tanggap",2,13,2020-01-15 10:40:13
899cb7ab-4f3e-447d-8faf-5890544b7878,Pengguna Google,Bagus sekali...jd masyarakat bs lgs melaporkan ke pihak yg terkait....jd tdk ber tele2...hrs ke RT...RW...kelurahan Suka lamaaaa.....birokrasinya,3,6,2020-01-15 10:39:29
9aae2e37-7f53-4bef-a828-dc3113c05f45,Pengguna Google,Sistem informasi yg berguna untuk kemajuan kota,5,2,2020-01-15 09:29:14
b70cd753-be4e-4294-bbee-ed8ac38f0d5d,Pengguna Google,Ga bisa isi survey,1,1,2020-01-15 09:02:37
6ae29641-2134-44c4-88b2-322aa3b4138b,Pengguna Google,Cukup baik,4,0,2020-01-15 01:01:20
e676d4f8-74d7-4794-807a-90e48b649884,Pengguna Google,Sehat terus pa gubernur dengan aplikasi ini jakarta makin terbuka,5,3,2020-01-14 22:21:32
084dfa0d-a8aa-49b0-905f-a36bfc3bb67a,Pengguna Google,Good,5,0,2020-01-14 20:57:11
d852ec3d-3e50-40a4-9471-484a0bd8b869,Pengguna Google,Jaki like it,5,0,2020-01-14 20:54:42
75472aac-3bbd-4282-9f09-6d7800a2741b,Pengguna Google,Cukup bagus,4,0,2020-01-14 20:46:32
e5e8d1a5-2598-4700-8761-d95ee226b98e,Pengguna Google,Mantab,5,0,2020-01-14 20:27:25
cf4a85d7-27ac-4774-9b24-e4dab4ba6f62,Pengguna Google,Bagus,5,0,2020-01-14 19:29:49
cd2577ce-d560-471e-a8fd-172bc93297df,Pengguna Google,Sangat mambantu untuk laporan pengaduan masyarakat ke pemda Dki,5,0,2020-01-14 18:18:03
88d1ac01-2e20-4330-9d34-a13e86d9a48b,Pengguna Google,Semoga lebih baik lagi,4,0,2020-01-14 18:17:11
a1676b29-d245-4592-a9e8-e9c3e202db39,Pengguna Google,ok,5,0,2020-01-14 16:32:24
d60d1452-5f0e-4433-a532-0df17e500b1d,Pengguna Google,Penanganan banjir bagus sekali sehingga cepat surut,5,2,2020-01-14 14:54:17
425290df-1fd8-4eab-8137-f0a023528ac7,Pengguna Google,Louding lama,3,0,2020-01-14 14:41:32
6dcc1bc2-399f-4563-9c29-3c9814b2ab32,Pengguna Google,Mantab,5,0,2020-01-14 11:59:51
d97b400c-fc1b-4d93-b059-e8da01e60a10,Pengguna Google,Good,5,0,2020-01-14 11:38:04
be01dff1-8fd4-41e3-a1b9-d055614c468a,Pengguna Google,Mantap,5,0,2020-01-14 11:28:17
1bd687f0-3a2f-47cd-b2f7-080b78d38ce7,Pengguna Google,Alhamdulillah dgn ada nya jaki kt jd tau prmasalhn warga jkarta trma ksh pak gubernur sudah mnyediai aplikasi jaki bravo pak anies baswedan 🙏🙏,5,1,2020-01-14 11:24:42
a2f34be0-f3bd-4a4c-84b9-9f2c6e1346ed,Pengguna Google,Top,5,0,2020-01-14 10:45:41
be068685-d1c9-4605-8101-a3eb0afef90e,Pengguna Google,Bagus,5,0,2020-01-14 10:30:03
63097d1f-35ff-4088-a6a2-bfabed0e77ea,Pengguna Google,Sagat bagus buat informasi masyarakat,4,0,2020-01-14 10:17:56
faba08cb-637b-4742-b9e8-5a15dffbae2f,Pengguna Google,Somoga dengan aplikasi ini bermanfaat untuk masyarakat jakarta,5,0,2020-01-14 10:07:42
d6841000-2b4d-4136-92f3-a9a4f99df59c,Pengguna Google,Di,4,0,2020-01-14 10:01:28
1584efb0-d98f-4888-b894-f1b1fd1cc2e2,Pengguna Google,#Anis goodbener,5,1,2020-01-14 09:36:57
bffdbca3-b401-4a56-b15b-41bd082eaf17,Pengguna Google,Membantu sekali.,5,0,2020-01-14 09:29:47
772ec92a-83a4-40a1-b946-db93f669a2c4,Pengguna Google,Bagus Alhamdulillah baik dan lebih banyak membantu. Untuk warga dki,5,3,2020-01-14 06:39:59
b4689b6d-e5fa-430f-b16c-455f297420b5,Pengguna Google,Ok,5,0,2020-01-14 03:51:30
9fff5e31-a2e9-4213-a37b-664ff1c220f6,Pengguna Google,Kerja nyata,5,1,2020-01-13 23:32:04
6e08ec0b-f0de-4ca9-847d-5a264b88e364,Pengguna Google,Tempat curhat yang akurat,4,0,2020-01-13 22:49:16
8cca841b-ff50-482d-9d29-5f8ea64668ea,Pengguna Google,Ok,5,0,2020-01-13 21:38:22
ce562a77-3825-46b6-ae53-2d096e6620e9,Pengguna Google,Memuas kan dan tepat waktu,5,2,2020-01-13 20:07:54
ef9f5cba-2d63-4e8c-87c9-59401f0f6839,Pengguna Google,"Tentang jaki, suami, anak2 dan tetangga lingkungan saya infokan untuk membukanya. Peta lokasi banjir DKI sudah saya share, dan dapat dirasakan bermanfaat.",4,5,2020-01-13 20:04:47
9f325a0a-18ed-4dc6-bd09-c6e5d39383e9,Pengguna Google,Mantap,5,0,2020-01-13 19:01:09
8c46eb35-d2d5-4abe-81fb-274fb8d3d70b,Pengguna Google,Bagus,5,0,2020-01-13 18:32:09
fa3a4c74-67af-4b08-bfec-095422c0851f,Pengguna Google,Oke,5,0,2020-01-13 17:46:35
7eb19020-30df-48ee-b0ad-43a61514bdf8,Pengguna Google,Gak bisa ngisi survei..selalu survei tdk tersedia..masalahnya d mna yaa,3,4,2020-01-13 17:05:01
93526366-e50a-420f-90b6-904fa338745b,Pengguna Google,Sangat bermanfaat,4,0,2020-01-13 15:05:42
177d9885-8d03-4d70-95cf-80b1733ce786,Pengguna Google,bagus,5,0,2020-01-13 15:01:48
974c778f-14af-4335-9423-0f57a3777c63,Pengguna Google,bagus,5,0,2020-01-13 14:51:13
37187880-0f3f-4343-a313-c88b21c8475a,Pengguna Google,Mantap,4,0,2020-01-13 14:22:10
f3deb84a-5d33-4240-b4a1-e1c4e405f625,Pengguna Google,Alhamdulillah pake aplikasi jaki permasalahan di jakarta bisa teratasi dengan baik,5,6,2020-01-13 13:42:58
6d860195-2da8-48ea-a303-54545cf043fe,Pengguna Google,Alhamdulillah bang anis gubernurnya nyaman warganya,5,1,2020-01-13 13:13:15
63c70cb1-8d6f-45aa-91e5-bc5b3a24ee35,Pengguna Google,Saya belum behasil melihat hasil survey,5,2,2020-01-13 13:11:51
98d47be8-95e0-43ba-a182-aa2408b55f5b,Pengguna Google,Jaki oke,5,0,2020-01-13 12:36:45
d0c60399-6404-4eb2-bdd4-7afbc50153cf,Pengguna Google,Sangat bagus sekali,5,0,2020-01-13 09:50:54
759cefad-d627-4441-8d79-583a9b944f42,Pengguna Google,Oke,5,0,2020-01-13 09:50:37
8aae064f-d736-44f0-9d9c-f7cdeb8d3e25,Pengguna Google,Jaki sangat membantu sekli dan sy salut kepada pemda dki jakarta.telah membatu tuk memudahkan laporan tetima kasih pemda dki,5,0,2020-01-13 07:52:56
c1ed5d92-0570-4064-85cd-c4e5aac3066d,Pengguna Google,bagus,3,0,2020-01-13 07:18:43
0803bcba-557d-4b40-966d-70d972541869,Pengguna Google,Masih ada laporan yang belum slesai di proses padahal sudah lama banget,4,3,2020-01-13 06:03:02
d76e56fd-a87b-451a-b2d4-db2bcbcbceb1,Pengguna Google,Dengan adanya aplikasi JAKI kita dapat mengetahui permasalahan di jakarta.,3,9,2020-01-13 01:12:16
47788b4f-cf97-44fc-8275-878cf7d6c905,Pengguna Google,"Aplikasi Jaki sekarang benar benar keren, kaya fitur... Meskipun bukan jadi aplikasi yang pertama tapi dengan semua fitur ini, Jaki layak disebut sebagai gebrakan pak Gubernur dalam penyediaan layanan informasi berbasis digital dan juga pelayanan terhadap masyarakat",5,38,2020-01-13 00:39:34
43732c00-dc93-42f3-985d-a14849b16510,Pengguna Google,Bagus,5,0,2020-01-13 00:22:38
45bb6d30-c0f0-4776-8c47-afc09a66b252,Pengguna Google,Alhamdulillah..berkat gubernur yang sangat peduli dengan keadaan warganya..maka dengan bertahap tapi pasti masyarakat merasakan kesejahteraan hingga lapisan masyarakat yang paling bawah.. Apalagi dg digalakkannya pendidikan dari Usia Dini yang kelak menjadikan orang2 yg cerdas dan succes..💪💪,5,55,2020-01-12 21:58:45
688d390b-a093-49ce-a32b-fb5f98f67a70,Pengguna Google,Cukup baik,5,0,2020-01-12 21:49:58
3de8e326-3efe-445a-a343-b56bb0909bf3,Pengguna Google,good,5,0,2020-01-12 21:40:46
1650b9d5-353b-4e79-ac1c-c57ecdacb60a,Pengguna Google,Mantap,5,0,2020-01-12 20:58:23
4c47832d-a755-48c0-ac5f-0f61fcaa5225,Pengguna Google,baik,5,0,2020-01-12 19:53:42
15c7101c-64d2-4764-a79c-e65494a06088,Pengguna Google,Ok,5,0,2020-01-12 19:38:34
25094805-27e4-49f6-88cd-7ba97b0f42ea,Pengguna Google,Mantul,5,0,2020-01-12 19:26:39
83709e9f-3d64-433a-a314-ba5e204f11e8,Pengguna Google,"Sangat puas dengan adanya aplikasi jaki ini, sehingga masyarakat mudah untuk membuat keluhan dan laporan sesuai kebutuhan,...",5,11,2020-01-12 19:24:35
b0a62cb8-2408-4fcb-aab4-ef88bf8450dc,Pengguna Google,Semua lebih gampang and praktis dlm menerima info dan menyampailan semuanya,5,1,2020-01-12 19:02:39
e3f6121f-44cf-48fb-aa09-63312cab4234,Pengguna Google,U masalah lampu jalan / lingkungan ( PJU) itu masuk ke katagori apa ya?,5,10,2020-01-12 18:52:36
9e39563e-458e-4eca-88d2-dd1c2cc970f1,Pengguna Google,Cepat dapat informasi dengan jelas terimakasih,5,4,2020-01-12 18:28:01
532e998d-9ff6-49fc-8c20-899244959167,Pengguna Google,Harus oke setiap saat .. Trimakasih ..,5,1,2020-01-12 18:09:40
e0cbbc7d-3b8c-49ba-8684-7e77881db1f8,Pengguna Google,Aplikasi yg cukup bagus,5,4,2020-01-12 17:43:03
fcea2cc7-7f55-4c7f-b86c-a8bb5f9990ca,Pengguna Google,Susah masuk..???,1,0,2020-01-12 17:39:52
3e9e1ceb-345b-48b9-9419-25b366e62466,Pengguna Google,Bingung,5,0,2020-01-12 17:30:59
df9ad0e3-4203-456d-910a-1c9a815129b8,Pengguna Google,Keren dki,5,0,2020-01-12 17:13:20
14628f4d-88ce-4644-9c60-063b0b957164,Pengguna Google,Informasi berita yang up to date,5,2,2020-01-12 16:45:54
964ffef2-6cdb-45bf-8dba-8a41228124d9,Pengguna Google,Masukan untuk Jakarta lebih baik lagi,5,4,2020-01-12 16:25:09
ee7c025f-7917-4d2c-883c-2201d9874ba7,Pengguna Google,Baru semalem aplikasi di donlod kok siangnya minta update,1,3,2020-01-12 15:28:33
b8316c2a-837a-4c4c-82ad-b86fe4e8a8ac,Pengguna Google,Ok,5,0,2020-01-12 14:09:44
dc40d6da-5b57-4315-b70b-fbfc1243575d,Pengguna Google,Bagus info cepat,5,3,2020-01-12 13:32:58
d1a1c318-4e03-46dd-9ea7-45ad828a3a45,Pengguna Google,Ketua Rt 3 periode,3,2,2020-01-12 13:21:36
51213a44-9cd5-4246-880b-f569743f5513,Pengguna Google,Ok,5,0,2020-01-12 11:34:41
ee211c7b-d807-4eea-bc60-9a34239a2239,Pengguna Google,Di lanjut,5,0,2020-01-12 11:24:13
90308163-3e79-438c-8422-acf67f0c067d,Pengguna Google,Mantaf aplikasiny,5,0,2020-01-12 11:06:08
135dd3e0-ec6a-4b3c-89b5-60602017813e,Pengguna Google,sgt membantu para aparat terkecil n aspirasi warga tuk pelaporan,5,6,2020-01-12 10:48:26
62c30675-1867-4073-9442-c68bfabbfc4b,Pengguna Google,Sangat tepat untuk inforamsi para warga & masyarakat.,5,10,2020-01-12 10:40:22
04ac32d5-b66d-4107-8c59-6a034eff4e21,Pengguna Google,nice,5,0,2020-01-12 10:31:38
e0a01bf6-1e82-4008-a723-e994f9455392,Pengguna Google,Ok,5,0,2020-01-12 10:10:47
f7f5b1ec-537c-4d2c-8792-3d1c12999cf2,Pengguna Google,Ok,5,0,2020-01-12 10:01:36
351dcc56-54b2-4c75-9339-45dde6b9b5fe,Pengguna Google,😀😀😀,4,0,2020-01-12 09:33:19
f476cad0-71ae-468e-a8b2-4133173497e6,Pengguna Google,Sangat bagus untuk informasi jakarta,5,2,2020-01-12 09:08:39
fb76882f-cfbb-440b-866e-5b6e98a81ba7,Pengguna Google,Sukses selau buat gubernur DKI Jakarta dan Jakarta semakin maju,5,5,2020-01-12 08:29:15
bd70ff18-288c-4c58-8f01-665cef046374,Pengguna Google,bagus,5,0,2020-01-12 08:12:59
c528d698-c9c5-463b-b15c-931c17571734,Pengguna Google,"Mantaf aplikasinya, buat laporan pelayanan masyarakat, cepat tanggap petugasnya.. Trimaksih sangat bermanfaat . Kedepannya dibuat lebih lengkap & sempurna lagi.. (Klo bisa ada chatnya antar Kelurahan)",5,28,2020-01-12 07:53:33
9af2d234-65ee-45eb-a51a-72ca63fcaacf,Pengguna Google,good,5,0,2020-01-12 07:36:07
46c69753-cb78-4dcc-a274-7e0c1243fb8f,Pengguna Google,Pas,3,0,2020-01-12 05:58:08
aeff9325-a4fc-42f6-ad3f-f85cbcc3153b,Pengguna Google,"aplikasi abal-abal, ngrepotin doang",1,0,2020-01-10 22:01:37
396f26f1-ab10-472a-864b-f6e01acd66c2,Pengguna Google,Saya tidak bisa masuk ke jaksurveinya,2,5,2020-01-09 14:41:29
39d5fa1c-abb2-4b31-a6a4-9aa8a1ae1dbe,Pengguna Google,Kemodahan untuk informasi,5,2,2020-01-09 00:38:03
4ea4df0b-77a6-4b10-b980-f31723f527bb,Pengguna Google,Blm banyak tau,1,0,2020-01-08 10:29:57
ebd662ca-ec49-45e5-bb2c-d7a52da92a46,Pengguna Google,Bagys,4,0,2020-01-07 11:35:04
7dc2017b-4f9e-4b4d-8151-77d399e1beff,Pengguna Google,Sangat Bermanfaat dan Cepat di tindak lanjuti😊👍,5,3,2020-01-06 04:02:04
31d60a28-5feb-4f0c-8924-c1f10bba36be,Pengguna Google,EXh,3,0,2020-01-05 21:35:03
37718fe9-0b63-42e7-b69a-ddfc8f4d30c2,Pengguna Google,Untuk jaksurvei masih tidak tersedia,2,4,2020-01-04 10:48:05
5dc2f6d4-8176-49e5-86a6-3e33be7cf053,Pengguna Google,Bagus,5,0,2020-01-03 17:52:28
3c65a539-43e5-4844-99b8-578ece33f0ac,Pengguna Google,Perbaiki server'y biar dpt meng input data'g lancar,5,3,2020-01-03 09:53:56
4ca68866-76b2-4a58-be03-ef043e1f3d8a,Pengguna Google,Bagus kok penangananya...!!!!!,5,8,2020-01-03 09:53:48
5944a330-23da-4082-88ab-9911f17fbd81,Pengguna Google,Tingkatkan terus QUICK RESPONSE..,5,1,2020-01-03 00:13:21
3a4f1d9c-d1d1-4f3c-9dca-a2eccbaef94f,Pengguna Google,"Mantap dah, maju kotanya bahagia warganya",5,6,2020-01-02 19:58:42
4bb10481-cbf7-468c-9387-3b07742e008b,Pengguna Google,"Betul2 mantul ! Dengan aplikasi ini semua aduan tentang wilayah disekitar langsung diatasi. Trimakasih JAKI, Pemprov DKI.. terus dikembangkan !",5,34,2020-01-02 16:52:03
dbfac8fe-3903-4ad0-9b9b-003960b8452d,Pengguna Google,"RABU 1 Januari 2020 banjir merata seluruh persada, di rmh kira selutut lebih dr pk 03.00 pagi smp ini hujan masih turun",5,10,2020-01-01 22:36:49
47a13cbc-da7c-44de-8da7-ceb53e6de7b0,Pengguna Google,Sangat puas,5,1,2020-01-01 18:37:10
fe44e203-cafa-45a8-9fda-5a3f40b75d84,Pengguna Google,Aplikasi yg sangat mempermudah masyarakat dlm mengatasi smua permasalahan lingkungan di provinsi DKI. Trimakasih atas aplikasi jaki yg sangat2 membantu,5,24,2020-01-01 08:33:35
35cb8ec0-a29a-4a02-b640-5772748762e3,Pengguna Google,Sistem pengaduan yg mudah dan transparan.. semoga lebih baik,4,6,2019-12-31 19:22:10
d80b019b-abb7-4258-93e9-c7d6d1812432,Pengguna Google,Ok,5,2,2019-12-31 15:55:17
72ec0ece-5264-40f1-95fc-28115ce90f34,Pengguna Google,Good info..,4,1,2019-12-31 14:33:49
56adc6f1-b240-4607-b065-936fc124a6f8,Pengguna Google,Sangat membantu dalam membuat laporan wilayah,5,3,2019-12-31 14:32:10
7b563f99-f559-45e5-b187-9b691561d6a5,Pengguna Google,baik,4,1,2019-12-31 14:30:29
0ccd072c-fe0e-44bd-ba58-2a9c357ab675,Pengguna Google,Halaman reset password nya cacad pas submit gak ada respond.,1,3,2019-12-30 16:07:58
11b935e2-af52-4c03-906d-25f2e7b80668,Pengguna Google,Jelek lama tanggapan,1,2,2019-12-30 09:20:17
8fc6ae30-36fc-4db0-b617-bb9af8053607,Pengguna Google,yaalhamdulillah terimakasih 3,5,2,2019-12-29 11:55:27
6fa03f4f-109d-43c9-8fb2-86e9ab1fe07a,Pengguna Google,Bagus,4,1,2019-12-29 11:28:26
5a25428a-d7fc-4183-a47e-1fa3360970ae,Pengguna Google,Sudah coba daftar dengan 3 akun dengan fix password gagal juga . Aplikasi jakarta aman dan Qlue malah super lancar pdhl jakarta aman masih baru,1,8,2019-12-29 05:00:25
19702d3e-d922-45f8-844b-7cf0f159a8ea,Pengguna Google,Saya sangat setuju sekali jaki,4,1,2019-12-28 23:21:31
dbc07c46-c815-4f17-97a7-56c4829560f7,Pengguna Google,Baik,1,0,2019-12-28 16:48:15
8f5e2cca-11c9-43fe-a58a-b3689610e18e,Pengguna Google,Terima kasih dngn ada nya akun jaki ini jkt lebih terpantau,4,6,2019-12-28 15:21:22
0b5aada0-82b1-4d80-9536-b7d1fcbf6407,Pengguna Google,Bagus sekali,5,4,2019-12-28 15:14:05
b04bd30c-cad5-40fe-bf38-f874c6a16a9e,Pengguna Google,Jarik ya tidak bisa dikli survai ya,3,1,2019-12-28 05:09:35
1969bd21-cee3-4c19-b34b-32871a57d92a,Pengguna Google,ok,5,0,2019-12-27 23:24:49
c8670bbe-8880-4121-b57e-823a23730492,Pengguna Google,Semoga bermanfaat buat warga jakarta,5,2,2019-12-27 21:23:40
932d2e4e-187f-4e58-8a39-558bf7b2c35e,Pengguna Google,Keren,5,0,2019-12-27 21:11:39
cd1c987d-bfc3-4b01-92f4-776d8fbc92ca,Pengguna Google,Sangat berguna bagi masyarakat,5,1,2019-12-27 17:30:11
d7ff09f6-0e22-4b5e-a18f-3a5e61591fc9,Pengguna Google,Puas,5,0,2019-12-27 11:41:10
24ce17ec-7d78-4577-b830-32484f2cfe87,Pengguna Google,Aktivasi akun tidak berjalan lancar entah aplikasinya yang masih blm sempurna atau..... jadi saya blm bisa memberi penilaian kinerja aparatur pemprov dki,1,34,2019-12-27 11:14:40
4aff5df6-a320-44d9-aaac-d51b538b8a7a,Pengguna Google,Baik,5,3,2019-12-27 09:26:35
c12fe954-64d3-4287-af4b-209b326dcf8e,Pengguna Google,Oke,5,3,2019-12-27 08:23:04
361d6c71-9030-4544-b41f-c38e1e350004,Pengguna Google,Oke,5,3,2019-12-26 22:09:28
dd778402-cbc5-484a-a82a-9a10625e1649,Pengguna Google,Jadi ketua rt menyenangkan,4,3,2019-12-26 21:13:02
1d5d91e4-eb09-48b9-b047-6042aa69db01,Pengguna Google,Saya tidak memperoleh list survey hingga saat ini.,2,4,2019-12-26 19:21:05
7e7ceb5e-c1ca-476a-97c5-463e64b86e90,Pengguna Google,Kurang oke,1,3,2019-12-26 13:20:28
034fd4fd-3ab8-442c-b4f2-758149224180,Pengguna Google,Mantab,5,4,2019-12-26 13:16:51
033a505a-23e6-4e80-aff3-42fac1a650a7,Pengguna Google,😵😵😨😨,1,1,2019-12-26 08:51:11
93b803bb-0f27-4c85-943c-bc1924ac1629,Pengguna Google,Bagus kalau dilakukan,5,4,2019-12-26 07:05:28
f739269c-4f96-49b2-97af-1bd4dd772ff7,Pengguna Google,"Keren,tapi ngedownlodnya lama bgt",1,4,2019-12-25 19:55:18
4ed21657-cbee-40ca-b451-efee1b95e5bc,Pengguna Google,Mantaaab,5,3,2019-12-25 19:40:52
3cbc115b-9609-44b8-a866-ee0eba7c07d5,Pengguna Google,Alhmdllh banjir tp cepat surut,5,3,2019-12-25 18:58:44
c900d3c8-e792-48d3-8b2e-7dfec8baf2da,Pengguna Google,Sangat membantu dlm info terkini,5,4,2019-12-25 13:22:54
f4bc6475-0662-4ce4-809d-e704ff39c881,Pengguna Google,Kami memerlkan,5,4,2019-12-24 11:25:38
2b508aea-2235-4849-a56e-118d323a2037,Pengguna Google,Sedang mencoba..... Mudah2 an bisa bermanfaat,4,6,2019-12-23 20:17:37
e75cc1a9-9c5d-4d59-a82c-f46697e7b9d5,Pengguna Google,Tiap buka survei aplikasi selalu force close,1,5,2019-12-23 18:50:06
39758d52-900b-4a0d-b5d9-a15f7bacef05,Pengguna Google,Pelatihan water RESQUE karang taruna Rt 003/04. Kel setu kec Cipayung Jakarta Timur,5,7,2019-12-23 18:24:09
61740216-31e9-4be4-b451-a27e10c4fde2,Pengguna Google,Kader pkk,5,3,2019-12-23 17:57:15
0520f1d3-e0eb-4d63-ae8b-7fe284f8cdcc,Pengguna Google,masyarakat turut dapat berperan aktip dalam menilai kinerja asn,5,4,2019-12-23 17:31:09
56990fbd-7b72-4ebb-8b60-2dda4d4c2c6c,Pengguna Google,Sangat baik,5,4,2019-12-23 16:14:21
1b4a0b1a-be10-421c-8d23-be1d2882f7bf,Pengguna Google,Semoga menjadi sarana informasi yang berkepanjangan dan berguna bermanfaat untuk warga khusus warga dki dan sekitarnya,2,4,2019-12-23 12:44:33
540445b7-0608-4b98-a2f8-2027a2b98dab,Pengguna Google,Bagus untuk pelaporan masyarakat,5,5,2019-12-23 12:15:19
b851ecd3-b705-477c-bdf8-42778290b12e,Pengguna Google,"Tidak bisa isi survey,,",1,3,2019-12-23 10:44:09
9f896a18-659a-4932-b247-c0d2dd48e1a3,Pengguna Google,Sangat puas,2,3,2019-12-23 09:19:25
f49aa7a3-73ae-4684-9acf-5dd92483d77c,Pengguna Google,Sangat mebantu sekali bagi masyarakat,5,7,2019-12-23 00:26:11
31d434d2-421c-425c-86fc-f23d3bc0b8f4,Pengguna Google,Sudah ada akun masih belum bisa juga. Sdh di jabut aplikasi jaki terus di pasang lg masih belum ada respon juga gimana nih...,1,82,2019-12-22 23:24:48
ff4cf08b-8795-4b50-85c5-339452cb9fb0,Pengguna Google,Sangat ok,5,4,2019-12-22 18:53:40
71f2ebf6-1479-49ba-b649-74958758320e,Pengguna Google,Mamtap,5,3,2019-12-22 06:33:23
077e7adc-1be5-42c2-9c5e-f825d3929f9a,Pengguna Google,Kacau,1,2,2019-12-22 03:11:58
97b0c9d1-4ef1-4d9c-808e-e71fa3148bd5,Pengguna Google,👍👍👍 sangat membantu,5,4,2019-12-21 17:21:57
58220d61-acaf-4045-8001-a4451f0efacf,Pengguna Google,"Bisa langsung melaporkan hal"" yg sulit, dan langsung di tanggapi",5,13,2019-12-20 22:02:42
e73a300c-20eb-41e9-93c8-5b7e0cf860c3,Pengguna Google,Belum bisa untuk jak survey,5,5,2019-12-20 10:52:09
cf5dc6bc-6ba5-46ec-b2e3-739d2dc26f98,Pengguna Google,Baik untuk masyarakat dalam hal kontrol dan tindakan kinerja aparatur,4,10,2019-12-20 10:51:12
a98a6009-a02a-45a6-a80b-e5643ee022ff,Pengguna Google,Aplikasiny kurang respon...jaksurvei dan jakISPU tdk bs di buka. Gmn neh solusinya,2,17,2019-12-20 08:43:18
ce059157-0eb4-4c44-a71e-d97c17b8d93e,Pengguna Google,Bagudms sekali,5,3,2019-12-19 17:55:26
8cef3cb4-760a-4685-99d3-c0ed0fa52695,Pengguna Google,Good application👍👍👍,5,4,2019-12-19 05:44:17
75436d85-ce8b-418b-85b5-95595565cdb8,Pengguna Google,Udh ada akun dan ud coba hapus dan download lg tetap tidak bisa mengisi jaksurv nya...,1,18,2019-12-18 15:55:02
0da1bd98-1589-444c-a8bd-86239171b373,Pengguna Google,jadi terpantau terus perkembangan kota DKi mantab,4,5,2019-12-18 14:39:35
3740854f-2c0c-4b1d-87aa-d177fc5e4fe9,Pengguna Google,Jos,5,2,2019-12-18 13:20:44
884ea078-0f0e-4ce3-891f-84435a6b7d44,Pengguna Google,Bagus jakarta maju pesat sekali,5,5,2019-12-18 12:28:51
21658530-d4f6-4eb9-86c2-79b45be94f3d,Pengguna Google,"Alhamdulillah denganbadanya aplikasi ini , semua oersoalan Tentang Pemprov DKI bisa di pantau dan di laporkan ! Semoga DKI ke deoan semakin mantan dan jaya selalu , demi warganya ....aamiin",4,5,2019-12-18 09:54:13
d93ae6cf-00bf-4d44-bd01-7f2eb2fd801a,Pengguna Google,Top banget,5,4,2019-12-18 05:28:14
491d400c-2144-451f-b700-de8b2dff439c,Pengguna Google,Oke lah jaki bisa memberikan informasi yang terkini,5,6,2019-12-17 23:14:10
1e87bc47-094e-4f8c-95af-d43fa2fd7984,Pengguna Google,Bagus,5,3,2019-12-17 21:41:30
3e029d19-c148-43d9-ae78-19144302c792,Pengguna Google,Luar biasa DKI Jakarta Semakin Jaya dan SDM semoga menjdi unggulan NKRI,4,9,2019-12-17 11:46:04
ba91f529-5822-4a30-ae63-38bdf673e598,Pengguna Google,Good,5,5,2019-12-17 10:11:20
3d74cadd-31b2-4069-b428-8c60c4d1e151,Pengguna Google,Good,5,5,2019-12-17 09:14:12
68b82504-8973-4067-9a91-581880098234,Pengguna Google,Aplikasi bagus,5,4,2019-12-17 08:39:08
8e69eaaf-af83-4cc6-8e67-af94c87a6ede,Pengguna Google,Kenapa tidak bisa memberi isi survey ya??,2,10,2019-12-16 19:22:14
9d246422-d1b3-43de-93c9-914f5089d93b,Pengguna Google,Sangat menginspirasi,5,4,2019-12-16 14:12:01
5a78b0f7-fc78-4c25-838d-8aa46b77846b,Pengguna Google,mantep,5,3,2019-12-16 09:40:16
b9f595af-52eb-4fc4-9791-8f231ae8deb8,Pengguna Google,Sy akan mengisi survay kepuasan,5,9,2019-12-14 20:12:04
c913464f-ae37-4057-833b-7372750145f0,Pengguna Google,"Keren, tapi perlu di tingkatin lagi agar bisa di Download diberbagai jenis android 4.4.2",4,23,2019-12-14 15:56:25
7fd304d0-7f58-429a-a728-71c5938bdec6,Pengguna Google,Belum dicoba sih,5,7,2019-12-13 20:13:27
d15cad85-ef48-4105-95d7-7be430ef6717,Pengguna Google,JAKI info terkini kondisi wilayah Jakarta mantaap,5,9,2019-12-13 15:05:52
dda87f46-55e1-4115-bb5f-7d2f8f9f8c15,Pengguna Google,Bagus aplikasinya,5,4,2019-12-13 14:56:05
f778a4bf-36a6-4770-98fd-142f0e0d66a4,Pengguna Google,Aplikasinya sangat membantu,5,8,2019-12-13 12:26:59
9c5246d8-36e4-48c6-80af-3620addf11d4,Pengguna Google,oke,5,4,2019-12-13 11:46:05
ffd8de23-ec22-43d5-8e53-650d172040d4,Pengguna Google,Ok,5,3,2019-12-13 11:38:35
b0032e99-e32f-42b3-89c8-e4d61392cbc4,Pengguna Google,Ok,5,3,2019-12-13 09:45:57
199bea04-1d23-4f47-b271-f52ee2fc9824,Pengguna Google,sayangnya utk survei pelayanan ataupun masalah diaplikasi ini belum ada.,2,32,2019-12-12 22:06:09
e9d71675-3ac6-41a3-9bff-ff5c25ecc058,Pengguna Google,Bagus,5,3,2019-12-12 13:16:54
0172c512-ceae-48cf-86bc-cbd1d954bed7,Pengguna Google,mantab,5,4,2019-12-11 19:41:25
921ce028-2844-4ae2-8b59-679c71cc0c52,Pengguna Google,3 nanti tambahan lagi,3,6,2019-12-10 20:10:42
3b909384-b431-4ca8-a570-1bddedb8966b,Pengguna Google,Baik,5,3,2019-12-09 18:38:51
d0b50ed6-b5b3-4532-a51f-2548950b3fb8,Pengguna Google,Cakep cakep dah n mantap,5,6,2019-12-06 15:52:37
60f31b90-ded7-4eaa-87e2-6429da5d9fa3,Pengguna Google,"Allhamdulillah, dengan adanya Aplikasi ini keluhan masyarakat bisa diPublis dengan baik... semoga Jakarta dan sekitaranya makin Maju dan jaya",5,46,2019-12-03 13:09:22
dc64c713-4309-488d-9a9f-545bf84200f0,Pengguna Google,Good,5,4,2019-11-30 12:02:47
6de5bb3d-1a70-4605-ab0f-7fe5552d7de1,Pengguna Google,Mantaaaab,5,6,2019-11-29 10:56:38
c20da998-7100-4230-8e30-36fae2c8afda,Pengguna Google,Semoga bermanfaat bagi kite.. Orang jakarta,5,13,2019-11-28 22:37:14
2a1851b8-345e-4030-b66d-0eede42a2227,Pengguna Google,Mudah digunakan,5,5,2019-11-28 20:12:53
c7071bba-29ce-4133-8272-e77b5e5385bb,Pengguna Google,👍👍👍,5,4,2019-11-28 15:57:47
0af17266-b3e6-43c1-9402-a5e4e20c648d,Pengguna Google,"Maju kotanya, bahagia warganya",5,5,2019-11-28 15:47:00
484d0a9f-b711-401e-a12b-effae2ed8e3e,Pengguna Google,Good,5,5,2019-11-28 15:34:49
24f3936a-09d6-4ea9-992d-e682b3be22d5,Pengguna Google,BANGGA JAKARTA!,5,6,2019-11-28 15:22:31
65a23977-9adc-4ace-a616-363e3d661019,Pengguna Google,Semoga bermanfat,5,6,2019-11-27 09:16:41
21c561a1-78c7-4db8-a26d-748de0e0ebe1,Pengguna Google,"Maju terus kota Jakarta. Semoga bisa membantu, dan kordinasi, tindak lanjut bisa lebih optimal",5,25,2019-11-26 19:08:17
4239ca30-130c-489c-b24c-2ce214334ab4,Pengguna Google,"Mantap,,,,, harus selalu lebih baik",5,14,2019-11-26 11:07:51
3923a49e-95d4-45fb-a7f1-fc87648f95db,Pengguna Google,"Mantap, maju Jakarta",5,16,2019-11-06 21:14:32
f61f4186-5dd3-4c2b-8949-941b21f5d0ea,Pengguna Google,Jakarta jaya,5,6,2019-11-06 19:49:47
830acec6-2027-4a1d-b498-30f50d841ca9,Pengguna Google,"Coba dulu klo ada tanggapan dari pihak pemprov dki terkait laporan mengenai jakarta ,baru bintang 5 ..... 👍",3,6,2019-11-01 19:19:42
8716aacf-9ada-4b4a-becb-1c1a61570f55,Pengguna Google,Berguna,5,9,2019-10-10 12:43:31
03efd8ee-3280-4fe0-be9f-66d9951c7dcf,Pengguna Google,"Maju kotanya, Bahagia warganya",5,24,2019-09-27 20:14:50
